case,open_time_ms,o,h,l,c
strict_first_37304,1788485760000,29538.75,29542.0,29538.0,29542.0
strict_first_37304,1788485820000,29542.0,29549.25,29540.25,29540.5
strict_first_37304,1788485880000,29540.25,29541.25,29535.75,29539.25
strict_first_37304,1788485940000,29539.75,29540.5,29536.25,29538.5
strict_first_37304,1788486000000,29537.25,29542.75,29537.25,29539.75
strict_first_37304,1788486060000,29540.0,29541.75,29537.5,29538.25
strict_first_37304,1788486120000,29539.0,29542.0,29538.75,29539.0
strict_first_37304,1788486180000,29538.75,29540.0,29534.25,29539.5
strict_first_37304,1788486240000,29540.0,29546.5,29538.5,29545.0
strict_first_37304,1788486300000,29545.0,29545.75,29536.5,29537.75
strict_first_37304,1788486360000,29537.75,29539.75,29536.5,29537.0
strict_first_37304,1788486420000,29537.25,29538.5,29536.0,29537.25
strict_first_37304,1788486480000,29537.25,29537.75,29533.75,29535.0
strict_first_37304,1788486540000,29535.5,29537.25,29531.0,29532.75
strict_first_37304,1788486600000,29532.5,29532.75,29526.0,29530.75
strict_first_37304,1788486660000,29531.0,29531.5,29527.25,29527.75
strict_first_37304,1788486720000,29528.5,29533.0,29528.0,29531.0
strict_first_37304,1788486780000,29531.5,29541.0,29529.25,29535.0
strict_first_37304,1788486840000,29535.0,29535.0,29527.25,29527.5
strict_first_37304,1788486900000,29528.0,29531.0,29523.25,29530.75
strict_first_37304,1788486960000,29531.0,29538.5,29530.5,29538.0
strict_first_37304,1788487020000,29538.25,29548.0,29536.0,29542.25
strict_first_37304,1788487080000,29542.75,29549.0,29541.75,29547.0
strict_first_37304,1788487140000,29547.0,29548.75,29545.75,29547.75
strict_first_37304,1788487200000,29548.25,29548.5,29544.25,29545.75
strict_first_37304,1788487260000,29545.0,29546.75,29537.0,29540.0
strict_first_37304,1788487320000,29541.0,29545.0,29540.75,29544.5
strict_first_37304,1788487380000,29545.0,29547.75,29542.0,29542.5
strict_first_37304,1788487440000,29542.5,29542.5,29539.25,29539.5
strict_first_37304,1788487500000,29539.75,29546.0,29539.0,29544.75
strict_first_37304,1788487560000,29544.5,29545.25,29541.75,29544.5
strict_first_37304,1788487620000,29544.5,29545.0,29543.25,29543.75
strict_first_37304,1788487680000,29543.75,29545.75,29542.0,29542.0
strict_first_37304,1788487740000,29541.75,29547.0,29541.5,29546.25
strict_first_37304,1788487800000,29546.0,29548.0,29544.75,29545.25
strict_first_37304,1788487860000,29545.75,29550.0,29545.0,29549.0
strict_first_37304,1788487920000,29548.75,29553.5,29548.75,29550.25
strict_first_37304,1788487980000,29550.0,29550.25,29545.0,29548.5
strict_first_37304,1788488040000,29548.25,29551.5,29547.5,29550.0
strict_first_37304,1788488100000,29550.0,29550.5,29548.75,29549.5
strict_first_37304,1788488160000,29550.0,29550.75,29547.5,29549.5
strict_first_37304,1788488220000,29549.0,29551.25,29547.75,29550.5
strict_first_37304,1788488280000,29550.5,29551.25,29547.5,29550.5
strict_first_37304,1788488340000,29550.5,29551.25,29549.25,29550.75
strict_first_37304,1788488400000,29550.25,29550.75,29547.0,29549.5
strict_first_37304,1788488460000,29549.75,29553.5,29547.0,29551.5
strict_first_37304,1788488520000,29551.25,29552.5,29550.5,29551.5
strict_first_37304,1788488580000,29550.5,29554.75,29550.5,29553.25
strict_first_37304,1788488640000,29553.5,29556.5,29553.5,29554.5
strict_first_37304,1788488700000,29554.75,29555.75,29552.25,29555.25
strict_first_37304,1788488760000,29554.75,29556.0,29553.0,29556.0
strict_first_37304,1788488820000,29555.75,29556.25,29553.5,29553.5
strict_first_37304,1788488880000,29553.25,29554.25,29552.5,29554.0
strict_first_37304,1788488940000,29554.0,29555.25,29552.75,29555.25
strict_first_37304,1788489000000,29555.0,29566.0,29555.0,29565.0
minsl_cycle27229,1788454140000,29527.75,29533.0,29524.5,29530.75
minsl_cycle27229,1788454200000,29530.5,29532.75,29525.0,29530.25
minsl_cycle27229,1788454260000,29530.0,29532.75,29520.0,29525.5
minsl_cycle27229,1788454320000,29525.5,29525.5,29518.25,29519.75
minsl_cycle27229,1788454380000,29519.25,29521.5,29516.25,29518.25
minsl_cycle27229,1788454440000,29517.75,29523.0,29516.75,29520.5
minsl_cycle27229,1788454500000,29521.25,29526.5,29519.5,29525.75
minsl_cycle27229,1788454560000,29525.5,29528.75,29521.0,29523.75
minsl_cycle27229,1788454620000,29524.25,29540.25,29523.75,29539.25
minsl_cycle27229,1788454680000,29539.25,29548.0,29530.5,29532.0
minsl_cycle27229,1788454740000,29532.0,29533.0,29525.5,29527.75
minsl_cycle27229,1788454800000,29528.5,29534.25,29520.0,29520.5
minsl_cycle27229,1788454860000,29520.25,29530.75,29519.75,29529.5
minsl_cycle27229,1788454920000,29529.25,29530.0,29510.25,29510.25
minsl_cycle27229,1788454980000,29510.5,29515.25,29508.75,29512.0
minsl_cycle27229,1788455040000,29512.0,29519.75,29511.0,29519.25
minsl_cycle27229,1788455100000,29519.5,29520.25,29514.5,29518.0
minsl_cycle27229,1788455160000,29517.75,29519.0,29506.75,29506.75
minsl_cycle27229,1788455220000,29506.75,29508.5,29503.75,29504.75
minsl_cycle27229,1788455280000,29505.0,29508.25,29495.75,29498.0
minsl_cycle27229,1788455340000,29498.25,29499.5,29492.25,29493.0
minsl_cycle27229,1788455400000,29492.75,29499.0,29490.25,29498.25
minsl_cycle27229,1788455460000,29498.25,29501.75,29495.75,29498.25
minsl_cycle27229,1788455520000,29498.75,29499.25,29489.5,29492.75
minsl_cycle27229,1788455580000,29492.5,29495.5,29489.5,29491.0
minsl_cycle27229,1788455640000,29491.25,29494.5,29486.5,29490.5
minsl_cycle27229,1788455700000,29490.5,29497.5,29490.25,29492.75
minsl_cycle27229,1788455760000,29492.75,29495.25,29489.25,29492.0
minsl_cycle27229,1788455820000,29492.25,29499.75,29491.25,29498.25
minsl_cycle27229,1788455880000,29497.75,29500.75,29492.0,29493.0
minsl_cycle27229,1788455940000,29493.5,29498.5,29484.0,29486.5
minsl_cycle27229,1788456000000,29486.25,29486.75,29477.0,29482.0
leg3_LONDON_v1_S2,1788505260000,29582.5,29587.25,29577.25,29587.0
leg3_LONDON_v1_S2,1788505320000,29587.25,29588.0,29582.0,29584.5
leg3_LONDON_v1_S2,1788505380000,29584.5,29586.5,29581.5,29583.0
leg3_LONDON_v1_S2,1788505440000,29583.5,29598.5,29583.25,29594.5
leg3_LONDON_v1_S2,1788505500000,29593.75,29595.25,29584.0,29593.25
leg3_LONDON_v1_S2,1788505560000,29592.25,29595.75,29590.0,29592.75
leg3_LONDON_v1_S2,1788505620000,29592.75,29597.0,29591.5,29596.75
leg3_LONDON_v1_S2,1788505680000,29596.25,29603.75,29595.75,29602.75
leg3_LONDON_v1_S2,1788505740000,29602.75,29605.0,29599.25,29604.75
leg3_LONDON_v1_S2,1788505800000,29605.0,29610.75,29603.25,29605.25
leg3_LONDON_v1_S2,1788505860000,29604.75,29618.25,29604.25,29616.0
leg3_LONDON_v1_S2,1788505920000,29615.75,29617.75,29607.75,29613.75
leg3_LONDON_v1_S2,1788505980000,29613.75,29617.25,29611.5,29617.0
leg3_LONDON_v1_S2,1788506040000,29617.5,29623.75,29616.75,29619.75
leg3_LONDON_v1_S2,1788506100000,29619.5,29622.25,29617.25,29619.25
leg3_LONDON_v1_S2,1788506160000,29619.25,29620.75,29606.0,29619.0
leg3_LONDON_v1_S2,1788506220000,29619.0,29619.25,29614.0,29615.75
leg3_LONDON_v1_S2,1788506280000,29616.25,29619.5,29612.75,29615.75
leg3_LONDON_v1_S2,1788506340000,29616.25,29620.0,29614.5,29617.25
leg3_LONDON_v1_S2,1788506400000,29618.75,29622.75,29615.75,29620.5
leg3_LONDON_v1_S2,1788506460000,29620.5,29622.5,29615.25,29617.25
leg3_LONDON_v1_S2,1788506520000,29617.0,29620.25,29614.25,29617.75
leg3_LONDON_v1_S2,1788506580000,29617.75,29618.75,29613.5,29615.25
leg3_LONDON_v1_S2,1788506640000,29615.25,29619.0,29615.0,29617.25
leg3_LONDON_v1_S2,1788506700000,29617.25,29618.0,29611.75,29612.25
leg3_LONDON_v1_S2,1788506760000,29612.25,29613.5,29608.75,29613.0
leg3_LONDON_v1_S2,1788506820000,29613.0,29633.75,29611.5,29632.0
leg3_LONDON_v1_S2,1788506880000,29631.75,29634.5,29631.0,29632.0
leg3_LONDON_v1_S2,1788506940000,29632.0,29637.25,29631.25,29636.25
leg3_LONDON_v1_S2,1788507000000,29635.5,29641.5,29634.0,29637.5
leg3_NY_v3_S1,1788530580000,29669.25,29678.0,29657.25,29673.5
leg3_NY_v3_S1,1788530640000,29672.75,29674.0,29661.5,29668.5
leg3_NY_v3_S1,1788530700000,29668.25,29675.75,29661.0,29662.25
leg3_NY_v3_S1,1788530760000,29662.5,29674.5,29655.25,29674.0
leg3_NY_v3_S1,1788530820000,29673.75,29674.5,29647.5,29651.75
leg3_NY_v3_S1,1788530880000,29651.0,29657.75,29645.25,29653.75
leg3_NY_v3_S1,1788530940000,29653.25,29658.75,29641.0,29644.25
leg3_NY_v3_S1,1788531000000,29644.75,29654.5,29629.0,29630.5
leg3_NY_v3_S1,1788531060000,29630.5,29638.0,29623.75,29626.5
leg3_NY_v3_S1,1788531120000,29626.5,29626.5,29594.0,29606.25
leg3_NY_v3_S1,1788531180000,29606.25,29623.5,29600.0,29622.5
leg3_NY_v3_S1,1788531240000,29621.75,29652.5,29621.0,29648.25
leg3_NY_v3_S1,1788531300000,29648.25,29649.75,29627.0,29634.5
leg3_NY_v3_S1,1788531360000,29634.25,29642.5,29619.25,29620.75
leg3_NY_v3_S1,1788531420000,29620.5,29631.5,29614.25,29618.0
leg3_NY_v3_S1,1788531480000,29618.25,29631.0,29612.75,29621.75
leg3_NY_v3_S1,1788531540000,29621.5,29624.0,29600.0,29601.25
leg3_NY_v3_S1,1788531600000,29601.5,29606.25,29579.25,29588.5
leg3_NY_v3_S1,1788531660000,29588.75,29608.5,29586.5,29606.25
leg3_NY_v3_S1,1788531720000,29607.0,29612.5,29591.0,29609.5
leg3_NY_v3_S1,1788531780000,29610.0,29610.5,29600.5,29609.25
leg3_NY_v3_S1,1788531840000,29609.0,29609.5,29587.25,29596.0
leg3_NY_v3_S1,1788531900000,29595.5,29602.75,29583.5,29585.5
leg3_NY_v3_S1,1788531960000,29585.5,29588.25,29564.0,29578.5
leg3_NY_v3_S1,1788532020000,29578.5,29586.0,29576.0,29577.0
leg3_NY_v3_S1,1788532080000,29577.0,29592.0,29567.0,29589.5
leg3_NY_v3_S1,1788532140000,29589.25,29598.75,29585.25,29595.75
leg3_NY_v3_S1,1788532200000,29596.0,29598.25,29567.75,29567.75
leg3_NY_v3_S1,1788532260000,29568.25,29571.5,29554.75,29564.25
leg3_NY_v3_S1,1788532320000,29564.25,29579.0,29562.0,29576.5
leg3_NY_v3_S1,1788532380000,29576.0,29584.75,29563.0,29567.5
leg3_NY_v3_S1,1788532440000,29568.0,29569.75,29554.75,29559.0
leg3_NY_v3_S1,1788532500000,29559.25,29574.25,29558.0,29571.5
leg3_NY_v3_S1,1788532560000,29571.5,29587.25,29567.0,29582.75
leg3_NY_v3_S1,1788532620000,29582.5,29590.0,29566.75,29582.5
leg3_NY_v3_S1,1788532680000,29583.5,29589.25,29575.25,29578.5
leg3_NY_v3_S1,1788532740000,29578.5,29588.0,29571.75,29588.0
leg3_NY_v3_S1,1788532800000,29587.75,29587.75,29568.25,29570.75
leg3_NY_v3_S1,1788532860000,29571.0,29577.25,29562.0,29572.75
leg3_NY_v3_S1,1788532920000,29572.75,29574.5,29541.75,29545.5
leg3_NY_v3_S1,1788532980000,29545.25,29547.5,29531.25,29533.75
leg3_NY_v3_S1,1788533040000,29533.75,29541.25,29530.0,29533.5
leg3_NY_v3_S1,1788533100000,29533.0,29544.25,29527.75,29532.25
leg3_NY_v3_S1,1788533160000,29532.75,29540.75,29529.75,29540.5
leg3_NY_v3_S1,1788533220000,29539.75,29540.25,29525.25,29533.75
leg3_NY_v3_S1,1788533280000,29533.5,29539.75,29519.0,29525.5
leg3_NY_v3_S1,1788533340000,29524.75,29527.75,29510.0,29511.0
leg3_NY_v3_S1,1788533400000,29510.5,29526.5,29509.5,29523.5
leg3_NY_v3_S1,1788533460000,29523.75,29535.5,29522.0,29524.5
leg3_NY_v3_S1,1788533520000,29524.25,29528.25,29514.75,29525.5
leg3_NY_v3_S1,1788533580000,29525.5,29532.0,29519.0,29520.5
leg3_NY_v3_S1,1788533640000,29520.75,29525.0,29509.0,29516.75
leg3_NY_v3_S1,1788533700000,29516.25,29526.5,29510.0,29521.25
leg3_NY_v3_S1,1788533760000,29520.75,29524.0,29498.5,29500.5
