week_monday,bias,pos,next_week_ret,target_sign,seg,year,weekly_open,pwh,pwl,close
2019-05-06,bear,-1,-0.008981,-1,explore,2019,11134.5,11250.75,11250.75,10996.0
2019-05-13,neutral,0,-0.017986,-1,explore,2019,10986.75,11203.25,10821.25,10897.25
2019-05-20,neutral,0,-0.017007,-1,explore,2019,10898.5,11027.0,10671.75,10701.25
2019-05-27,bear,-1,0.027188,1,explore,2019,10700.5,10945.25,10654.0,10519.25
2019-06-03,bull,1,0.005391,1,explore,2019,10500.5,10757.25,10515.25,10805.25
2019-06-10,bull,1,0.022714,1,explore,2019,10847.0,10838.25,10326.25,10863.5
2019-06-17,bull,1,-0.005198,-1,explore,2019,10869.5,10986.75,10808.75,11110.25
2019-06-24,neutral,0,0.014273,1,explore,2019,11102.75,11179.5,10866.75,11052.5
2019-07-01,bull,1,0.009679,1,explore,2019,11109.0,11152.75,10968.25,11210.25
2019-07-08,bull,1,-0.010359,-1,explore,2019,11213.75,11268.0,11109.0,11318.75
2019-07-15,neutral,0,0.015801,1,explore,2019,11315.0,11326.5,11102.0,11201.5
2019-07-22,bull,1,-0.027904,-1,explore,2019,11185.5,11360.25,11173.75,11378.5
2019-07-29,bear,-1,-0.003797,-1,explore,2019,11374.25,11410.5,11184.25,11061.0
2019-08-05,neutral,0,-0.004401,-1,explore,2019,11064.75,11390.5,11008.75,11019.0
2019-08-12,neutral,0,-0.009776,-1,explore,2019,11012.75,11097.25,10583.75,10970.5
2019-08-19,neutral,0,0.017145,1,explore,2019,10973.75,11148.0,10747.25,10863.25
2019-08-26,neutral,0,0.015114,1,explore,2019,10812.75,11141.0,10806.75,11049.5
2019-09-02,bull,1,0.002496,1,explore,2019,10975.25,11129.0,10670.5,11216.5
2019-09-09,neutral,0,-0.006914,-1,explore,2019,11217.0,11254.25,10940.25,11244.5
2019-09-16,neutral,0,-0.011575,-1,explore,2019,11224.25,11337.0,11103.0,11166.75
2019-09-23,bear,-1,0.00598,1,explore,2019,11170.75,11310.25,11134.5,11037.5
2019-09-30,neutral,0,0.008263,1,explore,2019,11064.0,11240.5,10977.0,11103.5
2019-10-07,bull,1,0.001943,1,explore,2019,11069.5,11177.75,10811.0,11195.25
2019-10-14,neutral,0,0.013818,1,explore,2019,11189.75,11254.5,10919.25,11217.0
2019-10-21,bull,1,0.010948,1,explore,2019,11212.0,11331.0,11143.25,11372.0
2019-10-28,bull,1,0.008437,1,explore,2019,11384.25,11377.75,11146.75,11496.5
2019-11-04,bull,1,0.005305,1,explore,2019,11500.25,11504.0,11357.0,11593.5
2019-11-11,bull,1,-0.003282,-1,explore,2019,11594.75,11618.5,11497.5,11655.0
2019-11-18,neutral,0,0.011793,1,explore,2019,11655.75,11660.0,11542.75,11616.75
2019-11-25,bull,1,-0.001468,-1,explore,2019,11623.75,11716.0,11567.0,11753.75
2019-12-02,neutral,0,0.008542,1,explore,2019,11760.25,11795.0,11623.75,11736.5
2019-12-09,bull,1,0.016031,1,explore,2019,11737.75,11793.0,11504.75,11836.75
2019-12-16,bull,1,0.006028,1,explore,2019,11844.75,11864.75,11633.25,12026.5
2019-12-23,bull,1,0.002211,1,explore,2019,12026.0,12040.5,11838.0,12099.0
2019-12-30,neutral,0,0.013875,1,explore,2019,12096.25,12159.0,12020.75,12125.75
2020-01-06,bull,1,0.015963,1,explore,2020,12100.25,12223.5,12006.75,12294.0
2020-01-13,bull,1,-0.002402,-1,explore,2020,12294.5,12371.0,11994.0,12490.25
2020-01-20,neutral,0,-0.011777,-1,explore,2020,12489.5,12505.0,12294.5,12460.25
2020-01-27,bear,-1,0.033439,1,explore,2020,12414.0,12603.25,12425.5,12313.5
2020-02-03,bull,1,0.017505,1,explore,2020,12299.5,12564.75,12241.75,12725.25
2020-02-10,bull,1,-0.013458,-1,explore,2020,12717.0,12792.75,12290.75,12948.0
2020-02-17,neutral,0,-0.078599,-1,explore,2020,12947.75,12975.0,12646.5,12773.75
2020-02-24,bear,-1,-0.042694,-1,explore,2020,12681.5,13078.75,12727.25,11769.75
2020-03-02,bear,-1,-0.004038,-1,explore,2020,11692.0,12681.5,11440.0,11267.25
2020-03-09,neutral,0,-0.083031,-1,explore,2020,11210.25,12318.75,11116.75,11221.75
2020-03-16,neutral,0,0.05826,1,explore,2020,11142.0,11695.75,10243.5,10290.0
2020-03-23,neutral,0,-0.004201,-1,explore,2020,10173.75,11211.0,10131.0,10889.5
2020-03-30,neutral,0,0.064991,1,explore,2020,10767.25,11221.25,9949.75,10843.75
2020-04-06,bull,1,0.050353,1,explore,2020,10852.0,11316.0,10696.5,11548.5
2020-04-13,bull,1,-0.003298,-1,explore,2020,11597.0,11648.0,10852.0,12130.0
2020-04-20,neutral,0,-0.004218,-1,explore,2020,12121.75,12288.75,11396.0,12090.0
2020-04-27,neutral,0,0.041552,1,explore,2020,12081.75,12167.0,11663.0,12039.0
2020-05-04,bull,1,-0.00971,-1,explore,2020,11975.25,12465.75,11975.25,12539.25
2020-05-11,neutral,0,0.024945,1,explore,2020,12520.0,12559.0,11877.75,12417.5
2020-05-18,bull,1,0.0121,1,explore,2020,12442.5,12666.75,12167.5,12727.25
2020-05-25,bull,1,0.019272,1,explore,2020,12725.5,12831.5,12431.0,12881.25
2020-06-01,bull,1,-0.012586,-1,explore,2020,12862.0,12925.0,12494.25,13129.5
2020-06-08,neutral,0,0.022466,1,explore,2020,13140.0,13167.75,12771.0,12964.25
2020-06-15,neutral,0,-0.004376,-1,explore,2020,12896.75,13476.5,12813.5,13255.5
2020-06-22,neutral,0,0.034836,1,explore,2020,13216.5,13444.5,12699.0,13197.5
2020-06-29,bull,1,0.037489,1,explore,2020,13128.5,13628.0,13156.0,13657.25
2020-07-06,bull,1,-0.015156,-1,explore,2020,13666.0,13754.5,13061.0,14169.25
2020-07-13,neutral,0,-0.011717,-1,explore,2020,14179.5,14179.25,13666.0,13954.5
2020-07-20,neutral,0,0.031289,1,explore,2020,13954.0,14390.25,13690.75,13791.0
2020-07-27,neutral,0,0.01633,1,explore,2020,13820.25,14389.75,13633.25,14222.5
2020-08-03,bull,1,0.000761,1,explore,2020,14260.75,14271.25,13732.5,14454.75
2020-08-10,neutral,0,0.029604,1,explore,2020,14472.0,14615.25,14208.25,14465.75
2020-08-17,bull,1,0.028854,1,explore,2020,14477.25,14597.75,14177.25,14894.0
2020-08-24,bull,1,-0.028909,-1,explore,2020,14912.0,14905.5,14477.0,15323.75
2020-08-31,neutral,0,-0.032391,-1,explore,2020,15335.0,15378.25,14860.25,14880.75
2020-09-07,bear,-1,-0.008421,-1,explore,2020,14863.5,15798.0,14473.25,14398.75
2020-09-14,neutral,0,0.014673,1,explore,2020,14433.25,14917.5,14267.0,14277.5
2020-09-21,neutral,0,0.006678,1,explore,2020,14277.5,14887.25,14092.5,14487.0
2020-09-28,bull,1,0.033702,1,explore,2020,14490.5,14573.0,14007.25,14583.75
2020-10-05,bull,1,-0.015423,-1,explore,2020,14635.75,14955.25,14486.5,15075.25
2020-10-12,neutral,0,0.004312,1,explore,2020,15079.25,15090.5,14548.0,14842.75
2020-10-19,neutral,0,-0.034213,-1,explore,2020,15283.75,15599.5,14842.75,14906.75
2020-10-26,bear,-1,0.072881,1,explore,2020,15000.75,15301.25,14828.5,14396.75
2020-11-02,bull,1,-0.010488,-1,explore,2020,14389.5,15046.25,14294.75,15446.0
2020-11-09,neutral,0,-0.001816,-1,explore,2020,15485.25,15469.0,14292.75,15284.0
2020-11-16,neutral,0,0.023056,1,explore,2020,15304.0,15758.5,14853.5,15256.25
2020-11-23,bull,1,0.016242,1,explore,2020,15258.25,15443.5,15155.0,15608.0
2020-11-30,bull,1,-0.00911,-1,explore,2020,15636.75,15658.25,15158.75,15861.5
2020-12-07,neutral,0,0.021903,1,explore,2020,15874.25,15890.75,15436.25,15717.0
2020-12-14,bull,1,-0.000498,-1,explore,2020,15742.5,16025.25,15565.75,16061.25
2020-12-21,neutral,0,0.011275,1,explore,2020,16104.75,16138.0,15737.5,16053.25
2020-12-28,bull,1,0.013043,1,explore,2020,16025.75,16132.25,15809.75,16234.25
2021-01-04,bull,1,-0.017937,-1,explore,2021,16237.0,16267.0,16000.5,16446.0
2021-01-11,neutral,0,0.034626,1,explore,2021,16447.5,16474.0,15840.0,16151.0
2021-01-18,bull,1,-0.026945,-1,explore,2021,16122.75,16454.25,16092.0,16710.25
2021-01-25,neutral,0,0.042236,1,explore,2021,16714.75,16772.5,16075.75,16260.0
2021-02-01,neutral,0,0.0122,1,explore,2021,16198.75,16948.5,16178.75,16946.75
2021-02-08,bull,1,-0.013335,-1,explore,2021,16969.5,16987.25,16075.5,17153.5
2021-02-15,neutral,0,-0.039292,-1,explore,2021,17177.75,17171.25,16866.0,16924.75
2021-02-22,bear,-1,-0.015206,-1,explore,2021,16933.25,17249.5,16817.5,16259.75
2021-03-01,neutral,0,0.025886,1,explore,2021,16304.5,16977.75,16012.0,16012.5
2021-03-08,neutral,0,-0.013682,-1,explore,2021,16062.75,16676.75,15556.25,16427.0
2021-03-15,neutral,0,0.007545,1,explore,2021,16429.0,16468.25,15632.5,16202.25
2021-03-22,neutral,0,0.021394,1,explore,2021,16178.5,16645.0,16039.5,16324.5
2021-03-29,bull,1,0.030797,1,explore,2021,16324.75,16529.75,15967.5,16673.75
2021-04-05,bull,1,0.011637,1,explore,2021,16701.75,16748.5,16134.5,17187.25
2021-04-12,bull,1,-0.005895,-1,explore,2021,17175.0,17198.75,16662.0,17387.25
2021-04-19,neutral,0,-0.004455,-1,explore,2021,17347.0,17416.75,17089.5,17284.75
2021-04-26,neutral,0,-0.00815,-1,explore,2021,17272.75,17410.25,17058.0,17207.75
2021-05-03,bear,-1,-0.01891,-1,explore,2021,17237.0,17421.75,17176.0,17067.5
2021-05-10,neutral,0,0.001075,1,explore,2021,17076.0,17305.25,16738.5,16744.75
2021-05-17,neutral,0,0.016793,1,explore,2021,16738.25,17109.5,16272.5,16762.75
2021-05-24,bull,1,0.004708,1,explore,2021,16747.75,16927.5,16312.0,17044.25
2021-05-31,bull,1,0.013665,1,explore,2021,17056.5,17121.0,16714.0,17124.5
2021-06-07,bull,1,0.002837,1,explore,2021,17130.0,17141.75,16820.0,17358.5
2021-06-14,bull,1,0.017463,1,explore,2021,17365.75,17363.0,17049.25,17407.75
2021-06-21,bull,1,0.021158,1,explore,2021,17395.0,17578.5,17202.75,17711.75
2021-06-28,bull,1,0.005349,1,explore,2021,17720.5,17794.75,17331.5,18086.5
2021-07-05,bull,1,-0.007699,-1,explore,2021,18075.0,18101.5,17706.0,18183.25
2021-07-12,neutral,0,0.023693,1,explore,2021,18196.5,18256.5,17912.75,18043.25
2021-07-19,bull,1,-0.007701,-1,explore,2021,18048.5,18368.75,18030.0,18470.75
2021-07-26,neutral,0,0.007625,1,explore,2021,18470.75,18490.25,17817.0,18328.5
2021-08-02,neutral,0,0.001638,1,explore,2021,18345.0,18507.0,18147.25,18468.25
2021-08-09,neutral,0,-0.002108,-1,explore,2021,18464.0,18545.0,18221.5,18498.5
2021-08-16,neutral,0,0.018405,1,explore,2021,18492.75,18530.0,18313.75,18459.5
2021-08-23,bull,1,0.011969,1,explore,2021,18465.0,18511.75,18083.75,18799.25
2021-08-30,bull,1,-0.010947,-1,explore,2021,18804.5,18816.5,18460.25,19024.25
2021-09-06,neutral,0,-0.00574,-1,explore,2021,19026.5,19070.75,18792.75,18816.0
2021-09-13,bear,-1,-0.000388,-1,explore,2021,18827.0,19081.5,18808.0,18708.0
2021-09-20,neutral,0,-0.028836,-1,explore,2021,18667.0,18939.5,18658.0,18700.75
2021-09-27,bear,-1,0.001583,1,explore,2021,18700.75,18728.75,18189.5,18161.5
2021-10-04,neutral,0,0.017935,1,explore,2021,18198.75,18781.5,17919.0,18190.25
2021-10-11,bull,1,0.011152,1,explore,2021,18192.0,18383.25,17749.75,18516.5
2021-10-18,bull,1,0.026572,1,explore,2021,18528.25,18527.0,17967.5,18723.0
2021-10-25,bull,1,0.026703,1,explore,2021,18707.5,18865.75,18420.5,19220.5
2021-11-01,bull,1,-0.008057,-1,explore,2021,19257.0,19251.0,18678.5,19733.75
2021-11-08,neutral,0,0.019528,1,explore,2021,19682.0,19830.5,19150.75,19574.75
2021-11-15,bull,1,-0.026256,-1,explore,2021,19593.0,19776.25,19279.75,19957.0
2021-11-22,bear,-1,-0.017149,-1,explore,2021,19981.75,20010.5,19464.75,19433.0
2021-11-29,bear,-1,0.031925,1,explore,2021,19428.25,20149.5,19370.0,19099.75
2021-12-06,neutral,0,-0.027576,-1,explore,2021,19085.75,19838.5,18920.0,19709.5
2021-12-13,neutral,0,0.026662,1,explore,2021,19702.0,19818.0,18941.25,19166.0
2021-12-20,neutral,0,0.001105,1,explore,2021,19188.0,19835.0,19029.0,19677.0
2021-12-27,neutral,0,-0.037553,-1,explore,2021,19682.25,19733.75,18869.75,19698.75
2022-01-03,bear,-1,0.000778,1,explore,2022,19733.0,20036.5,19682.25,18959.0
2022-01-10,neutral,0,-0.061625,-1,explore,2022,18967.5,19942.0,18888.25,18973.75
2022-01-17,bear,-1,0.000365,1,explore,2022,18994.75,19387.5,18530.5,17804.5
2022-01-24,neutral,0,0.014177,1,explore,2022,17787.75,19031.75,17786.25,17811.0
2022-01-31,bull,1,-0.024635,-1,explore,2022,17828.0,18020.25,17084.25,18063.5
2022-02-07,bear,-1,-0.013877,-1,explore,2022,18052.5,18639.5,17731.5,17618.5
2022-02-14,bear,-1,0.011238,1,explore,2022,17628.25,18446.0,17559.0,17374.0
2022-02-21,neutral,0,-0.020007,-1,explore,2022,17331.25,18046.5,17284.0,17569.25
2022-02-28,neutral,0,-0.046101,-1,explore,2022,17383.0,17576.0,16403.75,17217.75
2022-03-07,bear,-1,0.083384,1,explore,2022,17156.5,17769.25,17069.0,16424.0
2022-03-14,bull,1,0.019235,1,explore,2022,16466.25,17257.75,16393.5,17793.5
2022-03-21,bull,1,0.005955,1,explore,2022,17784.5,17821.25,16321.75,18135.75
2022-03-28,bull,1,-0.029421,-1,explore,2022,18135.25,18221.25,17563.75,18243.75
2022-04-04,bear,-1,-0.024468,-1,explore,2022,18227.5,18649.0,18038.75,17707.0
2022-04-11,bear,-1,-0.031276,-1,explore,2022,17714.0,18579.25,17690.5,17273.75
2022-04-18,bear,-1,-0.02997,-1,explore,2022,17274.0,17759.75,17256.0,16733.5
2022-04-25,bear,-1,-0.009626,-1,explore,2022,16703.5,17678.0,16675.75,16232.0
2022-05-02,bear,-1,-0.01947,-1,explore,2022,16272.5,16964.5,16183.0,16075.75
2022-05-09,bear,-1,-0.034385,-1,explore,2022,15986.5,16935.25,15899.25,15762.75
2022-05-16,neutral,0,0.054991,1,explore,2022,15790.0,16016.75,15069.25,15220.75
2022-05-23,bull,1,-0.007893,-1,explore,2022,15238.5,15973.5,14871.25,16057.75
2022-05-30,neutral,0,-0.045007,-1,explore,2022,16085.5,16103.75,14956.25,15931.0
2022-06-06,bear,-1,-0.037531,-1,explore,2022,15928.0,16325.0,15822.25,15214.0
2022-06-13,bear,-1,0.057621,1,explore,2022,15174.25,16190.5,15195.25,14643.0
2022-06-20,bull,1,-0.034174,-1,explore,2022,14773.25,15175.5,14415.0,15486.75
2022-06-27,neutral,0,0.036152,1,explore,2022,15486.25,15495.25,14666.75,14957.5
2022-07-04,neutral,0,-0.009324,-1,explore,2022,14959.25,15609.0,14697.0,15498.25
2022-07-11,neutral,0,0.027094,1,explore,2022,15495.0,15557.25,14735.0,15353.75
2022-07-18,bull,1,0.03475,1,explore,2022,15387.0,15501.25,14824.25,15769.75
2022-07-25,bull,1,0.015765,1,explore,2022,15786.25,16043.25,15204.0,16317.75
2022-08-01,bull,1,0.021056,1,explore,2022,16326.25,16358.75,15416.25,16575.0
2022-08-08,bull,1,-0.018273,-1,explore,2022,16572.25,16731.25,16162.5,16924.0
2022-08-15,neutral,0,-0.039001,-1,explore,2022,16918.25,16929.25,16309.5,16614.75
2022-08-22,bear,-1,-0.032333,-1,explore,2022,16573.75,17086.75,16573.25,15966.75
2022-08-29,bear,-1,0.031779,1,explore,2022,15830.5,16575.25,15901.5,15450.5
2022-09-05,neutral,0,-0.046216,-1,explore,2022,15457.75,16005.25,15364.5,15941.5
2022-09-12,bear,-1,-0.036617,-1,explore,2022,15971.25,15963.0,15268.5,15204.75
2022-09-19,bear,-1,-0.023297,-1,explore,2022,15191.75,16247.75,15049.25,14648.0
2022-09-26,bear,-1,0.004613,1,explore,2022,14633.75,15410.25,14500.0,14306.75
2022-10-03,neutral,0,-0.024873,-1,explore,2022,14300.0,14883.75,14295.75,14372.75
2022-10-10,bear,-1,0.043845,1,explore,2022,14338.0,15001.25,14161.75,14015.25
2022-10-17,bull,1,0.015619,1,explore,2022,13991.75,14525.0,13755.75,14629.75
2022-10-24,bull,1,-0.046893,-1,explore,2022,14665.0,14703.0,13976.25,14858.25
2022-10-31,bear,-1,0.067631,1,explore,2022,14864.75,15004.0,14195.75,14161.5
2022-11-07,bull,1,-0.00926,-1,explore,2022,14205.0,14890.25,13907.25,15119.25
2022-11-14,neutral,0,0.00499,1,explore,2022,15067.25,15148.0,14080.25,14979.25
2022-11-21,neutral,0,0.015112,1,explore,2022,14991.25,15389.75,14799.25,15054.0
2022-11-28,bull,1,-0.028826,-1,explore,2022,15006.5,15204.0,14796.75,15281.5
2022-12-05,neutral,0,-0.023078,-1,explore,2022,15271.25,15416.0,14736.25,14841.0
2022-12-12,bear,-1,-0.018588,-1,explore,2022,14820.5,15286.25,14694.5,14498.5
2022-12-19,bear,-1,-0.003725,-1,explore,2022,14480.75,15483.75,14429.25,14229.0
2022-12-26,neutral,0,0.006437,1,explore,2022,14255.5,14564.75,14024.25,14176.0
2023-01-02,neutral,0,0.03466,1,explore,2023,14270.75,14337.75,13912.0,14267.25
2023-01-09,bull,1,0.004674,1,explore,2023,14282.5,14335.5,13904.75,14761.75
2023-01-16,bull,1,0.036765,1,explore,2023,14766.25,14773.0,14248.0,14830.75
2023-01-23,bull,1,0.026128,1,explore,2023,14831.5,14913.25,14462.25,15376.0
2023-01-30,bull,1,-0.017604,-1,explore,2023,15367.0,15461.75,14758.25,15777.75
2023-02-06,neutral,0,0.002823,1,explore,2023,15732.0,16103.75,15025.0,15500.0
2023-02-13,neutral,0,-0.025283,-1,explore,2023,15507.0,15972.5,15396.75,15543.75
2023-02-20,bear,-1,0.020742,1,explore,2023,15536.75,15946.25,15418.75,15150.75
2023-02-27,neutral,0,-0.024475,-1,explore,2023,15156.0,15571.75,15076.5,15465.0
2023-03-06,neutral,0,0.039091,1,explore,2023,15461.5,15483.5,14985.25,15086.5
2023-03-13,bull,1,0.015661,1,explore,2023,15112.25,15639.5,14837.75,15676.25
2023-03-20,bull,1,0.025845,1,explore,2023,15720.75,15841.5,15056.5,15921.75
2023-03-27,bull,1,-0.007408,-1,explore,2023,15947.5,16113.25,15557.0,16333.25
2023-04-03,neutral,0,0.001141,1,explore,2023,16294.0,16343.0,15666.25,16212.25
2023-04-10,neutral,0,-0.0067,-1,explore,2023,16209.5,16380.25,15984.0,16230.75
2023-04-17,neutral,0,0.014251,1,explore,2023,16241.5,16286.5,15956.75,16122.0
2023-04-24,bull,1,-0.000153,-1,explore,2023,16102.75,16330.0,16014.25,16351.75
2023-05-01,neutral,0,0.004801,1,explore,2023,16347.75,16368.25,15832.5,16349.25
2023-05-08,bull,1,0.028108,1,explore,2023,16347.0,16398.75,16033.25,16427.75
2023-05-15,bull,1,0.028094,1,explore,2023,16410.75,16526.25,16233.5,16889.5
2023-05-22,bull,1,0.01398,1,explore,2023,16845.25,16992.0,16381.5,17364.0
2023-05-29,bull,1,-0.001079,-1,explore,2023,17449.75,17404.0,16598.25,17606.75
2023-06-05,neutral,0,0.030305,1,explore,2023,17614.25,17659.25,17279.5,17587.75
2023-06-12,bull,1,-0.011575,-1,explore,2023,17591.0,17726.75,17288.5,18120.75
2023-06-19,neutral,0,0.015563,1,explore,2023,18155.25,18328.25,17585.0,17911.0
2023-06-26,bull,1,-0.008535,-1,explore,2023,17911.0,18174.5,17816.75,18189.75
2023-07-03,neutral,0,0.028418,1,explore,2023,18184.25,18229.25,17706.25,18034.5
2023-07-10,bull,1,-0.008317,-1,explore,2023,18048.5,18284.5,17964.75,18547.0
2023-07-17,neutral,0,0.016719,1,explore,2023,18543.0,18710.25,17916.25,18392.75
2023-07-24,neutral,0,-0.025802,-1,explore,2023,18408.5,18915.25,18375.0,18700.25
2023-07-31,bear,-1,-0.01478,-1,explore,2023,18702.25,18756.75,18337.25,18217.75
2023-08-07,bear,-1,-0.019598,-1,explore,2023,18222.5,18769.25,18189.25,17948.5
2023-08-14,bear,-1,0.013369,1,explore,2023,17957.75,18350.75,17890.0,17596.75
2023-08-21,neutral,0,0.030114,1,explore,2023,17616.0,18187.75,17462.0,17832.0
2023-08-28,bull,1,-0.011909,-1,explore,2023,17844.5,18270.5,17573.25,18369.0
2023-09-04,neutral,0,-0.005523,-1,explore,2023,18370.5,18514.0,17826.0,18150.25
2023-09-11,neutral,0,-0.028961,-1,explore,2023,18161.0,18439.75,18010.25,18050.0
2023-09-18,bear,-1,-0.000171,-1,explore,2023,18041.5,18377.5,18014.5,17527.25
2023-09-25,neutral,0,0.014009,1,explore,2023,17536.75,18118.5,17493.5,17524.25
2023-10-02,bull,1,0.000464,1,explore,2023,17620.0,17718.5,17245.0,17769.75
2023-10-09,neutral,0,-0.025664,-1,explore,2023,17733.75,17818.25,17247.0,17778.0
2023-10-16,bear,-1,-0.02302,-1,explore,2023,17777.5,18127.25,17607.0,17321.75
2023-10-23,bear,-1,0.05398,1,explore,2023,17336.5,17995.75,17302.75,16923.0
2023-10-30,bull,1,0.023407,1,explore,2023,16986.75,17607.75,16794.25,17836.5
2023-11-06,bull,1,0.016407,1,explore,2023,17844.75,17886.25,16960.0,18254.0
2023-11-13,bull,1,0.006751,1,explore,2023,18243.5,18274.0,17795.75,18553.5
2023-11-20,neutral,0,0.000147,1,explore,2023,18549.0,18706.75,18123.0,18678.75
2023-11-27,neutral,0,0.003988,1,explore,2023,18666.25,18831.0,18495.25,18681.5
2023-12-04,neutral,0,0.027258,1,explore,2023,18679.5,18865.5,18513.5,18756.0
2023-12-11,bull,1,0.008291,1,explore,2023,18755.0,18776.75,18379.0,19267.25
2023-12-18,bull,1,0.002239,1,explore,2023,19267.25,19334.25,18703.0,19427.0
2023-12-25,neutral,0,-0.028928,-1,explore,2023,19410.5,19520.5,19204.25,19470.5
2024-01-01,bear,-1,0.026921,1,holdout,2024,19465.75,19612.5,19384.75,18907.25
2024-01-08,neutral,0,0.024168,1,holdout,2024,18919.25,19485.5,18781.25,19416.25
2024-01-15,bull,1,0.00445,1,holdout,2024,19409.0,19503.0,18825.25,19885.5
2024-01-22,bull,1,0.010301,1,holdout,2024,19912.75,19919.0,19136.0,19974.0
2024-01-29,neutral,0,0.015188,1,holdout,2024,19949.5,20241.0,19856.25,20179.75
2024-02-05,bull,1,-0.014412,-1,holdout,2024,20142.25,20222.5,19668.75,20486.25
2024-02-12,neutral,0,0.012233,1,holdout,2024,20458.75,20518.0,20000.75,20191.0
2024-02-19,neutral,0,0.01699,1,holdout,2024,20175.5,20568.5,19993.25,20438.0
2024-02-26,bull,1,-0.017789,-1,holdout,2024,20409.75,20592.0,19820.0,20785.25
2024-03-04,neutral,0,-0.007715,-1,holdout,2024,20782.0,20819.5,20273.25,20415.5
2024-03-11,bear,-1,0.025471,1,holdout,2024,20455.5,20883.25,20279.5,20258.0
2024-03-18,bull,1,-0.004802,-1,holdout,2024,20272.0,20706.0,20205.5,20774.0
2024-03-25,neutral,0,-0.008428,-1,holdout,2024,20766.0,20907.75,20252.5,20674.25
2024-04-01,bear,-1,-0.005927,-1,holdout,2024,20699.25,20818.0,20577.75,20500.0
2024-04-08,neutral,0,-0.048998,-1,holdout,2024,20545.75,20811.0,20242.75,20378.5
2024-04-15,bear,-1,0.034314,1,holdout,2024,20351.0,20718.5,20253.25,19380.0
2024-04-22,neutral,0,0.007733,1,holdout,2024,19436.75,20550.25,19313.0,20045.0
2024-04-29,bull,1,0.012587,1,holdout,2024,20063.75,20100.5,19348.0,20200.0
2024-05-06,bull,1,0.01859,1,holdout,2024,20246.0,20249.25,19585.25,20454.25
2024-05-13,bull,1,0.011555,1,holdout,2024,20436.75,20547.25,20183.0,20834.5
2024-05-20,bull,1,-0.013523,-1,holdout,2024,20833.0,20960.0,20366.75,21075.25
2024-05-27,bear,-1,0.021488,1,holdout,2024,21074.25,21221.75,20820.75,20790.25
2024-06-03,bull,1,0.030501,1,holdout,2024,20788.5,21179.75,20440.5,21237.0
2024-06-10,bull,1,0.001679,1,holdout,2024,21225.5,21354.5,20635.25,21884.75
2024-06-17,bull,1,-0.002532,-1,holdout,2024,21893.5,21899.25,21172.5,21921.5
2024-06-24,neutral,0,0.031716,1,holdout,2024,21949.25,22310.25,21842.75,21866.0
2024-07-01,bull,1,-0.004289,-1,holdout,2024,21910.0,22212.0,21664.0,22559.5
2024-07-08,neutral,0,-0.036104,-1,holdout,2024,22529.75,22578.5,21750.25,22462.75
2024-07-15,bear,-1,-0.024871,-1,holdout,2024,22517.5,22922.25,22271.0,21651.75
2024-07-22,bear,-1,-0.029283,-1,holdout,2024,21686.5,22735.25,21592.75,21113.25
2024-07-29,bear,-1,0.002915,1,holdout,2024,21111.5,22023.75,20822.25,20495.0
2024-08-05,neutral,0,0.048152,1,holdout,2024,20330.5,21655.5,20324.5,20554.75
2024-08-12,bull,1,0.008587,1,holdout,2024,20530.5,20613.5,19284.75,21544.5
2024-08-19,bull,1,-0.00772,-1,holdout,2024,21567.0,21621.75,20453.25,21729.5
2024-08-26,neutral,0,-0.054019,-1,holdout,2024,21726.75,21964.5,21463.75,21561.75
2024-09-02,bear,-1,0.052557,1,holdout,2024,21538.75,21785.0,21077.75,20397.0
2024-09-09,neutral,0,0.012239,1,holdout,2024,20338.25,21621.75,20276.0,21469.0
2024-09-16,bull,1,0.008893,1,holdout,2024,21437.75,21515.75,20325.5,21731.75
2024-09-23,bull,1,0.000262,1,holdout,2024,21742.5,21905.25,21232.75,21925.0
2024-09-30,neutral,0,0.010157,1,holdout,2024,21901.75,22241.25,21655.5,21930.75
2024-10-07,bull,1,0.001512,1,holdout,2024,21922.5,22035.0,21521.5,22153.5
2024-10-14,neutral,0,0.000687,1,holdout,2024,22137.25,22211.5,21606.0,22187.0
2024-10-21,neutral,0,-0.015561,-1,holdout,2024,22199.25,22383.5,21908.75,22202.25
2024-10-28,neutral,0,0.049321,1,holdout,2024,22227.5,22411.0,21782.5,21856.75
2024-11-04,bull,1,-0.032156,-1,holdout,2024,21845.25,22493.25,21711.25,22934.75
2024-11-11,neutral,0,0.016038,1,holdout,2024,22945.5,22970.0,21716.75,22197.25
2024-11-18,neutral,0,0.006374,1,holdout,2024,22208.25,23044.0,22108.75,22553.25
2024-11-25,bull,1,0.029222,1,holdout,2024,22612.5,22610.5,22085.5,22697.0
2024-12-02,bull,1,0.00595,1,holdout,2024,22698.0,22784.75,22378.5,23360.25
2024-12-09,bull,1,-0.021969,-1,holdout,2024,23352.25,23373.0,22643.25,23499.25
2024-12-16,bear,-1,0.005743,1,holdout,2024,23469.5,23611.5,23056.25,22983.0
2024-12-23,neutral,0,-0.007874,-1,holdout,2024,22983.0,23866.5,22423.5,23115.0
2024-12-30,neutral,0,-0.021824,-1,holdout,2024,23127.25,23527.5,22892.5,22933.0
2025-01-06,neutral,0,0.0258,1,holdout,2025,22948.5,23159.0,22399.75,22432.5
2025-01-13,neutral,0,0.013754,1,holdout,2025,22444.0,23313.5,22291.25,23011.25
2025-01-20,bull,1,-0.013803,-1,holdout,2025,23017.5,23096.5,22110.0,23327.75
2025-01-27,neutral,0,6.5e-05,1,holdout,2025,23190.25,23510.5,22786.75,23005.75
2025-02-03,neutral,0,0.026318,1,holdout,2025,22696.75,23382.25,22180.25,23007.25
2025-02-10,bull,1,-0.021895,-1,holdout,2025,22881.25,23384.25,22356.75,23612.75
2025-02-17,neutral,0,-0.032896,-1,holdout,2025,23654.5,23640.5,22831.5,23095.75
2025-02-24,bear,-1,-0.065668,-1,holdout,2025,23117.25,23736.5,23068.75,22336.0
2025-03-03,bear,-1,0.012423,1,holdout,2025,22416.5,23229.5,21876.75,20869.25
2025-03-10,neutral,0,0.002118,1,holdout,2025,20855.5,22537.25,20688.25,21128.5
2025-03-17,neutral,0,-0.023804,-1,holdout,2025,21107.0,21205.25,20556.5,21173.25
2025-03-24,bear,-1,-0.092795,-1,holdout,2025,21264.5,21380.0,20814.75,20669.25
2025-03-31,bear,-1,0.067649,1,holdout,2025,20530.0,21749.0,20573.0,18751.25
2025-04-07,neutral,0,-0.021316,-1,holdout,2025,18338.5,21257.5,18599.25,20019.75
2025-04-14,neutral,0,0.058924,1,holdout,2025,20376.0,20600.25,17664.75,19593.0
2025-04-21,bull,1,0.031811,1,holdout,2025,19519.75,20468.0,19328.5,20747.5
2025-04-28,bull,1,-0.002733,-1,holdout,2025,20736.75,20802.25,18912.25,21407.5
2025-05-05,neutral,0,0.064136,1,holdout,2025,21394.25,21489.25,20314.5,21349.0
2025-05-12,bull,1,-0.023373,-1,holdout,2025,21586.0,21549.75,20890.75,22718.25
2025-05-19,neutral,0,0.018107,1,holdout,2025,22525.75,22742.0,21586.0,22187.25
2025-05-26,neutral,0,0.018272,1,holdout,2025,22191.0,22774.5,21939.75,22589.0
2025-06-02,neutral,0,-0.006315,-1,holdout,2025,22516.75,23071.0,22167.5,23001.75
2025-06-09,neutral,0,-0.000492,-1,holdout,2025,22973.0,23148.5,22375.25,22856.5
2025-06-16,neutral,0,0.039691,1,holdout,2025,22784.5,23306.25,22682.75,22845.25
2025-06-23,bull,1,0.006442,1,holdout,2025,22648.75,23225.0,22650.75,23752.0
2025-06-30,bull,1,0.00228,1,holdout,2025,23751.75,23824.25,22562.5,23905.0
2025-07-07,neutral,0,0.011071,1,holdout,2025,23969.0,24101.75,23585.25,23959.5
2025-07-14,bull,1,0.008132,1,holdout,2025,23865.0,24111.75,23780.75,24224.75
2025-07-21,bull,1,-0.022009,-1,holdout,2025,24240.5,24321.0,23802.75,24421.75
2025-07-28,bear,-1,0.034751,1,holdout,2025,24516.5,24477.5,24105.5,23884.25
2025-08-04,neutral,0,0.003652,1,holdout,2025,23851.0,24848.5,23788.75,24714.25
2025-08-11,bull,1,-0.009444,-1,holdout,2025,24767.75,24769.0,23822.5,24804.5
2025-08-18,bear,-1,-0.004396,-1,holdout,2025,24795.5,25069.5,24587.5,24570.25
2025-08-25,neutral,0,0.009085,1,holdout,2025,24600.5,24882.5,24035.75,24462.25
2025-09-01,neutral,0,0.017389,1,holdout,2025,24479.0,24804.25,24371.75,24684.5
2025-09-08,bull,1,0.020537,1,holdout,2025,24677.0,24903.0,24025.5,25113.75
2025-09-15,bull,1,-0.005443,-1,holdout,2025,25115.0,25159.5,24651.0,25629.5
2025-09-22,neutral,0,0.010406,1,holdout,2025,25614.75,25651.25,25005.0,25490.0
2025-09-29,neutral,0,-0.023102,-1,holdout,2025,25490.5,25790.5,25185.25,25755.25
2025-10-06,bear,-1,0.02343,1,holdout,2025,25757.25,25960.25,25397.0,25160.25
2025-10-13,neutral,0,0.020301,1,holdout,2025,25245.25,26156.25,24921.0,25749.75
2025-10-20,bull,1,0.018831,1,holdout,2025,25830.25,25943.0,25173.5,26272.5
2025-10-27,bull,1,-0.031298,-1,holdout,2025,26461.75,26332.25,25568.5,26767.25
2025-11-03,bear,-1,-0.002786,-1,holdout,2025,26789.25,27162.75,26461.75,25929.5
2025-11-10,neutral,0,-0.030494,-1,holdout,2025,26083.0,27029.0,25472.25,25857.25
2025-11-17,bear,-1,0.046931,1,holdout,2025,25907.25,26593.75,25389.25,25068.75
2025-11-24,bull,1,0.009526,1,holdout,2025,25213.0,26125.25,24667.25,26245.25
2025-12-01,bull,1,-0.01957,-1,holdout,2025,26247.25,26263.5,25124.5,26495.25
2025-12-08,neutral,0,0.004158,1,holdout,2025,26511.75,26631.0,25956.75,25976.75
2025-12-15,neutral,0,0.01106,1,holdout,2025,25984.75,26633.0,25881.0,26084.75
2025-12-22,bull,1,-0.018124,-1,holdout,2025,26145.0,26180.0,25397.75,26373.25
2025-12-29,bear,-1,0.021355,1,holdout,2025,26379.0,26445.0,26118.5,25895.25
2026-01-05,bull,1,-0.009424,-1,holdout,2026,25940.0,26403.5,25775.25,26448.25
2026-01-12,neutral,0,0.00188,1,holdout,2026,26456.5,26508.0,25916.0,26199.0
2026-01-19,neutral,0,-0.0026,-1,holdout,2026,26066.0,26556.25,25931.25,26248.25
2026-01-26,neutral,0,-0.019356,-1,holdout,2026,26100.25,26355.5,25536.0,26180.0
2026-02-02,bear,-1,-0.014022,-1,holdout,2026,26040.0,26859.0,25909.5,25673.25
2026-02-09,neutral,0,0.010439,1,holdout,2026,25660.25,26537.75,24750.5,25313.25
2026-02-16,neutral,0,-0.002453,-1,holdout,2026,25299.25,25975.5,25088.75,25577.5
2026-02-23,neutral,0,-0.000539,-1,holdout,2026,25546.0,25649.75,24959.25,25514.75
2026-03-02,neutral,0,-0.023401,-1,holdout,2026,25194.75,26005.0,25177.75,25501.0
2026-03-09,neutral,0,-0.020358,-1,holdout,2026,25488.0,25753.0,24509.0,24904.25
2026-03-16,bear,-1,-0.031684,-1,holdout,2026,24789.25,25727.75,24843.75,24397.25
2026-03-23,bear,-1,0.034022,1,holdout,2026,24209.75,25506.5,24266.5,23624.25
2026-03-30,neutral,0,0.047036,1,holdout,2026,23487.25,25059.25,23526.75,24428.0
2026-04-06,bull,1,0.060377,1,holdout,2026,24389.0,24644.75,23256.25,25577.0
2026-04-13,bull,1,0.022473,1,holdout,2026,25300.0,25689.25,24237.25,27121.25
2026-04-20,bull,1,0.014451,1,holdout,2026,26899.0,27178.75,25210.25,27730.75
2026-04-27,bull,1,0.053205,1,holdout,2026,27699.75,27758.5,26830.5,28131.5
2026-05-04,bull,1,-0.0034,-1,holdout,2026,28183.75,28213.25,27302.0,29628.25
2026-05-11,neutral,0,0.011074,1,holdout,2026,29590.25,29679.0,27910.0,29527.5
2026-05-18,neutral,0,0.028354,1,holdout,2026,29431.0,30079.5,29037.0,29854.5
2026-05-25,bull,1,-0.044909,-1,holdout,2026,29971.5,30043.5,28958.75,30701.0
2026-06-01,bear,-1,0.021571,1,holdout,2026,30712.25,30831.5,29967.75,29322.25
2026-06-08,neutral,0,0.023243,1,holdout,2026,29139.25,31103.5,29074.25,29954.75
2026-06-15,bull,1,-0.04185,-1,holdout,2026,30100.0,30142.75,28523.0,30651.0
2026-06-22,bear,-1,0.018234,1,holdout,2026,30580.75,30975.5,29922.0,29368.25
2026-06-29,neutral,0,0.004297,1,holdout,2026,29280.5,30967.75,29160.0,29903.75
2026-07-06,neutral,0,-0.041922,-1,holdout,2026,29936.75,30600.0,29274.0,30032.25
2026-07-13,bear,-1,-0.017064,-1,holdout,2026,29956.75,30094.0,28910.25,28773.25
2026-07-20,bear,-1,0.004314,1,holdout,2026,28747.5,30062.5,28408.25,28282.25
2026-07-27,neutral,0,0.050362,1,holdout,2026,28501.5,29363.5,28212.5,28404.25
2026-08-03,bull,1,0.01029,1,holdout,2026,28567.5,28763.75,27200.0,29834.75
2026-08-10,bull,1,-0.025015,-1,holdout,2026,29851.5,30073.25,28313.0,30141.75
2026-08-17,bear,-1,0.003539,1,holdout,2026,30168.5,30287.25,29533.5,29387.75
2026-08-24,neutral,0,-0.011825,-1,holdout,2026,29392.25,30339.75,29202.5,29491.75
