symbol,tf,open_time_ms,o,h,l,c,v
MNQ,1m,1788336000000,29062.25,29070.25,29052.0,29055.0,1779.0
MNQ,1m,1788336060000,29054.25,29068.25,29051.25,29056.75,919.0
MNQ,1m,1788336120000,29056.5,29069.75,29056.5,29062.75,1265.0
MNQ,1m,1788336180000,29063.0,29081.5,29058.25,29076.0,1273.0
MNQ,1m,1788336240000,29076.0,29098.0,29072.5,29094.75,1438.0
MNQ,1m,1788336300000,29094.75,29097.5,29080.0,29085.75,1122.0
MNQ,1m,1788336360000,29085.75,29086.75,29066.5,29076.0,1026.0
MNQ,1m,1788336420000,29076.5,29081.0,29071.25,29081.0,562.0
MNQ,1m,1788336480000,29081.25,29086.0,29073.0,29079.25,721.0
MNQ,1m,1788336540000,29078.5,29078.5,29068.5,29075.0,577.0
MNQ,1m,1788336600000,29074.75,29087.5,29071.0,29086.0,589.0
MNQ,1m,1788336660000,29086.5,29088.5,29071.5,29074.5,596.0
MNQ,1m,1788336720000,29074.25,29079.5,29070.0,29079.0,408.0
MNQ,1m,1788336780000,29078.25,29079.25,29075.0,29078.5,266.0
MNQ,1m,1788336840000,29078.0,29080.5,29068.25,29074.5,570.0
MNQ,1m,1788336900000,29074.0,29088.5,29072.5,29073.25,700.0
MNQ,1m,1788336960000,29073.0,29081.5,29072.75,29078.0,504.0
MNQ,1m,1788337020000,29077.5,29078.25,29070.25,29075.0,237.0
MNQ,1m,1788337080000,29075.25,29076.5,29067.25,29069.25,334.0
MNQ,1m,1788337140000,29068.25,29071.75,29056.0,29057.0,688.0
MNQ,1m,1788337200000,29057.5,29062.0,29049.75,29051.5,1093.0
MNQ,1m,1788337260000,29051.0,29051.75,29038.75,29044.5,1056.0
MNQ,1m,1788337320000,29045.5,29054.5,29045.5,29052.5,595.0
MNQ,1m,1788337380000,29052.5,29055.75,29048.75,29050.0,322.0
MNQ,1m,1788337440000,29050.5,29051.5,29043.0,29046.0,539.0
MNQ,1m,1788337500000,29046.0,29050.0,29040.5,29040.5,379.0
MNQ,1m,1788337560000,29041.25,29051.5,29041.0,29049.5,333.0
MNQ,1m,1788337620000,29049.75,29060.5,29049.25,29058.75,631.0
MNQ,1m,1788337680000,29058.75,29062.0,29049.5,29051.25,680.0
MNQ,1m,1788337740000,29051.0,29057.0,29045.5,29052.0,351.0
MNQ,1m,1788337800000,29052.5,29062.25,29046.0,29060.25,423.0
MNQ,1m,1788337860000,29060.0,29068.0,29053.5,29056.5,851.0
MNQ,1m,1788337920000,29057.0,29068.75,29055.0,29055.25,905.0
MNQ,1m,1788337980000,29055.75,29063.0,29050.75,29052.5,559.0
MNQ,1m,1788338040000,29053.25,29056.5,29047.75,29049.5,430.0
MNQ,1m,1788338100000,29049.5,29050.5,29036.0,29046.5,1045.0
MNQ,1m,1788338160000,29046.5,29057.25,29044.0,29048.5,692.0
MNQ,1m,1788338220000,29048.5,29056.5,29047.0,29055.0,406.0
MNQ,1m,1788338280000,29054.5,29055.0,29042.5,29045.5,514.0
MNQ,1m,1788338340000,29046.5,29055.5,29045.5,29048.0,365.0
MNQ,1m,1788338400000,29048.25,29054.75,29045.5,29049.5,441.0
MNQ,1m,1788338460000,29050.0,29055.5,29045.25,29046.75,548.0
MNQ,1m,1788338520000,29046.25,29046.75,29038.0,29041.75,476.0
MNQ,1m,1788338580000,29042.0,29044.0,29032.75,29035.75,929.0
MNQ,1m,1788338640000,29036.75,29038.0,29032.0,29035.5,471.0
MNQ,1m,1788338700000,29036.25,29037.25,29031.5,29033.0,331.0
MNQ,1m,1788338760000,29033.0,29034.25,29030.5,29031.0,244.0
MNQ,1m,1788338820000,29030.75,29031.5,29024.0,29024.75,673.0
MNQ,1m,1788338880000,29025.0,29025.75,29021.25,29021.5,601.0
MNQ,1m,1788338940000,29022.25,29025.5,29020.75,29022.5,450.0
MNQ,1m,1788339000000,29023.0,29025.25,29017.25,29021.25,847.0
MNQ,1m,1788339060000,29020.0,29020.75,28997.25,29002.0,3232.0
MNQ,1m,1788339120000,29002.5,29003.0,28987.0,28988.5,1808.0
MNQ,1m,1788339180000,28988.5,28989.75,28966.5,28967.25,2072.0
MNQ,1m,1788339240000,28967.25,28968.75,28955.75,28964.0,1980.0
MNQ,1m,1788339300000,28963.75,28970.75,28954.75,28966.5,1778.0
MNQ,1m,1788339360000,28967.5,28984.25,28965.5,28972.0,1803.0
MNQ,1m,1788339420000,28971.75,28975.5,28965.25,28972.0,1140.0
MNQ,1m,1788339480000,28974.25,28974.75,28967.25,28973.25,650.0
MNQ,1m,1788339540000,28974.0,28978.75,28968.0,28978.0,813.0
MNQ,1m,1788339600000,28977.25,28993.0,28974.0,28984.75,2056.0
MNQ,1m,1788339660000,28985.0,28989.75,28978.75,28981.75,851.0
MNQ,1m,1788339720000,28982.0,29008.0,28981.75,29002.0,1713.0
MNQ,1m,1788339780000,29001.75,29016.75,28996.25,29010.25,1622.0
MNQ,1m,1788339840000,29009.5,29011.25,29002.0,29009.75,1037.0
MNQ,1m,1788339900000,29009.5,29025.0,29008.25,29024.75,1262.0
MNQ,1m,1788339960000,29024.5,29027.0,29009.5,29010.75,1166.0
MNQ,1m,1788340020000,29011.25,29012.0,28997.5,29001.0,1285.0
MNQ,1m,1788340080000,29001.5,29008.5,28997.25,29002.25,801.0
MNQ,1m,1788340140000,29002.0,29006.75,28999.5,29000.75,613.0
MNQ,1m,1788340200000,29000.75,29005.75,28997.0,29001.75,870.0
MNQ,1m,1788340260000,29001.0,29008.0,28994.75,28999.5,794.0
MNQ,1m,1788340320000,28999.5,29002.5,28992.25,28994.0,682.0
MNQ,1m,1788340380000,28994.0,28995.75,28986.0,28987.0,908.0
MNQ,1m,1788340440000,28986.5,28986.5,28968.5,28971.25,1338.0
MNQ,1m,1788340500000,28970.75,28978.5,28968.75,28976.75,999.0
MNQ,1m,1788340560000,28976.75,28978.75,28973.5,28976.5,660.0
MNQ,1m,1788340620000,28976.75,28982.5,28970.5,28981.0,854.0
MNQ,1m,1788340680000,28980.5,28993.0,28978.5,28989.5,956.0
MNQ,1m,1788340740000,28989.0,28996.0,28986.5,28990.5,824.0
MNQ,1m,1788340800000,28990.25,28990.25,28976.0,28978.5,980.0
MNQ,1m,1788340860000,28978.5,28982.75,28971.0,28971.25,927.0
MNQ,1m,1788340920000,28972.0,28972.0,28963.25,28965.5,970.0
MNQ,1m,1788340980000,28964.5,28966.5,28956.75,28958.75,916.0
MNQ,1m,1788341040000,28958.5,28969.75,28957.0,28968.25,794.0
MNQ,1m,1788341100000,28968.0,28970.5,28964.75,28964.75,500.0
MNQ,1m,1788341160000,28965.0,28974.5,28960.5,28971.75,924.0
MNQ,1m,1788341220000,28971.25,28982.25,28971.0,28975.25,911.0
MNQ,1m,1788341280000,28975.25,28978.25,28974.0,28975.5,348.0
MNQ,1m,1788341340000,28975.0,28979.75,28974.5,28978.25,287.0
MNQ,1m,1788341400000,28978.25,28981.25,28974.75,28976.5,567.0
MNQ,1m,1788341460000,28976.25,28980.25,28957.75,28961.25,1126.0
MNQ,1m,1788341520000,28962.0,28963.0,28958.75,28958.75,499.0
MNQ,1m,1788341580000,28959.0,28959.0,28949.0,28953.5,2062.0
MNQ,1m,1788341640000,28953.0,28957.0,28950.0,28954.75,662.0
MNQ,1m,1788341700000,28953.75,28954.75,28947.75,28949.75,689.0
MNQ,1m,1788341760000,28949.5,28950.25,28940.75,28947.0,1519.0
MNQ,1m,1788341820000,28946.25,28953.25,28945.0,28949.75,746.0
MNQ,1m,1788341880000,28949.75,28958.5,28945.75,28949.75,868.0
MNQ,1m,1788341940000,28950.0,28955.25,28947.5,28949.0,437.0
MNQ,1m,1788342000000,28949.75,28955.0,28946.75,28951.5,438.0
MNQ,1m,1788342060000,28952.0,28957.75,28952.0,28957.75,358.0
MNQ,1m,1788342120000,28957.25,28958.75,28949.0,28949.0,635.0
MNQ,1m,1788342180000,28948.75,28954.5,28948.5,28952.75,318.0
MNQ,1m,1788342240000,28952.5,28954.0,28946.25,28949.0,463.0
MNQ,1m,1788342300000,28949.0,28960.0,28949.0,28953.5,699.0
MNQ,1m,1788342360000,28953.5,28953.5,28947.25,28950.0,443.0
MNQ,1m,1788342420000,28950.0,28961.5,28949.5,28954.0,640.0
MNQ,1m,1788342480000,28954.5,28961.0,28954.0,28957.75,558.0
MNQ,1m,1788342540000,28958.25,28960.75,28954.0,28956.75,394.0
MNQ,1m,1788342600000,28955.75,28963.0,28955.25,28962.0,407.0
MNQ,1m,1788342660000,28962.25,28963.0,28952.75,28956.0,554.0
MNQ,1m,1788342720000,28956.0,28962.25,28955.5,28959.0,403.0
MNQ,1m,1788342780000,28958.75,28967.0,28958.25,28964.5,386.0
MNQ,1m,1788342840000,28964.0,28964.0,28955.5,28958.25,448.0
MNQ,1m,1788342900000,28958.75,28962.5,28957.75,28960.0,341.0
MNQ,1m,1788342960000,28960.5,28973.0,28960.5,28967.75,1083.0
MNQ,1m,1788343020000,28968.0,28973.0,28966.5,28970.25,462.0
MNQ,1m,1788343080000,28970.5,28973.25,28966.0,28968.75,450.0
MNQ,1m,1788343140000,28969.0,28975.0,28969.0,28973.25,399.0
MNQ,1m,1788343200000,28973.25,28977.0,28970.75,28971.25,546.0
MNQ,1m,1788343260000,28970.75,28979.75,28962.75,28967.25,1130.0
MNQ,1m,1788343320000,28967.0,28967.75,28952.25,28955.25,982.0
MNQ,1m,1788343380000,28954.75,28956.5,28951.0,28954.25,592.0
MNQ,1m,1788343440000,28954.0,28955.0,28949.75,28949.75,468.0
MNQ,1m,1788343500000,28950.0,28954.75,28947.25,28950.75,603.0
MNQ,1m,1788343560000,28951.0,28954.75,28948.25,28953.5,413.0
MNQ,1m,1788343620000,28953.5,28958.75,28953.5,28955.5,571.0
MNQ,1m,1788343680000,28954.75,28958.25,28952.25,28954.0,391.0
MNQ,1m,1788343740000,28954.0,28960.5,28952.5,28952.75,370.0
MNQ,1m,1788343800000,28953.25,28957.75,28951.5,28954.0,309.0
MNQ,1m,1788343860000,28954.0,28964.0,28953.5,28959.5,514.0
MNQ,1m,1788343920000,28959.75,28960.0,28952.75,28959.25,363.0
MNQ,1m,1788343980000,28959.25,28975.25,28955.25,28973.75,992.0
MNQ,1m,1788344040000,28973.5,28978.75,28972.25,28978.75,588.0
MNQ,1m,1788344100000,28978.75,28983.0,28975.25,28981.25,968.0
MNQ,1m,1788344160000,28981.5,28981.75,28971.0,28979.25,582.0
MNQ,1m,1788344220000,28979.5,28981.5,28977.0,28981.0,371.0
MNQ,1m,1788344280000,28982.0,28982.0,28975.25,28975.5,215.0
MNQ,1m,1788344340000,28975.5,28979.25,28973.75,28976.75,326.0
MNQ,1m,1788344400000,28977.0,28980.5,28975.75,28978.5,256.0
MNQ,1m,1788344460000,28979.0,28983.0,28976.5,28980.75,480.0
MNQ,1m,1788344520000,28980.75,28984.5,28977.0,28979.75,437.0
MNQ,1m,1788344580000,28980.0,28981.25,28972.75,28973.5,313.0
MNQ,1m,1788344640000,28974.0,28978.0,28970.75,28976.25,446.0
MNQ,1m,1788344700000,28976.25,28988.75,28976.25,28986.75,671.0
MNQ,1m,1788344760000,28986.0,28995.5,28979.0,28988.25,1541.0
MNQ,1m,1788344820000,28988.75,28991.25,28986.5,28990.0,367.0
MNQ,1m,1788344880000,28990.5,28992.25,28986.75,28987.5,396.0
MNQ,1m,1788344940000,28987.0,28987.5,28979.75,28986.25,436.0
MNQ,1m,1788345000000,28985.5,28989.25,28980.0,28983.5,564.0
MNQ,1m,1788345060000,28984.75,28985.5,28967.75,28968.5,972.0
MNQ,1m,1788345120000,28967.75,28976.5,28964.0,28968.5,758.0
MNQ,1m,1788345180000,28969.5,28978.75,28967.75,28977.0,397.0
MNQ,1m,1788345240000,28977.5,28978.0,28974.5,28974.75,212.0
MNQ,1m,1788345300000,28975.25,28982.5,28975.0,28977.25,400.0
MNQ,1m,1788345360000,28977.25,28981.0,28974.5,28977.5,334.0
MNQ,1m,1788345420000,28978.0,28979.25,28972.75,28975.5,430.0
MNQ,1m,1788345480000,28974.5,28975.0,28964.25,28966.75,421.0
MNQ,1m,1788345540000,28966.75,28968.25,28962.5,28965.0,433.0
MNQ,1m,1788345600000,28965.75,28968.25,28964.5,28966.75,276.0
MNQ,1m,1788345660000,28966.25,28966.5,28961.0,28962.25,325.0
MNQ,1m,1788345720000,28963.5,28970.0,28963.25,28965.75,381.0
MNQ,1m,1788345780000,28965.75,28966.5,28962.5,28963.5,199.0
MNQ,1m,1788345840000,28964.5,28968.25,28964.0,28966.5,221.0
MNQ,1m,1788345900000,28966.25,28971.75,28963.75,28967.5,490.0
MNQ,1m,1788345960000,28967.25,28968.25,28961.75,28962.75,285.0
MNQ,1m,1788346020000,28962.75,28969.5,28962.5,28969.0,238.0
MNQ,1m,1788346080000,28968.5,28974.25,28965.75,28973.0,430.0
MNQ,1m,1788346140000,28972.75,28978.75,28972.5,28978.0,383.0
MNQ,1m,1788346200000,28977.5,28978.0,28972.5,28973.75,250.0
MNQ,1m,1788346260000,28973.75,28974.5,28964.25,28970.0,395.0
MNQ,1m,1788346320000,28969.5,28969.5,28957.75,28961.0,706.0
MNQ,1m,1788346380000,28960.5,28969.75,28959.75,28968.75,332.0
MNQ,1m,1788346440000,28968.5,28975.0,28968.0,28972.75,437.0
MNQ,1m,1788346500000,28973.25,28976.75,28968.5,28972.25,279.0
MNQ,1m,1788346560000,28972.0,28976.75,28969.25,28970.0,290.0
MNQ,1m,1788346620000,28971.0,28978.0,28970.5,28977.25,356.0
MNQ,1m,1788346680000,28976.75,28978.25,28974.5,28975.25,210.0
MNQ,1m,1788346740000,28974.5,28988.25,28973.75,28987.0,1036.0
MNQ,1m,1788346800000,28987.25,28989.5,28952.5,28952.5,2202.0
MNQ,1m,1788346860000,28953.0,28954.5,28941.25,28943.0,1553.0
MNQ,1m,1788346920000,28942.75,28947.75,28935.25,28937.5,1914.0
MNQ,1m,1788346980000,28937.0,28939.75,28927.25,28933.75,1897.0
MNQ,1m,1788347040000,28933.0,28937.5,28932.75,28936.75,653.0
MNQ,1m,1788347100000,28935.75,28939.5,28932.5,28937.25,743.0
MNQ,1m,1788347160000,28937.0,28937.0,28927.25,28933.75,1172.0
MNQ,1m,1788347220000,28933.75,28954.0,28929.0,28953.0,1670.0
MNQ,1m,1788347280000,28952.75,28969.0,28948.5,28966.0,1806.0
MNQ,1m,1788347340000,28966.5,28993.0,28964.5,28980.25,2241.0
MNQ,1m,1788347400000,28979.75,28988.75,28969.0,28985.25,1543.0
MNQ,1m,1788347460000,28985.25,28990.0,28976.5,28982.0,1020.0
MNQ,1m,1788347520000,28982.25,28993.25,28980.25,28989.25,750.0
MNQ,1m,1788347580000,28988.5,28988.5,28982.5,28985.25,513.0
MNQ,1m,1788347640000,28986.5,29021.25,28983.75,29014.75,4372.0
MNQ,1m,1788347700000,29014.25,29027.25,29007.75,29013.5,2848.0
MNQ,1m,1788347760000,29013.75,29023.5,29011.75,29017.75,1362.0
MNQ,1m,1788347820000,29015.75,29017.0,29005.5,29006.75,1170.0
MNQ,1m,1788347880000,29006.5,29008.0,28995.0,28998.0,1201.0
MNQ,1m,1788347940000,28998.75,29011.25,28995.75,29008.25,1363.0
MNQ,1m,1788348000000,29008.25,29012.75,29001.5,29005.25,796.0
MNQ,1m,1788348060000,29004.5,29006.75,29002.5,29006.25,358.0
MNQ,1m,1788348120000,29005.5,29009.25,29004.0,29008.5,411.0
MNQ,1m,1788348180000,29008.75,29017.5,29001.0,29016.0,997.0
MNQ,1m,1788348240000,29015.75,29016.25,29010.25,29015.25,476.0
MNQ,1m,1788348300000,29015.25,29018.5,29011.5,29014.5,633.0
MNQ,1m,1788348360000,29013.75,29021.5,29012.5,29018.5,646.0
MNQ,1m,1788348420000,29018.75,29034.0,29018.75,29033.25,1268.0
MNQ,1m,1788348480000,29033.25,29036.0,29031.25,29031.75,896.0
MNQ,1m,1788348540000,29031.75,29032.75,29020.5,29022.5,834.0
MNQ,1m,1788348600000,29023.5,29031.0,29022.5,29029.25,453.0
MNQ,1m,1788348660000,29029.0,29029.5,29018.25,29022.0,660.0
MNQ,1m,1788348720000,29022.5,29038.25,29020.5,29036.25,851.0
MNQ,1m,1788348780000,29035.5,29045.5,29032.25,29045.5,1132.0
MNQ,1m,1788348840000,29045.0,29053.25,29040.5,29051.75,1371.0
MNQ,1m,1788348900000,29052.0,29058.75,29048.75,29056.75,1262.0
MNQ,1m,1788348960000,29056.75,29057.25,29046.5,29049.0,942.0
MNQ,1m,1788349020000,29048.75,29050.0,29045.0,29047.0,632.0
MNQ,1m,1788349080000,29047.5,29059.75,29045.75,29052.75,955.0
MNQ,1m,1788349140000,29052.5,29054.75,29049.75,29050.5,479.0
MNQ,1m,1788349200000,29050.25,29052.0,29041.0,29047.25,909.0
MNQ,1m,1788349260000,29047.25,29047.75,29034.0,29034.75,900.0
MNQ,1m,1788349320000,29035.25,29041.0,29032.75,29035.0,918.0
MNQ,1m,1788349380000,29034.75,29038.75,29027.0,29030.75,1395.0
MNQ,1m,1788349440000,29030.75,29030.75,29027.5,29029.5,533.0
MNQ,1m,1788349500000,29029.75,29036.0,29026.0,29033.25,816.0
MNQ,1m,1788349560000,29034.0,29035.25,29023.0,29034.25,888.0
MNQ,1m,1788349620000,29033.75,29034.25,29028.25,29030.25,482.0
MNQ,1m,1788349680000,29031.0,29033.25,29026.25,29026.75,406.0
MNQ,1m,1788349740000,29027.75,29029.0,29024.5,29025.25,511.0
MNQ,1m,1788349800000,29025.5,29030.0,29024.5,29027.25,412.0
MNQ,1m,1788349860000,29027.5,29029.75,29022.25,29024.0,504.0
MNQ,1m,1788349920000,29024.5,29034.0,29022.5,29031.25,802.0
MNQ,1m,1788349980000,29031.0,29036.5,29030.75,29032.5,555.0
MNQ,1m,1788350040000,29031.75,29048.0,29029.0,29039.75,1477.0
MNQ,1m,1788350100000,29039.75,29046.5,29036.75,29045.5,799.0
MNQ,1m,1788350160000,29045.0,29048.5,29040.5,29045.0,951.0
MNQ,1m,1788350220000,29045.0,29058.5,29044.0,29056.75,1257.0
MNQ,1m,1788350280000,29056.75,29068.0,29055.25,29067.75,1594.0
MNQ,1m,1788350340000,29067.5,29085.25,29066.0,29083.75,2033.0
MNQ,1m,1788350400000,29083.25,29084.5,29073.75,29080.25,2199.0
MNQ,1m,1788350460000,29079.75,29085.25,29077.75,29079.25,1049.0
MNQ,1m,1788350520000,29079.25,29080.5,29074.5,29076.25,1093.0
MNQ,1m,1788350580000,29078.0,29083.25,29076.25,29082.0,778.0
MNQ,1m,1788350640000,29081.75,29089.25,29079.75,29086.75,1135.0
MNQ,1m,1788350700000,29086.25,29106.25,29086.0,29104.0,2477.0
MNQ,1m,1788350760000,29104.25,29108.25,29097.5,29105.5,1475.0
MNQ,1m,1788350820000,29104.75,29106.25,29101.0,29104.25,981.0
MNQ,1m,1788350880000,29104.5,29107.0,29102.5,29104.0,743.0
MNQ,1m,1788350940000,29104.25,29105.75,29089.5,29091.25,1413.0
MNQ,1m,1788351000000,29091.25,29092.75,29080.75,29090.25,1779.0
MNQ,1m,1788351060000,29090.75,29096.5,29085.75,29092.25,1054.0
MNQ,1m,1788351120000,29092.75,29100.25,29086.5,29091.25,829.0
MNQ,1m,1788351180000,29091.75,29108.0,29091.75,29103.0,916.0
MNQ,1m,1788351240000,29102.5,29124.0,29102.25,29123.75,1649.0
MNQ,1m,1788351300000,29120.75,29124.0,29098.75,29102.0,1623.0
MNQ,1m,1788351360000,29102.0,29103.75,29095.0,29101.0,1092.0
MNQ,1m,1788351420000,29101.25,29108.25,29100.25,29102.0,581.0
MNQ,1m,1788351480000,29101.75,29111.5,29098.0,29107.0,994.0
MNQ,1m,1788351540000,29107.0,29108.0,29097.0,29099.25,945.0
MNQ,1m,1788351600000,29098.75,29140.25,29094.5,29137.75,4272.0
MNQ,1m,1788351660000,29137.25,29149.25,29127.75,29131.5,4612.0
MNQ,1m,1788351720000,29131.75,29132.75,29121.5,29121.5,1868.0
MNQ,1m,1788351780000,29121.5,29136.25,29110.5,29116.75,1903.0
MNQ,1m,1788351840000,29116.25,29128.5,29116.25,29128.25,1122.0
MNQ,1m,1788351900000,29126.75,29135.75,29117.25,29117.5,2245.0
MNQ,1m,1788351960000,29118.75,29120.0,29112.25,29113.5,992.0
MNQ,1m,1788352020000,29113.75,29115.75,29105.0,29108.0,1032.0
MNQ,1m,1788352080000,29107.75,29112.75,29105.25,29110.5,808.0
MNQ,1m,1788352140000,29110.5,29113.75,29103.25,29107.75,999.0
MNQ,1m,1788352200000,29107.5,29110.75,29100.25,29101.0,1007.0
MNQ,1m,1788352260000,29101.0,29103.25,29095.25,29095.25,1533.0
MNQ,1m,1788352320000,29095.0,29097.0,29085.25,29088.25,1608.0
MNQ,1m,1788352380000,29088.75,29092.75,29085.25,29086.0,983.0
MNQ,1m,1788352440000,29085.75,29091.0,29079.25,29087.25,1524.0
MNQ,1m,1788352500000,29087.0,29090.75,29086.25,29086.75,675.0
MNQ,1m,1788352560000,29087.25,29091.5,29085.0,29087.25,651.0
MNQ,1m,1788352620000,29087.0,29087.75,29079.25,29081.0,947.0
MNQ,1m,1788352680000,29080.75,29083.0,29068.5,29070.0,2014.0
MNQ,1m,1788352740000,29069.75,29079.25,29067.0,29078.25,1223.0
MNQ,1m,1788352800000,29077.75,29086.0,29073.5,29080.25,1212.0
MNQ,1m,1788352860000,29080.75,29083.25,29076.75,29080.5,635.0
MNQ,1m,1788352920000,29081.0,29081.25,29071.5,29072.25,705.0
MNQ,1m,1788352980000,29072.0,29074.75,29068.75,29071.25,791.0
MNQ,1m,1788353040000,29071.5,29073.25,29067.5,29069.75,537.0
MNQ,1m,1788353100000,29069.25,29071.75,29063.5,29067.75,1017.0
MNQ,1m,1788353160000,29067.25,29069.25,29059.5,29061.0,1241.0
MNQ,1m,1788353220000,29061.5,29067.5,29056.75,29067.25,1390.0
MNQ,1m,1788353280000,29067.5,29067.5,29060.0,29061.25,701.0
MNQ,1m,1788353340000,29061.25,29062.5,29054.75,29056.5,1052.0
MNQ,1m,1788353400000,29056.25,29058.75,29053.5,29058.25,805.0
MNQ,1m,1788353460000,29058.5,29058.5,29048.0,29050.25,1209.0
MNQ,1m,1788353520000,29050.25,29052.25,29041.5,29044.5,1347.0
MNQ,1m,1788353580000,29044.25,29046.0,29039.0,29043.25,1512.0
MNQ,1m,1788353640000,29043.5,29047.0,29041.5,29042.25,920.0
MNQ,1m,1788353700000,29042.75,29044.25,29037.0,29039.25,1499.0
MNQ,1m,1788353760000,29040.0,29042.75,29034.5,29039.75,1479.0
MNQ,1m,1788353820000,29039.25,29040.25,29036.25,29039.5,778.0
MNQ,1m,1788353880000,29039.75,29041.25,29034.75,29035.0,876.0
MNQ,1m,1788353940000,29034.75,29041.5,29033.0,29040.0,826.0
MNQ,1m,1788354000000,29040.25,29055.0,29037.75,29047.0,3164.0
MNQ,1m,1788354060000,29047.25,29050.0,29044.25,29048.25,1156.0
MNQ,1m,1788354120000,29047.75,29060.25,29047.75,29056.0,1798.0
MNQ,1m,1788354180000,29055.75,29058.5,29052.0,29052.5,1130.0
MNQ,1m,1788354240000,29052.75,29058.0,29052.0,29054.0,858.0
MNQ,1m,1788354300000,29054.0,29061.0,29050.0,29058.0,1692.0
MNQ,1m,1788354360000,29058.5,29066.5,29055.0,29063.75,1521.0
MNQ,1m,1788354420000,29064.0,29066.0,29061.0,29061.75,640.0
MNQ,1m,1788354480000,29061.75,29067.0,29061.25,29066.75,753.0
MNQ,1m,1788354540000,29066.5,29070.0,29061.75,29062.75,950.0
MNQ,1m,1788354600000,29062.0,29066.25,29059.5,29061.25,796.0
MNQ,1m,1788354660000,29061.25,29066.75,29060.75,29062.75,750.0
MNQ,1m,1788354720000,29063.0,29064.0,29059.25,29063.5,440.0
MNQ,1m,1788354780000,29064.0,29070.25,29061.25,29068.0,1106.0
MNQ,1m,1788354840000,29067.75,29070.75,29066.25,29067.75,758.0
MNQ,1m,1788354900000,29067.75,29072.5,29062.75,29068.75,766.0
MNQ,1m,1788354960000,29068.25,29074.5,29066.25,29071.75,947.0
MNQ,1m,1788355020000,29071.5,29073.5,29068.0,29072.25,622.0
MNQ,1m,1788355080000,29072.0,29079.75,29071.25,29078.25,1175.0
MNQ,1m,1788355140000,29078.5,29080.75,29074.0,29075.25,922.0
MNQ,1m,1788355200000,29075.5,29080.5,29072.0,29073.25,1210.0
MNQ,1m,1788355260000,29073.5,29080.5,29071.75,29078.75,1056.0
MNQ,1m,1788355320000,29077.5,29086.25,29077.5,29084.0,1555.0
MNQ,1m,1788355380000,29084.75,29092.0,29083.5,29090.25,1400.0
MNQ,1m,1788355440000,29090.0,29091.5,29086.0,29089.25,1086.0
MNQ,1m,1788355500000,29089.25,29090.25,29077.75,29082.0,2436.0
MNQ,1m,1788355560000,29082.5,29101.5,29081.75,29100.0,2398.0
MNQ,1m,1788355620000,29100.0,29110.0,29097.5,29110.0,3521.0
MNQ,1m,1788355680000,29110.0,29115.5,29103.75,29108.25,2686.0
MNQ,1m,1788355740000,29107.75,29110.5,29095.0,29098.25,2891.0
MNQ,1m,1788355800000,29098.25,29102.0,29042.75,29065.0,17792.0
MNQ,1m,1788355860000,29065.0,29083.75,29044.5,29055.25,14904.0
MNQ,1m,1788355920000,29055.0,29084.75,29052.5,29079.25,10217.0
MNQ,1m,1788355980000,29079.25,29087.25,29061.25,29072.5,9374.0
MNQ,1m,1788356040000,29072.75,29087.75,29066.75,29083.5,8815.0
MNQ,1m,1788356100000,29083.75,29091.0,29057.25,29066.0,10506.0
MNQ,1m,1788356160000,29065.25,29070.75,29049.5,29051.25,9594.0
MNQ,1m,1788356220000,29052.0,29061.0,29036.75,29048.5,10900.0
MNQ,1m,1788356280000,29047.75,29062.0,29039.5,29057.0,6977.0
MNQ,1m,1788356340000,29056.75,29088.0,29052.75,29087.0,8298.0
MNQ,1m,1788356400000,29087.0,29109.0,29075.5,29100.0,11827.0
MNQ,1m,1788356460000,29099.75,29112.5,29091.5,29107.75,8257.0
MNQ,1m,1788356520000,29107.75,29119.0,29100.75,29110.0,7318.0
MNQ,1m,1788356580000,29109.75,29110.5,29081.0,29083.0,8696.0
MNQ,1m,1788356640000,29083.25,29100.0,29082.0,29090.25,4671.0
MNQ,1m,1788356700000,29090.5,29113.0,29068.75,29079.25,12647.0
MNQ,1m,1788356760000,29079.5,29083.5,29049.0,29064.5,10964.0
MNQ,1m,1788356820000,29064.5,29086.75,29061.25,29079.0,7235.0
MNQ,1m,1788356880000,29078.75,29082.5,29061.75,29064.25,5158.0
MNQ,1m,1788356940000,29064.25,29065.75,29041.75,29047.75,6946.0
MNQ,1m,1788357000000,29048.25,29073.5,29048.25,29068.25,7343.0
MNQ,1m,1788357060000,29068.25,29068.75,29033.75,29037.5,7831.0
MNQ,1m,1788357120000,29037.25,29057.25,29035.0,29044.5,7436.0
MNQ,1m,1788357180000,29044.0,29063.75,29040.25,29040.25,6789.0
MNQ,1m,1788357240000,29041.5,29044.25,29025.0,29029.5,9566.0
MNQ,1m,1788357300000,29030.0,29034.5,29017.25,29030.75,8945.0
MNQ,1m,1788357360000,29030.5,29052.0,29025.75,29051.0,8759.0
MNQ,1m,1788357420000,29051.0,29054.0,29027.25,29027.25,7382.0
MNQ,1m,1788357480000,29027.75,29043.75,29023.5,29029.5,4051.0
MNQ,1m,1788357540000,29029.25,29065.75,29028.5,29062.5,6265.0
MNQ,1m,1788357600000,29062.0,29062.0,29043.75,29057.75,7036.0
MNQ,1m,1788357660000,29057.25,29068.0,29049.5,29053.0,8137.0
MNQ,1m,1788357720000,29053.25,29060.0,29032.25,29058.75,10605.0
MNQ,1m,1788357780000,29058.75,29061.0,29051.5,29054.25,3944.0
MNQ,1m,1788357840000,29055.75,29084.0,29055.75,29083.25,9771.0
MNQ,1m,1788357900000,29083.25,29100.5,29080.5,29089.0,8824.0
MNQ,1m,1788357960000,29089.5,29098.75,29079.5,29097.0,5682.0
MNQ,1m,1788358020000,29097.25,29109.75,29095.75,29103.25,6360.0
MNQ,1m,1788358080000,29102.75,29107.0,29088.75,29097.0,5514.0
MNQ,1m,1788358140000,29096.5,29114.5,29089.75,29095.5,7441.0
MNQ,1m,1788358200000,29096.0,29122.75,29094.5,29108.0,8917.0
MNQ,1m,1788358260000,29108.0,29114.0,29102.75,29111.25,4708.0
MNQ,1m,1788358320000,29111.75,29113.25,29086.75,29099.75,8177.0
MNQ,1m,1788358380000,29100.25,29117.75,29100.0,29113.5,6836.0
MNQ,1m,1788358440000,29113.75,29128.25,29113.75,29127.5,7565.0
MNQ,1m,1788358500000,29127.5,29135.0,29119.25,29132.25,7823.0
MNQ,1m,1788358560000,29132.25,29143.5,29131.75,29141.5,7288.0
MNQ,1m,1788358620000,29141.25,29148.75,29136.5,29147.5,5777.0
MNQ,1m,1788358680000,29147.25,29157.75,29140.25,29151.0,7200.0
MNQ,1m,1788358740000,29151.25,29162.5,29151.25,29160.5,5938.0
MNQ,1m,1788358800000,29160.5,29168.0,29148.5,29149.75,6913.0
MNQ,1m,1788358860000,29149.75,29177.25,29149.5,29175.75,8175.0
MNQ,1m,1788358920000,29175.5,29183.75,29172.5,29179.5,6756.0
MNQ,1m,1788358980000,29180.0,29188.5,29172.75,29186.0,6232.0
MNQ,1m,1788359040000,29186.0,29186.25,29169.25,29173.0,4703.0
MNQ,1m,1788359100000,29173.25,29178.5,29160.25,29169.0,6350.0
MNQ,1m,1788359160000,29169.0,29189.5,29167.75,29187.75,5927.0
MNQ,1m,1788359220000,29188.0,29188.25,29171.75,29177.75,4605.0
MNQ,1m,1788359280000,29178.5,29187.5,29175.0,29186.0,2978.0
MNQ,1m,1788359340000,29186.75,29194.0,29181.5,29187.5,4943.0
MNQ,1m,1788359400000,29187.0,29193.0,29172.25,29175.25,5434.0
MNQ,1m,1788359460000,29175.0,29191.5,29174.0,29188.25,4770.0
MNQ,1m,1788359520000,29188.25,29189.5,29176.25,29177.25,3540.0
MNQ,1m,1788359580000,29177.25,29189.5,29171.5,29188.5,4213.0
MNQ,1m,1788359640000,29188.0,29206.25,29185.75,29204.75,9121.0
MNQ,1m,1788359700000,29205.0,29211.75,29197.25,29199.5,7614.0
MNQ,1m,1788359760000,29200.0,29205.0,29191.0,29199.5,5158.0
MNQ,1m,1788359820000,29200.0,29203.5,29192.5,29193.0,2828.0
MNQ,1m,1788359880000,29192.5,29195.0,29173.25,29177.25,7073.0
MNQ,1m,1788359940000,29177.25,29187.0,29168.25,29186.0,6351.0
MNQ,1m,1788360000000,29186.0,29197.75,29181.75,29193.75,5769.0
MNQ,1m,1788360060000,29193.75,29197.5,29178.75,29182.0,3932.0
MNQ,1m,1788360120000,29181.75,29200.75,29181.5,29186.0,4734.0
MNQ,1m,1788360180000,29186.0,29196.75,29182.0,29194.5,3199.0
MNQ,1m,1788360240000,29195.0,29202.75,29192.0,29201.5,3343.0
MNQ,1m,1788360300000,29201.75,29202.5,29182.5,29183.25,4174.0
MNQ,1m,1788360360000,29183.0,29185.0,29175.0,29176.0,4211.0
MNQ,1m,1788360420000,29176.75,29179.5,29171.25,29173.25,3077.0
MNQ,1m,1788360480000,29173.25,29175.5,29159.0,29160.25,5865.0
MNQ,1m,1788360540000,29159.75,29162.25,29149.0,29160.5,7309.0
MNQ,1m,1788360600000,29160.5,29160.5,29140.0,29140.25,7039.0
MNQ,1m,1788360660000,29140.0,29154.5,29139.5,29151.5,5351.0
MNQ,1m,1788360720000,29151.25,29153.0,29140.75,29142.5,3621.0
MNQ,1m,1788360780000,29142.75,29143.75,29128.25,29132.75,6553.0
MNQ,1m,1788360840000,29132.75,29136.25,29120.25,29129.0,5618.0
MNQ,1m,1788360900000,29130.25,29140.75,29128.0,29133.0,5062.0
MNQ,1m,1788360960000,29132.5,29136.25,29122.75,29126.75,4773.0
MNQ,1m,1788361020000,29126.75,29136.0,29123.0,29135.0,3307.0
MNQ,1m,1788361080000,29135.25,29137.25,29116.0,29121.0,5399.0
MNQ,1m,1788361140000,29120.5,29121.75,29111.25,29120.25,4843.0
MNQ,1m,1788361200000,29120.5,29121.75,29107.75,29110.5,5573.0
MNQ,1m,1788361260000,29111.0,29118.5,29106.25,29111.25,4656.0
MNQ,1m,1788361320000,29111.0,29125.0,29110.25,29122.5,5143.0
MNQ,1m,1788361380000,29122.5,29145.75,29119.75,29144.5,8228.0
MNQ,1m,1788361440000,29144.75,29148.0,29123.25,29139.5,7526.0
MNQ,1m,1788361500000,29139.25,29142.5,29127.5,29138.0,4233.0
MNQ,1m,1788361560000,29138.0,29153.0,29138.0,29151.25,6095.0
MNQ,1m,1788361620000,29151.0,29153.25,29136.25,29140.25,4062.0
MNQ,1m,1788361680000,29140.25,29147.25,29138.5,29146.25,2983.0
MNQ,1m,1788361740000,29146.0,29154.75,29142.25,29153.5,3325.0
MNQ,1m,1788361800000,29153.75,29154.0,29141.75,29144.75,3632.0
MNQ,1m,1788361860000,29144.5,29165.75,29140.5,29164.25,5679.0
MNQ,1m,1788361920000,29164.0,29168.25,29144.0,29145.5,6242.0
MNQ,1m,1788361980000,29145.75,29154.5,29141.0,29142.25,4806.0
MNQ,1m,1788362040000,29142.75,29161.75,29142.75,29158.25,3592.0
MNQ,1m,1788362100000,29158.0,29170.75,29151.25,29170.0,4677.0
MNQ,1m,1788362160000,29170.0,29173.0,29163.75,29170.5,3617.0
MNQ,1m,1788362220000,29170.5,29176.5,29167.75,29174.25,2961.0
MNQ,1m,1788362280000,29174.25,29182.5,29170.5,29181.0,3738.0
MNQ,1m,1788362340000,29181.25,29189.5,29181.0,29183.75,4396.0
MNQ,1m,1788362400000,29184.0,29188.0,29181.0,29185.0,2829.0
MNQ,1m,1788362460000,29185.25,29187.5,29172.5,29175.25,3816.0
MNQ,1m,1788362520000,29175.25,29184.25,29173.5,29181.75,2498.0
MNQ,1m,1788362580000,29181.5,29181.75,29168.25,29171.0,3849.0
MNQ,1m,1788362640000,29170.25,29182.25,29168.25,29178.25,2445.0
MNQ,1m,1788362700000,29178.5,29196.5,29177.5,29194.0,4467.0
MNQ,1m,1788362760000,29194.25,29195.0,29187.75,29190.25,2283.0
MNQ,1m,1788362820000,29190.0,29192.75,29184.75,29191.75,2199.0
MNQ,1m,1788362880000,29192.25,29208.0,29191.75,29200.25,6422.0
MNQ,1m,1788362940000,29200.75,29207.0,29198.5,29205.0,3059.0
MNQ,1m,1788363000000,29204.75,29208.5,29192.75,29193.25,4198.0
MNQ,1m,1788363060000,29193.25,29203.0,29191.5,29202.75,2850.0
MNQ,1m,1788363120000,29202.25,29202.75,29195.0,29199.75,2146.0
MNQ,1m,1788363180000,29199.75,29200.5,29189.0,29197.0,2544.0
MNQ,1m,1788363240000,29196.5,29197.5,29190.0,29192.0,2165.0
MNQ,1m,1788363300000,29192.0,29193.75,29176.75,29187.5,5354.0
MNQ,1m,1788363360000,29187.0,29202.5,29186.0,29200.0,4032.0
MNQ,1m,1788363420000,29200.0,29200.0,29191.25,29193.5,2371.0
MNQ,1m,1788363480000,29193.25,29194.25,29185.25,29185.5,2387.0
MNQ,1m,1788363540000,29185.5,29188.5,29171.5,29178.5,4342.0
MNQ,1m,1788363600000,29178.75,29188.5,29175.75,29178.5,3596.0
MNQ,1m,1788363660000,29179.0,29186.0,29176.25,29182.25,2376.0
MNQ,1m,1788363720000,29182.0,29183.5,29174.5,29176.75,2121.0
MNQ,1m,1788363780000,29176.75,29186.25,29173.75,29178.75,2347.0
MNQ,1m,1788363840000,29178.75,29187.75,29178.75,29182.25,1887.0
MNQ,1m,1788363900000,29182.25,29184.75,29155.75,29158.25,6701.0
MNQ,1m,1788363960000,29157.75,29167.75,29155.5,29166.5,3758.0
MNQ,1m,1788364020000,29166.5,29168.25,29157.0,29159.5,2371.0
MNQ,1m,1788364080000,29160.0,29161.0,29148.75,29151.25,4013.0
MNQ,1m,1788364140000,29151.0,29154.75,29141.0,29142.75,3339.0
MNQ,1m,1788364200000,29142.75,29149.5,29135.75,29139.75,4510.0
MNQ,1m,1788364260000,29139.5,29154.25,29136.0,29154.0,3937.0
MNQ,1m,1788364320000,29153.25,29166.25,29148.75,29163.0,4084.0
MNQ,1m,1788364380000,29163.0,29165.75,29146.0,29149.0,3423.0
MNQ,1m,1788364440000,29149.5,29152.5,29145.5,29151.0,2078.0
MNQ,1m,1788364500000,29151.0,29156.5,29146.25,29149.25,2686.0
MNQ,1m,1788364560000,29149.5,29152.0,29140.75,29144.0,2140.0
MNQ,1m,1788364620000,29144.25,29156.25,29143.0,29152.75,2466.0
MNQ,1m,1788364680000,29152.5,29183.75,29152.5,29183.25,6202.0
MNQ,1m,1788364740000,29182.75,29191.0,29180.0,29184.5,3731.0
MNQ,1m,1788364800000,29184.75,29188.0,29177.75,29186.0,3653.0
MNQ,1m,1788364860000,29185.5,29188.75,29178.5,29180.75,2074.0
MNQ,1m,1788364920000,29181.25,29185.75,29176.25,29177.75,2384.0
MNQ,1m,1788364980000,29178.0,29185.75,29173.5,29183.75,2675.0
MNQ,1m,1788365040000,29184.25,29197.25,29182.0,29195.5,3425.0
MNQ,1m,1788365100000,29195.5,29198.0,29185.0,29189.0,3159.0
MNQ,1m,1788365160000,29188.5,29194.25,29183.75,29193.75,2034.0
MNQ,1m,1788365220000,29193.75,29198.0,29191.0,29193.75,1596.0
MNQ,1m,1788365280000,29194.0,29196.5,29188.5,29193.75,1585.0
MNQ,1m,1788365340000,29194.5,29195.5,29184.25,29188.25,1484.0
MNQ,1m,1788365400000,29188.25,29195.25,29184.75,29193.0,1587.0
MNQ,1m,1788365460000,29193.0,29195.0,29184.75,29186.5,1465.0
MNQ,1m,1788365520000,29186.5,29190.75,29184.0,29188.25,1699.0
MNQ,1m,1788365580000,29188.75,29194.5,29184.0,29186.75,2213.0
MNQ,1m,1788365640000,29186.25,29194.0,29182.0,29186.25,1870.0
MNQ,1m,1788365700000,29186.5,29186.75,29172.0,29173.25,3400.0
MNQ,1m,1788365760000,29173.75,29178.25,29165.0,29166.0,2763.0
MNQ,1m,1788365820000,29166.25,29170.75,29161.5,29162.25,2915.0
MNQ,1m,1788365880000,29162.0,29166.5,29159.5,29164.0,2314.0
MNQ,1m,1788365940000,29164.25,29173.25,29164.25,29170.25,2208.0
MNQ,1m,1788366000000,29170.25,29176.25,29168.25,29172.0,2196.0
MNQ,1m,1788366060000,29172.25,29172.25,29165.0,29170.0,1540.0
MNQ,1m,1788366120000,29169.25,29171.25,29163.5,29166.75,1280.0
MNQ,1m,1788366180000,29167.25,29170.0,29159.75,29161.0,1727.0
MNQ,1m,1788366240000,29161.0,29167.25,29157.25,29160.0,2503.0
MNQ,1m,1788366300000,29160.75,29167.75,29159.25,29159.5,1687.0
MNQ,1m,1788366360000,29159.75,29165.0,29151.0,29151.5,2555.0
MNQ,1m,1788366420000,29151.75,29155.75,29145.5,29147.25,2999.0
MNQ,1m,1788366480000,29147.5,29153.5,29147.25,29151.75,1461.0
