trade_date,session,version,created_ct,lifecycle,bias,sid,dir,cond,q,c_rule,c_ref,c_side,arm_en,arm_entry,arm_stop,arm_target,arm_kind,targets,trig,invalid,death,flip
2026-09-01,ASIA,1,"2026-09-01 17:23:14",no_trade,neutral,S0,long,hold,B,,,,,,,,,,none,n/a,"already dead (fail-closed)",n/a
2026-09-01,ASIA,2,"2026-09-01 18:00:41",no_trade,neutral,S0,long,hold,B,,,,,,,,,,none,n/a,"already dead (fail-closed)",n/a
2026-09-01,ASIA,3,"2026-09-01 21:14:52",no_trade,neutral,S0,long,hold,B,,,,,,,,,,none,n/a,"already dead (fail-closed)",n/a
2026-09-01,ASIA,4,"2026-09-01 21:53:46",no_trade,neutral,S0,long,hold,B,,,,,,,,,,none,n/a,"already dead (fail-closed)",n/a
2026-09-01,ASIA,5,"2026-09-01 23:12:44",active,long,S1,long,sweep_reclaim,B,touch,29042.25,below,,,,,,"[29062.75,29072.75,29103]","re-test sweep of 29042.25 ONL, then 1x5m close back above 29045.00","1x5m close below 29042.25 ONL after entry","2x5m closes below 29042.25 ONL invalidate this long plan","2x5m close below 29042.25 ONL voids long; 5m close above 29062.75 OR-L confirms/upgrades long"
2026-09-01,ASIA,5,"2026-09-01 23:12:44",active,long,S2,long,breakout_retest,C,touch,29062.75,above,,,,,,"[29072.75,29103,29113.23]","breakout above 29062.75 OR-L, then retest holds at 29062.75; stop-entry above 29065.00","1x5m close back below 29042.25 ONL","2x5m closes below 29042.25 ONL invalidate this long plan","2x5m close below 29042.25 ONL voids long; 5m close above 29062.75 OR-L confirms/upgrades long"
2026-09-01,ASIA,6,"2026-09-01 23:20:29",active,long,S1,long,sweep_reclaim,A,touch,29035.25,below,1,29035.25,29018,29071.41,,"[29071.41,29113.23,29133,29171.25]","Sweep of ONL 29035.25 (trade through overnight-low stops), then a reclaim: 1m MSS up or a 5m close back above 29035.25.","5m close below 29035.25 with no 1m MSS back above — the sweep held, long void.","Whole plan void on a 5m close below Supply·4h 29029.88 — the sweep held and the tape is running; stand down.","5m close below ONL 29035.25 (sweep held, no reclaim) flips bias to short"
2026-09-01,ASIA,6,"2026-09-01 23:20:29",active,long,S2,long,reject,B,touch,29040.61,below,1,29040.61,29020,29113.23,,"[29071.41,29113.23]","First-touch reaction at VWAP−2σ 29040.61: price dips to the react zone and rejects upward with no 5m acceptance, mean-reverting toward the magnets.","5m close below 29040.61 — acceptance of the zone voids the fade; wait for S1 instead.","Whole plan void on a 5m close below Supply·4h 29029.88 — the sweep held and the tape is running; stand down.","5m close below ONL 29035.25 (sweep held, no reclaim) flips bias to short"
2026-09-01,ASIA,6,"2026-09-01 23:20:29",active,long,S3,long,reclaim,B,1x5m_close,29071.41,above,,,,,,"[29113.23,29133,29171.25]","Reclaim of the lost VWAP−1σ 29071.41: price 5m-closes back above the magnet after a bounce off ONL/VWAP−2σ, turning it to support.","5m close back below 29071.41 after the reclaim — failed reclaim.","Whole plan void on a 5m close below Supply·4h 29029.88 — the sweep held and the tape is running; stand down.","5m close below ONL 29035.25 (sweep held, no reclaim) flips bias to short"
2026-09-01,ASIA,7,"2026-09-01 23:58:16",active,long,S1,long,reject,A,touch,29044,below,1,29044,29025,29099.85,,"[29068.05,29099.85]","Price touches 29044.00 (SWG-L·15m) and rejects upward","5m close below 29029.88 invalidates the bounce","5m close below 29029.88 kills the long plan","5m close below 29035.25 flips bias to short"
2026-09-01,ASIA,7,"2026-09-01 23:58:16",active,long,S2,long,reclaim,C,1x5m_close,29062.75,above,,,,,,"[29068.05,29099.85]","Price reclaims 29062.75 (OR-L) with a 5m close above","5m close below 29044.00 invalidates the reclaim","5m close below 29029.88 kills the long plan","5m close below 29035.25 flips bias to short"
2026-09-01,ASIA,7,"2026-09-01 23:58:16",active,long,S3,long,reject,B,touch,29068.05,below,1,29068.05,29044,29131.66,,"[29099.85,29113.23]","Price touches 29068.05 (VWAP−1σ) and rejects upward","5m close below 29062.75 invalidates the rejection","5m close below 29029.88 kills the long plan","5m close below 29035.25 flips bias to short"
2026-09-01,ASIA,8,"2026-09-02 00:19:46",active,long,S1,long,sweep_reclaim,B,touch,29035.25,below,,,,,,"[29058.75,29065.3,29085,29097.88]","Sweep of ONL 29035.25 followed by a 5m close back above 29035.25; entry on that reclaim close.","A 5m close below 29035.25 before the reclaim close is a breakdown, not a sweep; S1 void.","A 5m close below PDL 29001.75 voids the recovery plan and opens the path toward 28711.25.","A 5m close below ONL 29035.25 flips the session bias to short."
2026-09-01,ASIA,8,"2026-09-02 00:19:46",active,long,S2,long,reclaim,B,1x5m_close,29058.75,above,,,,,,"[29065.3,29085,29097.88,29113.23]","After a dip back under PDC 29058.75, a 5m close back above 29058.75; entry on that close.","A 5m close back below 29035.25 before reaching VWAP−1σ 29065.30 voids S2.","A 5m close below PDL 29001.75 voids the recovery plan and opens the path toward 28711.25.","A 5m close below ONL 29035.25 flips the session bias to short."
2026-09-01,ASIA,8,"2026-09-02 00:19:46",active,long,S3,long,breakout_retest,B,touch,29097.88,above,,,,,,"[29113.23,29130.45,29171.25]","A 5m close above VWAP 29097.88 followed by a retest of 29097.88 that holds; entry at the retest or stop-entry.","A 5m close back below the 1h bull OB 29085.00 voids S3.","A 5m close below PDL 29001.75 voids the recovery plan and opens the path toward 28711.25.","A 5m close below ONL 29035.25 flips the session bias to short."
2026-09-01,ASIA,9,"2026-09-02 00:47:12",active,long,S1,long,sweep_reclaim,B,touch,29035.25,below,,,,,,"[29058.75,29065.05,29085,29096.67]","Price sweeps ONL 29035.25 with a wick below, then closes back above it","5m close below 29001.75 PDL","5m close below PDL 29001.75 kills the whole long plan","2x5m close below ONL 29035.25 flips bias to short"
2026-09-01,ASIA,9,"2026-09-02 00:47:12",active,long,S2,long,reclaim,B,1x5m_close,29058.75,above,,,,,,"[29096.67,29113.23,29128.29,29171.25]","Pullback to PDC 29058.75 and 5m close back above it","5m close below 29035.25 ONL","5m close below PDL 29001.75 kills the whole long plan","2x5m close below ONL 29035.25 flips bias to short"
2026-09-02,LONDON,1,"2026-09-02 01:37:44",no_trade,neutral,S0,long,hold,B,,,,,,,,,,none,n/a,"already dead (fail-closed)",n/a
2026-09-01,ASIA,10,"2026-09-02 01:51:21",active,long,S1,long,sweep_reclaim,B,touch,29016.5,below,,,,,,"[29058.75,29091,29113.23]","Price sweeps 29016.50 ONL, wicks below, then closes back above on 5m (reclaim close on decision TF).","5m close below 28970.38 OB(bull)·4h invalidates the long.","5m close below 29001.75 PDL invalidates the whole plan.","2x5m close below 29016.50 ONL flips bias to short"
2026-09-01,ASIA,10,"2026-09-02 01:51:21",active,long,S2,short,reject,B,touch,29317.25,above,1,29317.25,29342,29212.5,,"[29212.5,29171.25,29124.64]","Price rallies into 29317.25 RTH-H and rejects with a 5m close back below the level.","2x5m close above 29324.50 OB(bull)·1h invalidates the short.","5m close below 29001.75 PDL invalidates the whole plan.","2x5m close below 29016.50 ONL flips bias to short"
2026-09-02,LONDON,2,"2026-09-02 07:15:26",active,long,S1,long,sweep_reclaim,A,touch,29001.75,below,,,,,,"[29058.75,29113.23,29171.25]","Price trades below 29001.75 PDL (sweep) and then prints a 5m close back above 29001.75 (reclaim).","A 5m close below 28970.38 or failure to print a 5m close above 29001.75 after the sweep voids it.","A 2x5m close below 29001.75 PDL invalidates the whole plan.","A 5m close below 29058.75 PDC flips the lean to short; a 2x5m close below 29001.75 PDL kills the plan."
2026-09-02,LONDON,2,"2026-09-02 07:15:26",active,long,S2,long,breakout_retest,B,touch,29171.25,above,,,,,,"[29209.25,29246.25,29317.25]","Price breaks above 29171.25 ONH on the 5m, then pulls back to touch 29171.25 as support.","A 5m close below 29171.25 after the retest voids the breakout.","A 2x5m close below 29001.75 PDL invalidates the whole plan.","A 5m close below 29058.75 PDC flips the lean to short; a 2x5m close below 29001.75 PDL kills the plan."
2026-09-02,LONDON,2,"2026-09-02 07:15:26",active,long,S3,short,reject,B,touch,29317.25,above,1,29317.25,29345.25,29246.25,,"[29246.25,29209.25,29171.25]","Price rallies into 29317.25 RTH-H, wicks above it, and rejects without a 5m close above.","A 5m close above 29317.25 voids the reject; a close above 29324.50 cancels it.","A 2x5m close below 29001.75 PDL invalidates the whole plan.","A 5m close below 29058.75 PDC flips the lean to short; a 2x5m close below 29001.75 PDL kills the plan."
2026-09-02,LONDON,3,"2026-09-02 07:21:59",active,long,S1,long,hold,B,time_hold,29117.48,above,,,,,,"[29171.25,29209.25,29246.25]","Dips to 29117.48 VWAP+1σ and holds above it; entry on the hold with a 1x5m close above 29117.48 as fallback.","A 5m close below 29117.48 fails the hold and shelves the buy.","A 5m close below 29001.75 RTH-L invalidates this whole plan.","A 2x5m close below 29058.75 PDC flips bias short."
2026-09-02,LONDON,3,"2026-09-02 07:21:59",active,long,S2,long,reclaim,B,1x5m_close,29058.75,above,,,,,,"[29117.48,29171.25,29209.25]","Undercut of 29058.75 PDC followed by a 1x5m close back above 29058.75.","A 5m close below 29001.75 instead of reclaiming cancels this dip-buy and opens the path toward ONL.","A 5m close below 29001.75 RTH-L invalidates this whole plan.","A 2x5m close below 29058.75 PDC flips bias short."
2026-09-02,LONDON,3,"2026-09-02 07:21:59",active,long,S3,long,breakout_retest,B,1x5m_close,29171.25,above,,,,,,"[29209.25,29246.25,29317.25]","Thrust through 29171.25 ONH then pullback to 29171.25; a 1x5m close above 29171.25 validates the break-retest.","A 5m close back below 29117.48 after the retest negates the breakout.","A 5m close below 29001.75 RTH-L invalidates this whole plan.","A 2x5m close below 29058.75 PDC flips bias short."
2026-09-02,LONDON,3,"2026-09-02 07:21:59",active,long,S4,short,reject,B,touch,29317.25,below,1,29317.25,29350,29246.25,,"[29246.25,29171.25]","First touch of 29317.25 RTH-H from below; short on the touch, structure stop beyond 29324.50.","A 5m close above 29324.50 negates the rejection.","A 5m close below 29001.75 RTH-L invalidates this whole plan.","A 2x5m close below 29058.75 PDC flips bias short."
2026-09-02,LONDON,3,"2026-09-02 07:21:59",active,long,S5,long,sweep_reclaim,A,touch,28927.25,below,,,,,,"[29058.75,29117.48,29171.25]","Re-test of 28927.25 ONL: a sweep below 28927.25 (touch) then a 5m close back above 28927.25; leg-2 is a 1m_mss above 28927.25.","A 5m close below 28921.50 fails the reclaim and opens continuation toward 28711.25.","A 5m close below 29001.75 RTH-L invalidates this whole plan.","A 2x5m close below 29058.75 PDC flips bias short."
2026-09-02,LONDON,4,"2026-09-02 07:44:03",active,long,S1,long,reclaim,B,1x5m_close,29066.56,above,,,,,,"[29171.25,29246.25]","Pullback to VWAP 29066.56 holds; wick below 29066.56, then 5m close back above 29066.56","5m close below 29001.75","Two consecutive 5m closes below 28927.25","5m close below 29001.75"
2026-09-02,LONDON,4,"2026-09-02 07:44:03",active,long,S2,long,sweep_reclaim,B,touch,28927.25,below,,,,,,"[29066.56,29171.25]","Sweep below ONL 28927.25, then 5m close back above 28927.25","5m close below 28921.50","Two consecutive 5m closes below 28927.25","5m close below 29001.75"
2026-09-02,LONDON,4,"2026-09-02 07:44:03",active,long,S3,long,reject,B,touch,29001.75,above,1,29001.75,28927.25,29171.25,,"[29066.56,29171.25]","First touch of RTH-L 29001.75 rejects back up; no 5m close below 29001.75","5m close below 28927.25","Two consecutive 5m closes below 28927.25","5m close below 29001.75"
2026-09-02,LONDON,4,"2026-09-02 07:44:03",active,long,S4,long,breakout_retest,B,1x5m_close,29171.25,above,,,,,,"[29209.25,29246.25,29317.25]","5m closes above ONH 29171.25; pullback retests 29171.25","5m close below 29066.56","Two consecutive 5m closes below 28927.25","5m close below 29001.75"
2026-09-02,LONDON,4,"2026-09-02 07:44:03",active,long,S5,short,reject,C,touch,29317.25,below,,,,,,"[29246.25,29171.25]","First touch of RTH-H 29317.25 rejects back down; no 5m close above 29317.25","5m close above 29317.25","Two consecutive 5m closes below 28927.25","5m close below 29001.75"
2026-09-02,LONDON,5,"2026-09-02 08:01:50",active,long,S1,long,reject,A,touch,29014.19,above,1,29014.19,28985.5,29171.25,,"[29058.75,29171.25]","Price pulls into VWAP−1σ 29014.19 and leaves a rejection with price holding above it.","A 5m close below 29001.75 invalidates this reversion long.","A 5m close below ONL 28927.25 kills the long-bias plan and opens continuation toward 28917.25.","2 consecutive 5m closes below RTH-L 29001.75 flip intraday bias to short."
2026-09-02,LONDON,5,"2026-09-02 08:01:50",active,long,S2,long,sweep_reclaim,B,touch,28927.25,below,,,,,,"[29001.75,29058.75,29171.25]","Price sweeps ONL 28927.25 and prints a 1m MSS back above it.","A 5m close below 28917.25 voids the sweep-reclaim.","A 5m close below ONL 28927.25 kills the long-bias plan and opens continuation toward 28917.25.","2 consecutive 5m closes below RTH-L 29001.75 flip intraday bias to short."
2026-09-02,LONDON,5,"2026-09-02 08:01:50",active,long,S3,short,reject,B,touch,29317.25,below,,,,,,"[29171.25,29058.75,29014.19]","Price rallies into RTH-H 29317.25 and rejects, leaving price below it.","A 5m close above 29324.50 invalidates the rejection short.","A 5m close below ONL 28927.25 kills the long-bias plan and opens continuation toward 28917.25.","2 consecutive 5m closes below RTH-L 29001.75 flip intraday bias to short."
2026-09-02,NY,1,"2026-09-02 08:09:44",dormant,neutral,S1,long,sweep_reclaim,B,touch,28927.25,below,,,,,,"[29058.75,29171.25,29209.25]","price returns to ONL 28927.25, sweeps below it, then prints a 1x5m close back above 28927.25","5m close below 28917.25 after entry","5m close below 28927.25 ONL kills this plan.","5m close above 29058.75 PDC flips bias long; 5m close below 28927.25 ONL is the plan death"
2026-09-02,NY,1,"2026-09-02 08:09:44",dormant,neutral,S2,long,reclaim,B,1x5m_close,29058.75,above,,,,,,"[29171.25,29209.25]","1x5m close back above PDC 29058.75 after holding above 29014.14","5m close back below 29014.14","5m close below 28927.25 ONL kills this plan.","5m close above 29058.75 PDC flips bias long; 5m close below 28927.25 ONL is the plan death"
2026-09-02,NY,1,"2026-09-02 08:09:44",dormant,neutral,S3,long,reject,C,touch,29014.14,above,,,,,,"[29058.75,29171.25]","price trades down into VWAP−1σ 29014.14 and stalls/rejects before reaching 29001.75","5m close below 29001.75","5m close below 28927.25 ONL kills this plan.","5m close above 29058.75 PDC flips bias long; 5m close below 28927.25 ONL is the plan death"
2026-09-02,NY,1,"2026-09-02 08:09:44",dormant,neutral,S4,short,reject,B,touch,29317.25,below,1,29317.25,29343,29246.25,,"[29246.25,29209.25,29171.25]","first touch of 29317.25 RTH-H after an up move fails to hold above it","5m close above 29324.50","5m close below 28927.25 ONL kills this plan.","5m close above 29058.75 PDC flips bias long; 5m close below 28927.25 ONL is the plan death"
2026-09-02,LONDON,6,"2026-09-02 08:20:47",active,long,S1,long,reject,B,touch,29014.42,above,,,,,,"[29058.75,29171.25]","Touch of 29014.42 VWAP−1σ with a 5m bullish reject closing back above 29014.42.","5m close below 29001.75 RTH-L invalidates the fade.","Plan void on 2x5m close below 28927.25 ONL.","5m close below 29001.75 RTH-L flips bias to short."
2026-09-02,LONDON,6,"2026-09-02 08:20:47",active,long,S2,long,reject,B,touch,29001.75,above,1,29001.75,28975.75,29058.75,,"[29058.75,29171.25]","Touch of 29001.75 RTH-L with a 5m bullish reject closing back above 29001.75.","5m close below 29001.75 RTH-L invalidates the long.","Plan void on 2x5m close below 28927.25 ONL.","5m close below 29001.75 RTH-L flips bias to short."
2026-09-02,LONDON,6,"2026-09-02 08:20:47",active,long,S3,long,sweep_reclaim,B,touch,28927.25,below,,,,,,"[29001.75,29058.75]","Sweep below 28927.25 ONL, then a 5m close back above 28927.25.","No 5m close back above 28927.25 after the sweep invalidates the setup.","Plan void on 2x5m close below 28927.25 ONL.","5m close below 29001.75 RTH-L flips bias to short."
2026-09-02,LONDON,6,"2026-09-02 08:20:47",active,long,S4,long,breakout_retest,B,touch,29171.25,above,,,,,,"[29209.25,29246.25]","Break above 29171.25 ONH, then pullback retest holds above 29171.25.","5m close back below 29171.25 ONH invalidates the breakout.","Plan void on 2x5m close below 28927.25 ONL.","5m close below 29001.75 RTH-L flips bias to short."
2026-09-02,NY,2,"2026-09-02 08:45:28",active,long,S1,long,sweep_reclaim,B,touch,29042.75,below,,,,,,"[29102,29115.1,29171.25]","Wick below 29042.75 OR-L, then a 5m close back above 29042.75 confirms the sweep-reclaim","5m close below 29001.75 RTH-L","Two 5m closes below 29001.75 RTH-L kill the long plan; stop entering buys.","5m close below 29042.75 OR-L flips bias short"
2026-09-02,NY,2,"2026-09-02 08:45:28",active,long,S2,long,breakout_retest,B,1x5m_close,29115.1,above,,,,,,"[29171.25,29209.25]","5m close above 29115.10 VWAP+1σ, then retest holds above 29115.10","5m close below 29058.75 PDC","Two 5m closes below 29001.75 RTH-L kill the long plan; stop entering buys.","5m close below 29042.75 OR-L flips bias short"
2026-09-02,NY,2,"2026-09-02 08:45:28",active,long,S3,long,reclaim,C,1x5m_close,29102,above,,,,,,"[29115.1,29171.25]","Pullback to 29102.00 OR-H, then 5m close back above 29102.00","5m close below 29058.75 PDC","Two 5m closes below 29001.75 RTH-L kill the long plan; stop entering buys.","5m close below 29042.75 OR-L flips bias short"
2026-09-02,NY,3,"2026-09-02 09:21:18",active,long,S1,long,reclaim,B,1x5m_close,29111.58,above,,,,,,"[29171.25,29209.25,29246.25]","Reclaim of VWAP+1σ 29111.58 with a 1x5m close above 29111.58 after the current 09:00 push.","1x5m close back below 29102.00 OR-H voids the reclaim.","Plan void if a 5m_close prints below 28927.25 ONL.","2x5m below 29001.75 RTH-L flips short; 5m_close below 28927.25 ONL voids the plan"
2026-09-02,NY,3,"2026-09-02 09:21:18",active,long,S2,long,sweep_reclaim,B,touch,28927.25,below,,,,,,"[29058.75,29171.25,29209.25]","Sweep of 28927.25 ONL then a 1m_mss back above 28927.25.","1x5m close below 28927.25 ONL aborts the sweep-reclaim.","Plan void if a 5m_close prints below 28927.25 ONL.","2x5m below 29001.75 RTH-L flips short; 5m_close below 28927.25 ONL voids the plan"
2026-09-02,NY,3,"2026-09-02 09:21:18",active,long,S3,long,breakout_retest,B,1x5m_close,29171.25,above,,,,,,"[29209.25,29246.25,29317.25]","Break above 29171.25 ONH with a 1x5m close, then a pullback retest holds 29171.25.","1x5m close back below 29058.75 PDC voids the breakout.","Plan void if a 5m_close prints below 28927.25 ONL.","2x5m below 29001.75 RTH-L flips short; 5m_close below 28927.25 ONL voids the plan"
2026-09-02,NY,3,"2026-09-02 09:21:18",active,long,S4,short,reject,B,touch,29317.25,above,1,29317.25,29355,29209.25,,"[29246.25,29209.25,29171.25]","First touch of 29317.25 RTH-H in premium above the 29286.38 mid rejects; fade only on the touch.","1x5m_close above 29355.00 kills the fade, clearing the 29324.50 OB.","Plan void if a 5m_close prints below 28927.25 ONL.","2x5m below 29001.75 RTH-L flips short; 5m_close below 28927.25 ONL voids the plan"
2026-09-02,NY,4,"2026-09-02 09:45:52",active,long,S1,long,reject,B,touch,29135.65,above,1,29135.65,29099,29209.25,,"[29171.25,29209.25]","Price pulls back to 29135.65 VWAP+1σ and rejects on touch","5m close below 29058.75 PDC invalidates the long bounce","Plan invalid if 5m close below 28927.25 ONL","2x5m close below 29001.75 RTH-L flips bias to short"
2026-09-02,NY,4,"2026-09-02 09:45:52",active,long,S2,short,reject,B,touch,29317.25,below,1,29317.25,29354,29209.25,,"[29209.25,29171.25]","Price rallies to 29317.25 RTH-H and rejects on touch","5m close above 29324.50 OB(bull)·1h (HTF) invalidates the short rejection","Plan invalid if 5m close below 28927.25 ONL","2x5m close below 29001.75 RTH-L flips bias to short"
2026-09-02,NY,5,"2026-09-02 10:22:33",active,long,S1,long,reclaim,B,1x5m_close,29143.97,above,,,,,,"[29171.25,29209.25,29246.25]","Price prints a 5m close back above VWAP+1σ 29143.97, reclaiming the session magnet after this morning's 29106.25 sweep-reclaim; the close confirms the 15m higher-low recovery.","A 5m close below 29106.25 (the 10:00 sweep low) voids the reclaim and re-opens the 29102.00 retest.","Two 5m closes below OR-L 29042.75 invalidate the plan — the 15m higher-low structure is broken and no further longs are taken until 29001.75 trades.","Two 5m closes below RTH-L 29001.75 (downside day-range break) flip the bias to short; above that, the discount rule per bias-tree branch 5 keeps the stance long."
2026-09-02,NY,5,"2026-09-02 10:22:33",active,long,S2,long,reject,C,touch,29102,above,1,29102,29060,29209.25,,"[29143.97,29171.25,29209.25]","Price retraces into the 29102.00 OR-H / 29106.25 sweep-low cluster and the first touch at 29102.00 rejects upward — a re-test of the consumed 15m sweep zone as a new setup.","Acceptance below 29102.00 — a 5m close under 29102.00 — voids the fade; the next edge is the PDC sweep-reclaim (S3).","Two 5m closes below OR-L 29042.75 invalidate the plan — the 15m higher-low structure is broken and no further longs are taken until 29001.75 trades.","Two 5m closes below RTH-L 29001.75 (downside day-range break) flip the bias to short; above that, the discount rule per bias-tree branch 5 keeps the stance long."
2026-09-02,NY,5,"2026-09-02 10:22:33",active,long,S3,long,sweep_reclaim,B,touch,29058.75,below,1,29058.75,29020,29143.97,,"[29143.97,29171.25,29209.25]","Price sweeps below PDC 29058.75 (resting stops under the flattened 29017.25–29111.25 shelf) and a 1m MSS back above 29058.75 confirms the reclaim; a 5m close back above 29058.75 is the delayed confirmation alternative.","A 5m close below 29020.00 invalidates the sweep-reclaim and opens the 29001.75 RTH-L test.","Two 5m closes below OR-L 29042.75 invalidate the plan — the 15m higher-low structure is broken and no further longs are taken until 29001.75 trades.","Two 5m closes below RTH-L 29001.75 (downside day-range break) flip the bias to short; above that, the discount rule per bias-tree branch 5 keeps the stance long."
2026-09-02,NY,5,"2026-09-02 10:22:33",active,long,S4,long,breakout_retest,C,1x5m_close,29171.25,above,,,,,,"[29209.25,29246.25,29317.25]","A 5m close above ONH 29171.25 breaks the day's consolidation high; the retest touch at 29171.25 from above is the continuation long entry (stop-entry fallback if no retest prints).","A 5m close back below 29143.97 voids the breakout as a round-trip failure.","Two 5m closes below OR-L 29042.75 invalidate the plan — the 15m higher-low structure is broken and no further longs are taken until 29001.75 trades.","Two 5m closes below RTH-L 29001.75 (downside day-range break) flip the bias to short; above that, the discount rule per bias-tree branch 5 keeps the stance long."
2026-09-02,NY,6,"2026-09-02 10:50:53",active,long,S1,long,reclaim,C,1x5m_close,29171.25,above,,,,,,"[29209.25,29246.25]","Retest of 29171.25 ONH holds; 1x5m close back above 29171.25 after a dip.","5m close below 29153.35 VWAP+1σ voids the reclaimed ONH support.","A 5m close below 29001.75 RTH-L voids the recovery and this plan.","2x5m close below 29058.75 PDC flips to short"
2026-09-02,NY,6,"2026-09-02 10:50:53",active,long,S2,long,hold,A,1x5m_close,29153.35,above,,,,,,"[29171.25,29209.25]","Pullback to 29153.35 VWAP+1σ stabilizes; 1x5m close above 29153.35.","5m close below 29102.00 OR-H voids the dip-buy.","A 5m close below 29001.75 RTH-L voids the recovery and this plan.","2x5m close below 29058.75 PDC flips to short"
2026-09-02,NY,6,"2026-09-02 10:50:53",active,long,S3,long,breakout_retest,C,touch,29209.25,above,,,,,,"[29246.25,29317.25]","Break above 29209.25 Supply·1h while 29171.25 ONH holds as support; retest of 29209.25 holds.","5m close back below 29171.25 ONH voids the break.","A 5m close below 29001.75 RTH-L voids the recovery and this plan.","2x5m close below 29058.75 PDC flips to short"
2026-09-02,NY,6,"2026-09-02 10:50:53",active,long,S4,long,sweep_reclaim,B,touch,29001.75,below,,,,,,"[29058.75,29153.35,29171.25]","Sweep below 29001.75 RTH-L (wick through 29001.75) then 5m close back above 29001.75.","5m close below 28927.25 ONL voids the reclaim and opens the bear leg.","A 5m close below 29001.75 RTH-L voids the recovery and this plan.","2x5m close below 29058.75 PDC flips to short"
2026-09-02,NY,7,"2026-09-02 11:20:19",active,long,S1,long,sweep_reclaim,B,1x5m_close,29171.25,above,,,,,,"[29209.25,29246.25,29317.25]","Price sweeps below ONH 29171.25 and prints a 5m close back above 29171.25 (reclaim close); invalid if 5m close below 29158.47 VWAP+1σ.","5m close below 29158.47 VWAP+1σ","Plan void on 2x5m close below 29042.75 OR-L.","5m close below 29058.75 PDC"
2026-09-02,NY,7,"2026-09-02 11:20:19",active,long,S2,long,reclaim,B,1x5m_close,29158.47,above,,,,,,"[29209.25,29246.25]","Dip touches 29158.47 VWAP+1σ and price prints a 5m close back above 29158.47; invalid if 5m close below 29102.00 OR-H.","5m close below 29102.00 OR-H","Plan void on 2x5m close below 29042.75 OR-L.","5m close below 29058.75 PDC"
2026-09-02,NY,7,"2026-09-02 11:20:19",active,long,S3,long,breakout_retest,B,touch,29209.25,above,,,,,,"[29246.25,29317.25]","Break above 29209.25 Supply·1h (15m LH 29208.50) with a 5m close, then retest touch of 29209.25 holds; invalid if 5m close back below 29171.25 ONH.","5m close back below 29171.25 ONH","Plan void on 2x5m close below 29042.75 OR-L.","5m close below 29058.75 PDC"
2026-09-02,NY,7,"2026-09-02 11:20:19",active,long,S4,short,reject,B,touch,29317.25,below,1,29317.25,29348,29246.25,,"[29246.25,29209.25]","First touch of 29317.25 RTH-H fails and 5m close prints back below 29317.25; invalid if 5m close above 29317.25.","5m close above 29317.25","Plan void on 2x5m close below 29042.75 OR-L.","5m close below 29058.75 PDC"
2026-09-02,NY,8,"2026-09-02 11:47:10",active,long,S1,long,reclaim,B,1x5m_close,29161.16,above,,,,,,"[29209.25,29246.25]","Price reclaims VWAP+1σ 29161.16 with a 1x5m close above","1x5m close below 29138.00 invalidates the reclaim","1x5m close below OR-L 29042.75 kills the long plan","2x5m close above RTH-H 29317.25 flips bias to short (premium)"
2026-09-02,NY,8,"2026-09-02 11:47:10",active,long,S2,long,reject,B,touch,29058.75,above,1,29058.75,29032,29161.16,,"[29161.16,29171.25]","Price touches PDC 29058.75 and rejects","1x5m close below 29042.75 (OR-L) invalidates the long reject","1x5m close below OR-L 29042.75 kills the long plan","2x5m close above RTH-H 29317.25 flips bias to short (premium)"
2026-09-02,NY,9,"2026-09-02 12:25:10",active,long,S1,long,sweep_reclaim,C,touch,29058.75,below,,,,,,"[29163.03,29171.25,29209.25]","After 13:30 CT, a 5m push below 29058.75 sweeps toward 29042.75 and a 1m_mss closes back above 29058.75.","2x5m close below 29042.75 kills S1.","A 2x5m close below 29042.75 OR-L invalidates the whole plan (range low lost).","A 5m close below 29001.75 RTH-L flips bias to short."
2026-09-02,NY,9,"2026-09-02 12:25:10",active,long,S2,long,breakout_retest,C,touch,29171.25,above,,,,,,"[29209.25,29246.25,29317.25]","1x5m close above 29171.25 ONH, then a pullback retest holds 29171.25.","1x5m close back below 29163.03 invalidates the breakout.","A 2x5m close below 29042.75 OR-L invalidates the whole plan (range low lost).","A 5m close below 29001.75 RTH-L flips bias to short."
2026-09-02,NY,9,"2026-09-02 12:25:10",active,long,S3,short,reject,B,touch,29317.25,below,1,29317.25,29344.75,29246.25,,"[29246.25,29209.25,29171.25]","First touch of 29317.25 RTH-H stalls/rejects; stop above 29344.75; enter short only on touch.","1x5m close above 29344.75 invalidates the short.","A 2x5m close below 29042.75 OR-L invalidates the whole plan (range low lost).","A 5m close below 29001.75 RTH-L flips bias to short."
2026-09-02,NY,10,"2026-09-02 13:02:15",active,long,S1,long,reject,B,touch,29163.99,below,1,29163.99,29138.75,29246.25,,"[29171.25,29209.25,29246.25]","Price pulls back to 29163.99 VWAP+1σ after 13:30 and attempts a 5m reversal from the band.","A 5m close below 29138.75 voids the long (structure stop).","A 5m close below 28927.25 ONL voids the whole plan.","A 2x5m close below 29001.75 flips the session short; a 5m close below 28927.25 voids all."
2026-09-02,NY,10,"2026-09-02 13:02:15",active,long,S2,long,sweep_reclaim,B,touch,29001.75,below,,,,,,"[29042.75,29058.75,29102]","Price sweeps 29001.75 RTH-L and then prints a 5m close back above it.","A 5m close below 29001.75 before the reclaim close voids the long.","A 5m close below 28927.25 ONL voids the whole plan.","A 2x5m close below 29001.75 flips the session short; a 5m close below 28927.25 voids all."
2026-09-02,NY,10,"2026-09-02 13:02:15",active,long,S3,short,reject,B,touch,29317.25,above,1,29317.25,29342.5,29246.25,,"[29246.25,29209.25,29171.25]","A rally into 29317.25 RTH-H after 13:30 pokes above and rejects; this is the allowed premium short.","A 5m close above 29342.50 voids the short.","A 5m close below 28927.25 ONL voids the whole plan.","A 2x5m close below 29001.75 flips the session short; a 5m close below 28927.25 voids all."
2026-09-02,NY,10,"2026-09-02 13:02:15",active,long,S4,short,reject,B,touch,29058.75,below,1,29058.75,29086.75,28927.25,,[28927.25],"Price pulls back to 29058.75 PDC and rejects back down; 29058.75 is the entry.","A 5m close above 29086.75 voids the short.","A 5m close below 28927.25 ONL voids the whole plan.","A 2x5m close below 29001.75 flips the session short; a 5m close below 28927.25 voids all."
2026-09-02,NY,11,"2026-09-02 13:28:36",active,long,S1,long,reclaim,B,1x5m_close,29165.06,above,,,,,,"[29171.25,29209.25,29246.25]","1x5m close above 29165.06 VWAP+1σ reclaims the magnet; long for 29171.25 ONH first, then 29209.25 Supply·1h and 29246.25 OB(bull)·4h.","5m close below 29135.50 (recent 5m HL) voids the reclaim and re-opens the 15m downtrend.","A 5m close below 28927.25 ONL kills the long-side plan; downside extension targets 28711.25 OB(bear)·4h.","2x5m close below 29001.75 RTH-L flips bias to short; a 5m close below 28927.25 ONL is plan death."
2026-09-02,NY,11,"2026-09-02 13:28:36",active,long,S2,long,reject,B,touch,29001.75,above,1,29001.75,28972.75,29102,,"[29102,29165.06,29171.25]","Clean retest of RTH-L 29001.75; limit long with structure stop 28972.75, target 29102.00 OR-H.","5m close below 28972.75 voids the fade; next downside liquid pool is ONL 28927.25.","A 5m close below 28927.25 ONL kills the long-side plan; downside extension targets 28711.25 OB(bear)·4h.","2x5m close below 29001.75 RTH-L flips bias to short; a 5m close below 28927.25 ONL is plan death."
2026-09-02,NY,11,"2026-09-02 13:28:36",active,long,S3,long,sweep_reclaim,B,1x5m_close,28927.25,above,,,,,,"[29001.75,29058.75,29102]","Sweep of ONL 28927.25 followed by a 5m close back above 28927.25 (wick alone is not enough); long the reclaim.","A subsequent 5m close below 28927.25 voids the reclaim and is plan death; liquidation targets 28711.25 OB(bear)·4h.","A 5m close below 28927.25 ONL kills the long-side plan; downside extension targets 28711.25 OB(bear)·4h.","2x5m close below 29001.75 RTH-L flips bias to short; a 5m close below 28927.25 ONL is plan death."
2026-09-02,NY,11,"2026-09-02 13:28:36",active,long,S4,short,reject,B,touch,29317.25,below,1,29317.25,29345.25,29246.25,,"[29246.25,29209.25,29165.06]","Stretched rally to RTH-H 29317.25 above the 50% mark; first-touch rejection short with structure stop 29345.25, target 29246.25.","5m close above 29345.25 voids the rejection; extension targets 29450.50 PDH.","A 5m close below 28927.25 ONL kills the long-side plan; downside extension targets 28711.25 OB(bear)·4h.","2x5m close below 29001.75 RTH-L flips bias to short; a 5m close below 28927.25 ONL is plan death."
2026-09-02,NY,12,"2026-09-02 13:56:59",active,long,S1,long,sweep_reclaim,B,1x5m_close,29050.13,above,,,,,,"[29058.75,29108.47,29154.38]","Sweep of VWAP−1σ 29050.13 toward OR-L 29042.75, then a 5m close back above 29050.13","5m close below 29042.75 before reclaim","5m close below OR-L 29042.75 kills the plan: the discount-long floor is gone.","2x5m closes below PDC 29058.75 flips bias to short"
2026-09-02,NY,12,"2026-09-02 13:56:59",active,long,S2,long,reclaim,B,1x5m_close,29108.47,above,,,,,,"[29154.38,29166.8,29171.25]","Price loses VWAP 29108.47 and a 5m close returns above 29108.47","5m close below 29102.00 before reclaim","5m close below OR-L 29042.75 kills the plan: the discount-long floor is gone.","2x5m closes below PDC 29058.75 flips bias to short"
2026-09-02,NY,12,"2026-09-02 13:56:59",active,long,S3,short,reject,B,touch,29166.8,below,1,29166.8,29199.5,29058.75,,"[29108.47,29058.75]","Rally to VWAP+1σ 29166.80 and failure to accept; enter short below 29166.80","5m close above 29199.50 invalidates the fade","5m close below OR-L 29042.75 kills the plan: the discount-long floor is gone.","2x5m closes below PDC 29058.75 flips bias to short"
2026-09-02,ASIA,1,"2026-09-02 16:36:02",active,long,S1,long,reclaim,A,1x5m_close,29113.89,above,,,,,,"[29171.25,29209.25,29317.25]","Price pulls back to 29113.89 VWAP and prints a 5m close back above 29113.89, reclaiming the mean after the 29212.50 sweep-up failed.","5m close below 29102.00 OR-H","Plan dead on a 5m close below 29058.75 PDC.","2x5m close below 29042.75 OR-L flips to short"
2026-09-02,ASIA,1,"2026-09-02 16:36:02",active,long,S2,long,sweep_reclaim,B,touch,29042.75,below,,,,,,"[29113.89,29171.25,29209.25]","Price sweeps below 29042.75 OR-L to collect stops, then prints a 1m MSS up and a 5m close back above 29042.75.","5m close below 29004.50 iFVG(bear)·4h (HTF)","Plan dead on a 5m close below 29058.75 PDC.","2x5m close below 29042.75 OR-L flips to short"
2026-09-02,ASIA,1,"2026-09-02 16:36:02",active,long,S3,long,breakout_retest,C,touch,29171.25,above,,,,,,"[29209.25,29317.25,29346.88]","Price breaks above 29171.25 ONH, pulls back, and holds the 29171.25 retest as support.","5m close below 29139.50","Plan dead on a 5m close below 29058.75 PDC.","2x5m close below 29042.75 OR-L flips to short"
2026-09-02,ASIA,1,"2026-09-02 16:36:02",active,long,S4,short,sweep_reclaim,A,touch,29317.25,above,,,,,,"[29209.25,29171.25,29113.89]","Price rallies above 29317.25 PDH, sweeps the high, then prints a 5m close back below 29317.25.","2x5m close above 29346.88 FVG·4h (HTF)","Plan dead on a 5m close below 29058.75 PDC.","2x5m close below 29042.75 OR-L flips to short"
2026-09-02,ASIA,2,"2026-09-02 17:18:29",active,long,S1,short,sweep_reclaim,B,touch,29189.25,above,,,,,,"[29175.56,29149]","Price sweeps above 29189.25 ONH (the draw) and delivers a 1m_mss close back below 29189.25; premium short allowed by branch 5.","A 1m or 5m close above 29189.25 after the reclaim negates the setup; stop beyond the sweep extreme.","A 5m close below 29058.75 PDC invalidates the whole balance/long structure and opens 29042.75/29004.50.","A 5m close below 29175.56 VWAP+1σ flips the session bias to short for a push to ONL/PDC."
2026-09-02,ASIA,2,"2026-09-02 17:18:29",active,long,S2,long,sweep_reclaim,B,touch,29149,below,,,,,,"[29175.56,29189.25]","Price sweeps below 29149.00 ONL and reclaims with a 1m_mss close back above 29149.00; discount long only per branch 5.","A 1m or 5m close below 29149.00 after the reclaim invalidates the setup; stop beyond the sweep low.","A 5m close below 29058.75 PDC invalidates the whole balance/long structure and opens 29042.75/29004.50.","A 5m close below 29175.56 VWAP+1σ flips the session bias to short for a push to ONL/PDC."
2026-09-02,ASIA,3,"2026-09-02 17:50:56",active,neutral,S1,short,sweep_reclaim,B,touch,29208.75,above,,,,,,"[29199.68,29149,29136.25]","Sweep of ONH 29208.75 / Supply 29209.25 (wick above 29208.75), then 5m close back below 29208.75","5m close back above 29212.50","Two 5m closes below 29136.25 Demand·4h invalidate the balance plan and open continuation toward PDC/RTH-L.","5m close above 29209.25 flips long; two 5m closes below 29136.25 invalidate plan"
2026-09-02,ASIA,3,"2026-09-02 17:50:56",active,neutral,S2,long,sweep_reclaim,B,touch,29149,below,,,,,,"[29199.68,29208.75,29317.25]","Sweep below ONL 29149.00, then 5m close back above 29149.00","5m close back below 29136.25","Two 5m closes below 29136.25 Demand·4h invalidate the balance plan and open continuation toward PDC/RTH-L.","5m close above 29209.25 flips long; two 5m closes below 29136.25 invalidate plan"
2026-09-02,ASIA,3,"2026-09-02 17:50:56",active,neutral,S3,short,reject,B,touch,29199.68,below,1,29199.68,29216.25,29149,,"[29149,29136.25]","Touch of VWAP+1σ 29199.68 rejects and rotates back below 29199.68","5m close above 29208.75","Two 5m closes below 29136.25 Demand·4h invalidate the balance plan and open continuation toward PDC/RTH-L.","5m close above 29209.25 flips long; two 5m closes below 29136.25 invalidate plan"
2026-09-02,ASIA,4,"2026-09-02 18:04:42",active,neutral,S1,short,reject,B,touch,29208.75,below,1,29208.75,29228.75,29149,,"[29149,29136.25,29102]","After the 16:00 1h sweep-up, a retest of ONH 29208.75 into Supply·1h 29209.25 that wicks and rejects on touch is a short.","5m close above 29208.75 voids the rejection","Two consecutive 5m closes below 29001.75 RTH-L kill the balance frame and this plan.","5m close above 29208.75 ONH flips bias to long"
2026-09-02,ASIA,4,"2026-09-02 18:04:42",active,neutral,S2,long,sweep_reclaim,B,touch,29149,below,,,,,,"[29183.59,29208.75,29317.25]","A sweep below 29149.00 ONL into/near 29136.25 Demand·4h, then a 5m close back above 29149.00, confirms the reclaim and starts a long.","5m close below 29136.25 through Demand·4h invalidates the reclaim","Two consecutive 5m closes below 29001.75 RTH-L kill the balance frame and this plan.","5m close above 29208.75 ONH flips bias to long"
2026-09-02,ASIA,4,"2026-09-02 18:04:42",active,neutral,S3,short,reject,B,touch,29149,below,1,29149,29170,29058.75,,"[29058.75,29042.75,29001.75]","A retest of 29149.00 ONL from below that wicks and rejects on touch is a short; the close back above 29149.00 voided the prior break attempt, so this is a fresh reject rather than a continuation.","5m close above 29149.00 voids the rejection","Two consecutive 5m closes below 29001.75 RTH-L kill the balance frame and this plan.","5m close above 29208.75 ONH flips bias to long"
2026-09-02,ASIA,5,"2026-09-02 18:21:05",active,neutral,S1,short,reject,B,touch,29197.57,below,1,29197.57,29212.5,29149,,"[29149,29136.25]","Touch of 29197.57 VWAP+1σ in the thin Asia tape; first-touch fade from the top of value.","5m close above 29209.25 Supply·1h cancels the fade","Two 5m closes below 29136.25 Demand·4h invalidate this plan.","2x5m close above 29208.75 ONH flips long"
2026-09-02,ASIA,5,"2026-09-02 18:21:05",active,neutral,S2,long,sweep_reclaim,B,touch,29149,above,,,,,,"[29197.57,29208.75]","Sweep below 29149.00 ONL followed by a 5m close back above 29149.00.","5m close below 29136.25 Demand·4h kills the reclaim","Two 5m closes below 29136.25 Demand·4h invalidate this plan.","2x5m close above 29208.75 ONH flips long"
2026-09-02,ASIA,5,"2026-09-02 18:21:05",active,neutral,S3,long,breakout_retest,C,1x5m_close,29208.75,above,,,,,,"[29317.25,29324.5]","Break and 5m close above 29208.75 ONH; retest of 29208.75 holds as support.","5m close back below 29209.25 Supply·1h negates the break","Two 5m closes below 29136.25 Demand·4h invalidate this plan.","2x5m close above 29208.75 ONH flips long"
2026-09-02,ASIA,5,"2026-09-02 18:21:05",active,neutral,S4,short,reject,C,touch,29149,below,,,,,,"[29136.25,29102]","Touch of 29149.00 ONL from below after the close back across the level; rejection back down triggers the short instead of a breakdown continuation.","5m close back above 29149.00 ONL aborts the reject","Two 5m closes below 29136.25 Demand·4h invalidate this plan.","2x5m close above 29208.75 ONH flips long"
2026-09-02,ASIA,6,"2026-09-02 18:43:33",active,short,S1,long,sweep_reclaim,B,1m_mss,29149,above,,,,,,"[29181.64,29209.25]","Sweep of 29149.00 ONL wicks below; a 1m MSS or close back above 29149.00 invites a long on the reclaim.","A 2x5m close below 29136.25 nullifies the long.","Two consecutive 5m closes above 29212.50 kill this plan.","A 5m close above 29209.25 Supply·1h flips the session bias to long."
2026-09-02,ASIA,6,"2026-09-02 18:43:33",active,short,S2,short,reject,B,touch,29209.25,below,1,29209.25,29223,29181.64,,"[29181.64,29149]","Rally into the 29208.75 ONH liquidity pool, which coincides with 29209.25 Supply·1h; first-touch sell at 29209.25 with stop beyond 29212.50/29223.00 structure.","Any 5m close above 29212.50 voids the fade.","Two consecutive 5m closes above 29212.50 kill this plan.","A 5m close above 29209.25 Supply·1h flips the session bias to long."
2026-09-02,ASIA,6,"2026-09-02 18:43:33",active,short,S3,short,reject,C,touch,29317.25,below,,,,,,"[29209.25,29181.64]","Rally stalls at the 29317.25 PDH react zone; first-touch sell at 29317.25 with stop beyond 29324.50.","A 5m close above 29324.50 cancels the fade.","Two consecutive 5m closes above 29212.50 kill this plan.","A 5m close above 29209.25 Supply·1h flips the session bias to long."
2026-09-02,ASIA,7,"2026-09-02 19:02:39",active,short,S1,short,reject,B,touch,29218.25,above,1,29218.25,29232,29149,,"[29149,29136.25,29058.75]","Price retests 29218.25 ONH after the 18:45 sweep-reclaim and rejects; enter short on touch at 29218.25.","5m close above 29218.25 cancels the short.","A 5m close above 29218.25 invalidates the entire plan.","2x5m closes above 29212.50 flip to long"
2026-09-02,ASIA,7,"2026-09-02 19:02:39",active,short,S2,long,sweep_reclaim,C,touch,29149,below,,,,,,"[29218.25,29317.25]","Price sweeps 29149.00 ONL, then closes back above it; on the 1m MSS above 29149.00, enter long with stop below the sweep extreme.","5m close below 29136.25 or failure to produce 1m MSS above 29149.00.","A 5m close above 29218.25 invalidates the entire plan.","2x5m closes above 29212.50 flip to long"
2026-09-02,ASIA,8,"2026-09-02 20:05:55",dormant,short,S1,short,reject,B,touch,29157.03,below,1,29157.03,29175.66,29102,,"[29141.25,29136.25,29102]","price touches 29157.03 VWAP−1σ and rejects","5m close above 29167.00","5m close above 29194.30 invalidates entire short plan","2x5m close above 29175.66 VWAP flips to long"
2026-09-02,ASIA,8,"2026-09-02 20:05:55",dormant,short,S2,short,reject,B,touch,29141.25,below,1,29141.25,29157.03,29102,,"[29136.25,29102,29076.5]","price touches 29141.25 ONL and rejects","5m close above 29157.03","5m close above 29194.30 invalidates entire short plan","2x5m close above 29175.66 VWAP flips to long"
2026-09-02,ASIA,8,"2026-09-02 20:05:55",dormant,short,S3,short,reject,B,touch,29175.66,below,1,29175.66,29194.3,29136.25,,"[29141.25,29136.25,29102]","price touches 29175.66 VWAP and rejects","5m close above 29189.25","5m close above 29194.30 invalidates entire short plan","2x5m close above 29175.66 VWAP flips to long"
2026-09-02,ASIA,9,"2026-09-02 20:38:20",active,short,S1,short,reject,B,touch,29200.5,below,,,,,,"[29176.29,29159.39,29141.25]","Price touches 29200.50 SWG-H·5m and rejects with an upper shadow or 1m MSS down","5m close above 29208.75 cancels the fade","2 consecutive 5m closes above 29212.50 invalidates the short plan","5m close above 29200.50"
2026-09-02,ASIA,9,"2026-09-02 20:38:20",active,short,S2,short,reject,B,touch,29176.29,below,,,,,,"[29159.39,29141.25,29102]","Price retests 29176.29 VWAP from below and rejects with an upper shadow or 1m MSS down","5m close back above 29193.19 cancels the fade","2 consecutive 5m closes above 29212.50 invalidates the short plan","5m close above 29200.50"
2026-09-02,ASIA,10,"2026-09-02 21:03:03",active,short,S1,short,reject,B,touch,29200.5,below,1,29200.5,29228,29141.25,,"[29193.38,29159.02,29141.25]","Rally back to 29200.50 SWG-H·5m and stall/reject — the 20:15 retest already stalled at 29200.25, so a re-touch is a fresh upper-shelf fade.","5m close above 29208.75 kills the fade","A 5m close above 29218.25 ONH voids the whole short-premium plan.","Two 5m closes above 29212.50 flip bias to long"
2026-09-02,ASIA,10,"2026-09-02 21:03:03",active,short,S2,short,reject,C,touch,29141.25,below,,,,,,"[29136.25,29113.9,29102]","The close back across 29141.25 ONL voids the breakdown. If 29141.25 is retested from below and rejects, that voided-level retest is the short fade; continue toward pdVWAP and OR-H.","5m close above 29159.02 POC kills the reject","A 5m close above 29218.25 ONH voids the whole short-premium plan.","Two 5m closes above 29212.50 flip bias to long"
2026-09-02,ASIA,10,"2026-09-02 21:03:03",active,short,S3,long,reclaim,C,1x5m_close,29113.9,above,,,,,,"[29136.25,29159.02,29193.38]","Short continuation exhausts at 29113.90 pdVWAP and price prints a 5m close back above it — the first legal branch-5 long, below the 50% mark.","5m close below 29102.00 OR-H cancels the reclaim","A 5m close above 29218.25 ONH voids the whole short-premium plan.","Two 5m closes above 29212.50 flip bias to long"
2026-09-02,ASIA,11,"2026-09-02 21:31:58",active,short,S1,short,reject,C,touch,29199.5,above,1,29199.5,29227.9,29141.25,,"[29173.88,29156.5,29141.25]","Rally into the premium cluster touches SWG-H·5m 29199.50 and is rejected — no 5m hold above it.","5m close above 29208.63 VWAP+2σ — rejection void.","2x5m close above ONH 29218.25 — premium-fade/ranging structure dead.","5m close above 29208.63 VWAP+2σ — premium-fade thesis void, flip long"
2026-09-02,ASIA,11,"2026-09-02 21:31:58",active,short,S2,short,sweep_reclaim,C,touch,29218.25,above,,,,,,"[29199.5,29173.88,29156.5]","Price sweeps above ONH 29218.25, then the 5m bar closes back inside below 29199.50 SWG-H·5m — failed high sweep (PDH-mirror branch 2).","Second consecutive 5m close above 29218.25 — no reclaim, no fade.","2x5m close above ONH 29218.25 — premium-fade/ranging structure dead.","5m close above 29208.63 VWAP+2σ — premium-fade thesis void, flip long"
2026-09-02,ASIA,11,"2026-09-02 21:31:58",active,short,S3,long,sweep_reclaim,C,touch,29132.5,below,,,,,,"[29173.88,29191.25,29199.5]","Price re-sweeps below ONL 29132.50 and the 5m bar closes back above 29141.25 SWG-L·5m — low-side sweep-reclaim (long only below the 29138.50 50% line).","5m close below 29132.50 — sweep becomes acceptance, long void.","2x5m close above ONH 29218.25 — premium-fade/ranging structure dead.","5m close above 29208.63 VWAP+2σ — premium-fade thesis void, flip long"
2026-09-02,ASIA,11,"2026-09-02 21:31:58",active,short,S4,short,reject,C,touch,29132.5,above,,,,,,"[29113.9,29102,29042.75]","Price retests ONL 29132.50 from below and is rejected — the voided breakdown becomes a lower-high rejection and opens the waterfall path.","5m close above 29132.50 — rejection void, short void.","2x5m close above ONH 29218.25 — premium-fade/ranging structure dead.","5m close above 29208.63 VWAP+2σ — premium-fade thesis void, flip long"
2026-09-02,ASIA,12,"2026-09-02 21:49:57",active,short,S1,short,reject,B,touch,29208.69,above,1,29208.69,29237.75,29141.25,,"[29191.51,29174.34,29157.25,29141.25]","price prints 29208.69 (VWAP+2σ) and fails to hold above it; fade short from the level with a structure stop beyond the recent swing extreme","a 5m close above 29218.25 ONH voids the fade","two consecutive 5m closes above 29218.25 ONH — acceptance above the day's high kills the premium-short plan","a 5m close above 29208.69 (VWAP+2σ) flips the working bias to long"
2026-09-02,ASIA,12,"2026-09-02 21:49:57",active,short,S2,short,reject,B,touch,29132.5,above,1,29132.5,29161.5,29042.75,,"[29102,29042.75,29004.5]","price comes back above 29132.50 ONL and fails to hold above it; fade short from the level with a structure stop beyond the recent swing extreme","two 5m closes above 29141.25 reclaim the zone and void the reject","two consecutive 5m closes above 29218.25 ONH — acceptance above the day's high kills the premium-short plan","a 5m close above 29208.69 (VWAP+2σ) flips the working bias to long"
2026-09-02,ASIA,12,"2026-09-02 21:49:57",active,short,S3,long,sweep_reclaim,C,touch,29132.5,below,,,,,,"[29157.25,29174.34,29191.51]","price sweeps below 29132.50 ONL and reclaims with a 5m close above 29132.50; long with stop beyond the sweep extreme, targeting the value mean","a 5m close below 29102.00 OR-H voids the reclaim structure","two consecutive 5m closes above 29218.25 ONH — acceptance above the day's high kills the premium-short plan","a 5m close above 29208.69 (VWAP+2σ) flips the working bias to long"
2026-09-02,ASIA,13,"2026-09-02 22:12:42",active,short,S1,short,reject,B,touch,29199.5,below,1,29199.5,29226,29132.5,,"[29167.5,29157.25,29141.44,29132.5]","Price touches 29199.50 SWG-H·5m and rejects lower; no 5m close above the level.","5m close above 29208.39 VWAP+2σ invalidates the fade","A 5m close above 29218.25 ONH kills the short plan — the supply stack has been fully accepted.","5m close above 29208.39 VWAP+2σ flips bias to long"
2026-09-02,ASIA,13,"2026-09-02 22:12:42",active,short,S2,short,sweep_reclaim,C,touch,29218.25,above,,,,,,"[29167.5,29157.25,29141.44,29132.5]","Wick above 29218.25 ONH sweeps buy stops; a 1x5m close back below 29218.25 confirms the reclaim.","5m close above 29218.25 with no lower close invalidates the sweep","A 5m close above 29218.25 ONH kills the short plan — the supply stack has been fully accepted.","5m close above 29208.39 VWAP+2σ flips bias to long"
2026-09-02,ASIA,13,"2026-09-02 22:12:42",active,short,S3,long,sweep_reclaim,C,touch,29132.5,below,,,,,,"[29167.5,29195,29218.25]","Wick below 29132.50 ONL sweeps sell stops; a 1x5m close back above 29132.50 confirms the reclaim.","5m close below 29132.50 with no higher close invalidates","A 5m close above 29218.25 ONH kills the short plan — the supply stack has been fully accepted.","5m close above 29208.39 VWAP+2σ flips bias to long"
2026-09-02,ASIA,14,"2026-09-03 00:08:45",active,neutral,S1,short,reject,B,touch,29228.75,below,1,29228.75,29250,29186.14,,"[29218.25,29212.5,29207.5,29195,29186.14]","price touches 29228.75 SWG-L·5m from below and stalls","2x5m close above 29238.95 negates the rejection","Plan void on two 5m closes above 29255.00 PDH.","2 consecutive 5m closes below 29186.14 VWAP flips bias short"
2026-09-02,ASIA,14,"2026-09-03 00:08:45",active,neutral,S2,long,sweep_reclaim,B,touch,29017.25,below,,,,,,"[29132.5,29186.14,29207.5,29218.25]","sweep below 29017.25 RTH-L wicks out liquidity, then 1x5m close back above 29017.25","2x5m close below 28927.25 kills the reclaim","Plan void on two 5m closes above 29255.00 PDH.","2 consecutive 5m closes below 29186.14 VWAP flips bias short"
2026-09-02,ASIA,14,"2026-09-03 00:08:45",active,neutral,S3,short,reject,C,touch,29132.5,below,,,,,,"[29098.88,29017.25]","price touches 29132.50 ONL from below and stalls","2x5m close back above 29132.50 reclaims the break","Plan void on two 5m closes above 29255.00 PDH.","2 consecutive 5m closes below 29186.14 VWAP flips bias short"
2026-09-02,ASIA,14,"2026-09-03 00:08:45",active,neutral,S4,short,reject,B,touch,29255,below,1,29255,29275.25,29214.5,,"[29235,29228.75,29218.25,29212.5,29207.5]","retest of 29255.00 PDH from below stalls","2x5m close above 29275.25 breaks the high","Plan void on two 5m closes above 29255.00 PDH.","2 consecutive 5m closes below 29186.14 VWAP flips bias short"
2026-09-02,ASIA,15,"2026-09-03 00:34:14",dormant,short,S1,short,reject,C,touch,29113.9,below,,,,,,"[29075,29017.25,28927.25]","Price retraces to 29113.90 pdVWAP after the ONL sweep and rejects; enter short on touch. Structure stop beyond VWAP−1σ at 29142.04. Invalidation on 5m close above 29132.50.","5m close above 29132.50 invalidates the fade.","Plan invalid if 5m closes above 29132.50 (reclaims the 15m swing low).","Two 5m closes above 29207.50 PDC flip to long; one 5m close above 29132.50 invalidates the short lean."
2026-09-02,ASIA,15,"2026-09-03 00:34:14",dormant,short,S2,short,reject,C,touch,29075,below,,,,,,"[29017.25,28927.25]","Price retests 29075 ONL from below and rejects; enter short on touch.","Recovery above 29107.02 VWAP−2σ voids the rejection.","Plan invalid if 5m closes above 29132.50 (reclaims the 15m swing low).","Two 5m closes above 29207.50 PDC flip to long; one 5m close above 29132.50 invalidates the short lean."
2026-09-03,LONDON,1,"2026-09-03 01:34:53",dormant,short,S1,short,reject,C,touch,29204.25,below,,,,,,"[29173.56,29162.5,29139.1]","Rally into 29204.25 SWG-H·5m; first touch of prior 5m supply after the fast decline.","5m close above 29228.75 voids the rejection","A 5m close above 29228.75 kills the whole plan.","2x5m close above 29207.50 PDC flips long"
2026-09-03,LONDON,1,"2026-09-03 01:34:53",dormant,short,S2,long,sweep_reclaim,C,touch,29075,below,,,,,,"[29139.1,29162.5,29173.56]","Sweep of 29075.00 ONL and a 1m MSS back above it; the only legal long below the dealing-range half.","1m close below 29017.25 after the sweep","A 5m close above 29228.75 kills the whole plan.","2x5m close above 29207.50 PDC flips long"
2026-09-03,NY,1,"2026-09-03 08:05:19",dormant,short,S1,short,reject,B,touch,29259.67,above,1,29259.67,29289,29178.73,,"[29219.2,29209.25,29178.73]","First touch of 29259.67 VWAP+2σ with a 5m/15m rejection candle after the 66pt fast move; fade the extended premium above value.","5m close above 29259.67 voids the fade","Two 5m closes above 29293.00 ONH kill the fade/balance plan.","5m close above 29259.67 flips to long; 2x5m close above 29293 kills the plan"
2026-09-03,NY,1,"2026-09-03 08:05:19",dormant,short,S2,long,breakout_retest,C,touch,29259.67,below,,,,,,[29293],"5m close above 29259.67 VWAP+2σ, then successful retest of 29259.67 holds as support.","5m close back below 29259.67 voids the retest","Two 5m closes above 29293.00 ONH kill the fade/balance plan.","5m close above 29259.67 flips to long; 2x5m close above 29293 kills the plan"
2026-09-03,NY,1,"2026-09-03 08:05:19",dormant,short,S3,short,sweep_reclaim,A,touch,29293,above,,,,,,"[29259.67,29219.2,29178.73]","Sweep of 29293.00 ONH (stops above the 04:00 1h high), then 1m MSS back inside.","5m close above 29293.00 keeps the breakout alive","Two 5m closes above 29293.00 ONH kill the fade/balance plan.","5m close above 29259.67 flips to long; 2x5m close above 29293 kills the plan"
2026-09-03,LONDON,2,"2026-09-03 08:15:44",active,neutral,S1,short,reject,B,touch,29219.97,above,1,29219.97,29255,29144.5,,"[29179.57,29144.5]","Price touches 29219.97 VWAP+1σ and rejects; re-test of consumed level.","5m close above 29255.00 invalidates this short","5m close below 29075.00 (ONL) kills this whole plan","5m close above 29255.00 flips to long"
2026-09-03,LONDON,2,"2026-09-03 08:15:44",active,neutral,S2,short,sweep_reclaim,C,touch,29293,above,,,,,,"[29255,29219.97]","Price sweeps above 29293.00 ONH then 5m closes back below.","5m close above 29293.00 invalidates this sweep_reclaim","5m close below 29075.00 (ONL) kills this whole plan","5m close above 29255.00 flips to long"
2026-09-03,LONDON,2,"2026-09-03 08:15:44",active,neutral,S3,long,sweep_reclaim,C,touch,29075,below,,,,,,"[29144.5,29179.57]","Price sweeps below 29075.00 ONL then 5m closes back above.","5m close below 29075.00 invalidates this sweep_reclaim","5m close below 29075.00 (ONL) kills this whole plan","5m close above 29255.00 flips to long"
2026-09-03,NY,2,"2026-09-03 08:45:05",active,short,S1,short,reject,B,touch,29285,below,1,29285,29340,29144.5,,"[29233.08,29222.75,29144.5]","A retest of 29285.00 OR-H stalls after the 08:30 failure; short the touch.","A 5m close above 29293.00 ONH voids the fade.","Two 5m closes above 29293.00 ONH kill the short plan.","A single 5m close above 29285.00 OR-H flips to long."
2026-09-03,NY,2,"2026-09-03 08:45:05",active,short,S2,long,reject,B,touch,29144.5,above,,,,,,"[29209.25,29233.08,29255]","First touch of 29144.50 Demand·1h after a flush toward 29075.00 ONL; long the touch.","A 5m close below 29075.00 ONL invalidates the demand fade.","Two 5m closes above 29293.00 ONH kill the short plan.","A single 5m close above 29285.00 OR-H flips to long."
2026-09-03,NY,2,"2026-09-03 08:45:05",active,short,S3,short,sweep_reclaim,A,touch,29293,above,,,,,,"[29255,29233.08,29144.5]","A wick through 29293.00 ONH that closes back below 29285.00 on 5m triggers a short sweep-reclaim.","A 5m close above 29498.50 OB(bear)·1h voids the play.","Two 5m closes above 29293.00 ONH kill the short plan.","A single 5m close above 29285.00 OR-H flips to long."
2026-09-03,NY,3,"2026-09-03 09:15:31",active,long,S1,long,reclaim,C,1x5m_close,29285,above,,,,,,"[29293,29351.05]","ISM flush low 29250 held above PDH 29255; a 5m close back above 29285.00 OR-H triggers a reclaim of the overnight high","A 5m close below 29255.00 after the trigger negates the reclaim and opens S3","Plan dies on a 5m close below 29217.09 VWAP; that forfeits the post-PDH auction and opens 29144.50/29075","5m close below 29255.00 PDH flips short toward 29209.25"
2026-09-03,NY,3,"2026-09-03 09:15:31",active,long,S2,short,reject,A,touch,29351.05,below,1,29351.05,29418.75,29209.25,,"[29285,29255,29222.75,29209.25]","Rally into 29351.05 VWAP+2σ; first touch is a fade with stop 29418.75 above the 08:45 high 29375.25","A 1x5m close above 29418.75 invalidates the fade; a 5m close above 29351.05 before fill cancels it","Plan dies on a 5m close below 29217.09 VWAP; that forfeits the post-PDH auction and opens 29144.50/29075","5m close below 29255.00 PDH flips short toward 29209.25"
2026-09-03,NY,3,"2026-09-03 09:15:31",active,long,S3,short,reject,C,touch,29255,below,,,,,,"[29222.75,29217.09,29209.25]","A 5m close below 29255.00 PDH flips the tape; the first pullback that touches 29255.00 is a failed retest and is sold","A 1x5m close back above 29255.00 negates the failed retest","Plan dies on a 5m close below 29217.09 VWAP; that forfeits the post-PDH auction and opens 29144.50/29075","5m close below 29255.00 PDH flips short toward 29209.25"
2026-09-03,NY,3,"2026-09-03 09:15:31",active,long,S4,long,sweep_reclaim,B,touch,29075,above,,,,,,"[29150.11,29217.09,29255]","Deep flush sweeps 29075.00 ONL, then a 5m close back above it signals the reclaim","A 5m close below 29017.25 extends the sweep and cancels the reclaim","Plan dies on a 5m close below 29217.09 VWAP; that forfeits the post-PDH auction and opens 29144.50/29075","5m close below 29255.00 PDH flips short toward 29209.25"
2026-09-03,NY,4,"2026-09-03 09:44:33",active,long,S1,long,breakout_retest,A,touch,29260,above,,,,,,"[29303.68,29346.88,29375.25]","Pullback retest at 29260.00 SWG-H·5m; a 5m close back above 29285.00 triggers the long.","A 5m close below 29260.00 cancels S1; then the 29222.75 OR-L bid is the next long reference.","2x5m closes below 29209.25 Supply·1h invalidates the whole plan.","5m close below 29260.00 flips short"
2026-09-03,NY,4,"2026-09-03 09:44:33",active,long,S2,long,breakout_retest,A,1x5m_close,29303.68,above,,,,,,"[29346.88,29375.25]","Momentum long: 5m close above 29303.68 VWAP+1σ; wait for a small pullback that holds 29293.00 and re-enter long.","A 5m close below 29293.00 invalidates the breakout retest.","2x5m closes below 29209.25 Supply·1h invalidates the whole plan.","5m close below 29260.00 flips short"
2026-09-03,NY,4,"2026-09-03 09:44:33",active,long,S3,long,reclaim,B,1x5m_close,29222.75,above,,,,,,"[29260,29303.68,29346.88]","Defensive long: only if price liquidates below 29260.00 and sweeps 29222.75 OR-L, then a 5m close back above 29222.75 is the reclaim.","A 5m close below 29209.25 Supply·1h kills the reclaim; next lower reference is 29144.50 Demand·1h.","2x5m closes below 29209.25 Supply·1h invalidates the whole plan.","5m close below 29260.00 flips short"
2026-09-03,NY,5,"2026-09-03 10:14:45",active,long,S1,long,reclaim,B,1x5m_close,29435.75,above,,,,,,"[29445.5,29455]","Reclaim/hold of EQL·15m 29435.75 after first touch; acceptance above opens EQH·15m 29445.50 then EQL·1h 29455.00.","5m close below 29406.28","5m close below 29364.75 kills the long path and the whole plan.","2x5m closes below 29406.28 flip to short"
2026-09-03,NY,5,"2026-09-03 10:14:45",active,long,S2,short,reject,B,touch,29445.5,below,,,,,,"[29406.28,29364.75,29326.74]","Touch/reject at EQH·15m 29445.50 (or EQL·1h 29455.00) after liquidity run; fade only with a clear wick reject back below 29445.50.","5m close above 29539.38","5m close below 29364.75 kills the long path and the whole plan.","2x5m closes below 29406.28 flip to short"
2026-09-03,NY,6,"2026-09-03 10:49:57",active,long,S1,long,reclaim,B,1x5m_close,29517,above,,,,,,"[29526.5,29543.75,29619.5]","Price prints a 5m close above 29517.00 EQH·15m, confirming the 10:45 15m BOS-up continuation.","A 5m close back below 29502.88 or a 1m_mss lower before entry voids the reclaim.","Long plan is dead on a 5m close below 29481.05 VWAP+2σ — the pullback is no longer structural.","Two 5m closes below 29502.88 flip the session bias to short."
2026-09-03,NY,6,"2026-09-03 10:49:57",active,long,S2,long,reject,A,touch,29481.05,above,1,29481.05,29414,29619.5,,"[29543.75,29619.5]","First touch of 29481.05 VWAP+2σ rejects higher; entry on the reaction above 29481.05.","A 5m close below 29481.05 or a 1m_mss lower pre-entry voids the support defense.","Long plan is dead on a 5m close below 29481.05 VWAP+2σ — the pullback is no longer structural.","Two 5m closes below 29502.88 flip the session bias to short."
2026-09-03,NY,6,"2026-09-03 10:49:57",active,long,S3,short,reject,B,touch,29543.75,below,1,29543.75,29610.25,29364.75,,"[29502.88,29481.05,29364.75]","Price rallies back to 29543.75 SWG-H·5m and stalls at the 29539.38 Supply·1h confluence; the first touch of 29543.75 rejects lower.","A 5m close above 29543.75 or a 1m_mss above 29539.38 before entry nullifies the fade.","Long plan is dead on a 5m close below 29481.05 VWAP+2σ — the pullback is no longer structural.","Two 5m closes below 29502.88 flip the session bias to short."
2026-09-03,NY,7,"2026-09-03 11:27:53",dormant,long,S1,long,breakout_retest,A,touch,29543.75,above,,,,,,"[29567,29619.5]","Break 29543.75 (SWG-H·5m) on a 15m close, then a shallow pullback touches 29543.75 and holds.","2x5m close below 29529.50 cancels the retest.","2x5m close below 29502.25 (SWG-L·5m) voids the long structure and this plan.","A 5m close below 29512.29 (VWAP+2σ) flips bias to short; 2x5m close below 29502.25 (SWG-L·5m) voids the plan."
2026-09-03,NY,7,"2026-09-03 11:27:53",dormant,long,S2,long,reclaim,B,1x5m_close,29512.29,above,,,,,,"[29529.5,29543.75,29567]","Pullback into 29512.29 (VWAP+2σ) after the 10:00 displacement; a 5m close back above 29512.29 triggers long.","2x5m close below 29502.25 invalidates the reclaim.","2x5m close below 29502.25 (SWG-L·5m) voids the long structure and this plan.","A 5m close below 29512.29 (VWAP+2σ) flips bias to short; 2x5m close below 29502.25 (SWG-L·5m) voids the plan."
2026-09-03,NY,7,"2026-09-03 11:27:53",dormant,long,S3,short,reject,B,touch,29543.75,below,1,29543.75,29592.5,29397.11,,"[29512.29,29502.25,29397.11]","A retest of 29543.75 (SWG-H·5m) stalls inside the 1h supply band 29539.38; sell the rejection.","15m close above 29543.75 cancels the short.","2x5m close below 29502.25 (SWG-L·5m) voids the long structure and this plan.","A 5m close below 29512.29 (VWAP+2σ) flips bias to short; 2x5m close below 29502.25 (SWG-L·5m) voids the plan."
2026-09-03,ASIA,1,"2026-09-03 16:37:36",active,long,S1,long,breakout_retest,B,1x5m_close,29525.75,above,,,,,,"[29539.38,29619.5]","A 5m close above 29525.75 confirms the breakout, then price retests 29525.75 from above and holds.","A 5m close below 29517.50 negates the breakout retest.","A 5m close below 29222.75 OR-L kills the whole plan.","A 5m close below 29460.16 flips bias to short."
2026-09-03,ASIA,1,"2026-09-03 16:37:36",active,long,S2,long,reclaim,A,1x5m_close,29460.16,above,,,,,,"[29502.88,29517.5,29525.75]","Price dips to 29460.16 VWAP+2σ and auctions back; a 5m close above 29460.16 triggers long.","A 5m close below 29362.15 cancels the reclaim setup.","A 5m close below 29222.75 OR-L kills the whole plan.","A 5m close below 29460.16 flips bias to short."
2026-09-03,ASIA,1,"2026-09-03 16:37:36",active,long,S3,short,sweep_reclaim,B,touch,29525.75,above,,,,,,"[29502.88,29460.16,29362.15]","Price sweeps above 29525.75, then a 5m close below 29525.75 accepts the failure; entry short on that close.","A 5m close above 29525.75 after the sweep negates the failure.","A 5m close below 29222.75 OR-L kills the whole plan.","A 5m close below 29460.16 flips bias to short."
2026-09-03,ASIA,1,"2026-09-03 16:37:36",active,long,S4,long,reclaim,B,1x5m_close,29512.54,above,,,,,,"[29517.5,29525.75]","Price reclaims 29512.54 eVWAP; a 5m close above 29512.54 triggers long toward the range top.","A 5m close below 29502.88 cancels the eVWAP reclaim.","A 5m close below 29222.75 OR-L kills the whole plan.","A 5m close below 29460.16 flips bias to short."
2026-09-03,ASIA,2,"2026-09-03 18:47:53",dormant,neutral,S1,long,sweep_reclaim,B,touch,29481.5,below,,,,,,"[29502.88,29513,29545]","Price prints below 29481.50 ONL (stop sweep) and then closes a 5m candle back above 29481.50.","Reclaim close does not print; 5m close below 29462.50 before any reclaim cancels the long.","A 5m close below 29462.50 invalidates the whole plan and opens lower liquidity targets.","A 5m close above 29513.00 flips the bias long."
2026-09-03,ASIA,2,"2026-09-03 18:47:53",dormant,neutral,S2,short,sweep_reclaim,B,touch,29513,above,,,,,,"[29502.88,29481.5,29462.5]","Price prints above 29513.00 ONH (stop sweep) and then closes a 5m candle back below 29513.00.","A second 5m close above 29513.00 confirms acceptance and cancels the short.","A 5m close below 29462.50 invalidates the whole plan and opens lower liquidity targets.","A 5m close above 29513.00 flips the bias long."
2026-09-03,ASIA,2,"2026-09-03 18:47:53",dormant,neutral,S3,long,breakout_retest,B,touch,29513,above,,,,,,"[29539.38,29545]","A 5m close above 29513.00 ONH confirms the break; entry on a retest that touches 29513.00 and holds above it.","The retest of 29513.00 fails with a 5m close back below 29502.88.","A 5m close below 29462.50 invalidates the whole plan and opens lower liquidity targets.","A 5m close above 29513.00 flips the bias long."
2026-09-03,ASIA,3,"2026-09-03 19:28:36",active,long,S1,long,reclaim,B,1x5m_close,29503.08,above,,,,,,"[29521.25,29527.62,29545]","Pullback to 29503.08 VWAP holds; a 5m close back above 29503.08 triggers the long.","5m close below 29481.50 ONL invalidates S1.","5m close below 29481.50 ONL invalidates the whole plan.","5m close below 29503.08 VWAP flips bias to short."
2026-09-03,ASIA,3,"2026-09-03 19:28:36",active,long,S2,long,breakout_retest,B,1x5m_close,29521.25,above,,,,,,"[29527.62,29539.38,29545]","A 5m close above 29521.25 ONH confirms the break; a pullback retest of 29521.25 that holds is the long entry.","5m close back below 29521.25 ONH invalidates S2.","5m close below 29481.50 ONL invalidates the whole plan.","5m close below 29503.08 VWAP flips bias to short."
2026-09-03,ASIA,3,"2026-09-03 19:28:36",active,long,S3,short,sweep_reclaim,C,touch,29521.25,above,,,,,,"[29503.08,29481.5]","Leg 1: price touches/sweeps 29521.25 ONH; leg 2: a 5m close back below 29521.25 triggers the fade short.","5m close above 29527.62 POC negates S3.","5m close below 29481.50 ONL invalidates the whole plan.","5m close below 29503.08 VWAP flips bias to short."
2026-09-03,ASIA,4,"2026-09-03 19:53:35",active,short,S1,short,reject,B,touch,29548,below,1,29548,29558.5,29522.22,,"[29522.22,29516.75,29509.18]","touch 29548.00 and reject","5m close above 29548.00","2x5m close above 29574.38 invalidates this plan","5m close above 29548.00 flips long"
2026-09-03,ASIA,4,"2026-09-03 19:53:35",active,short,S2,long,breakout_retest,B,touch,29548,above,,,,,,"[29574.38,29585]","5m close above 29548.00, then retest 29548.00 holds","5m close below 29541.75","2x5m close above 29574.38 invalidates this plan","5m close above 29548.00 flips long"
2026-09-03,ASIA,5,"2026-09-03 20:32:32",dormant,short,S1,short,sweep_reclaim,A,touch,29543,above,,,,,,"[29528.63,29517.5,29499.27]","Price sweeps above ONH 29543.00 and then prints a 5m close back below 29543.00 (wick alone does not qualify).","5m close above 29548.00 before the reclaim close; 5m close above 29585.00 kills the whole short plan.","5m close above 29585.00 invalidates the short-first/range plan.","2x5m closes above 29548.00 flip to breakout long"
2026-09-03,ASIA,5,"2026-09-03 20:32:32",dormant,short,S2,long,breakout_retest,B,1x5m_close,29548,above,,,,,,[29585],"5m close above 29548.00, then a pullback touches 29548.00 from above and holds; enter long at the retest.","5m close back below 29541.12 after the breakout close.","5m close above 29585.00 invalidates the short-first/range plan.","2x5m closes above 29548.00 flip to breakout long"
2026-09-03,ASIA,5,"2026-09-03 20:32:32",dormant,short,S3,short,reject,B,touch,29585,below,1,29585,29603,29548,,"[29548,29528.63]","Rally stalls at 29585.00 (fresh SWG-H/prior session high) and rejects from first touch.","5m close above 29585.00 (acceptance above the swing high).","5m close above 29585.00 invalidates the short-first/range plan.","2x5m closes above 29548.00 flip to breakout long"
2026-09-03,ASIA,6,"2026-09-04 00:40:13",active,long,S1,long,breakout_retest,A,1x5m_close,29622.25,above,,,,,,"[29622.17,29633.25,29643.5]","Retest of 29622.25 current price that holds is the trade, confirmed by a 5m close back above 29622.25.","5m close below 29585.00 RTH-H after the touch cancels the retest.","5m close below 29481.50 ONL ends the long plan; do not buy lower until a daily reclaim.","5m close below 29601.00 PDH flips short"
2026-09-03,ASIA,6,"2026-09-04 00:40:13",active,long,S2,long,sweep_reclaim,B,touch,29481.5,below,,,,,,"[29509.09,29541.12,29585]","Sweep of 29481.50 ONL; the long requires a 5m close back above 29481.50, never the wick alone.","A second 5m close below 29481.50 with no 5m close above cancels the setup.","5m close below 29481.50 ONL ends the long plan; do not buy lower until a daily reclaim.","5m close below 29601.00 PDH flips short"
2026-09-03,ASIA,6,"2026-09-04 00:40:13",active,long,S3,long,reject,B,touch,29585,above,1,29585,29568,29622.17,,"[29622.17,29633.25,29643.5]","First touch of 29585.00 RTH-H; enter long only on a stall/rejection there, with resting limit 29585.00.","5m close below 29585.00 after entry invalidates the reject.","5m close below 29481.50 ONL ends the long plan; do not buy lower until a daily reclaim.","5m close below 29601.00 PDH flips short"
2026-09-03,ASIA,6,"2026-09-04 00:40:13",active,long,S4,short,sweep_reclaim,C,touch,29643.5,above,,,,,,"[29601,29585,29541.12,29509.09]","Sweep above 29643.50 ONH; short only after a 5m close back below 29643.50 (sweep-reclaim, not a blind fade).","5m close back above 29643.50 after the sweep cancels the short; stand aside.","5m close below 29481.50 ONL ends the long plan; do not buy lower until a daily reclaim.","5m close below 29601.00 PDH flips short"
2026-09-03,ASIA,7,"2026-09-04 01:20:35",dormant,long,S1,long,breakout_retest,A,touch,29643.5,above,,,,,,"[29652.12,29848.75]","5m close above 29643.50 ONH, then a retest of 29643.50 holds; enter long on touch","5m close below 29619.50 voids the breakout; stop below retest low","Two consecutive 5m closes below 29579.50 invalidate the whole plan","5m close below 29619.50 flips bias to short"
2026-09-03,ASIA,7,"2026-09-04 01:20:35",dormant,long,S2,long,reclaim,B,1x5m_close,29597.25,above,,,,,,"[29619.5,29637.52,29643.5]","Dip below 29597.25 PDC and a 5m close back above 29597.25 reclaims the pivot; enter long on that close","5m close below 29591.50 voids the reclaim","Two consecutive 5m closes below 29579.50 invalidate the whole plan","5m close below 29619.50 flips bias to short"
2026-09-03,ASIA,7,"2026-09-04 01:20:35",dormant,long,S3,short,sweep_reclaim,B,touch,29643.5,above,,,,,,"[29619.5,29601,29591.5]","Sweep above 29643.50 ONH and a 5m close back below 29643.50; short only on that close","5m close above 29643.50 or continued closes above 29652.12 voids; stop above sweep high","Two consecutive 5m closes below 29579.50 invalidate the whole plan","5m close below 29619.50 flips bias to short"
2026-09-04,LONDON,1,"2026-09-04 01:41:15",active,long,S1,long,reclaim,A,1x5m_close,29597.25,above,,,,,,"[29619.5,29639.5,29644.25]","A dip below 29597.25 PDC followed by a 5m close back above 29597.25 while 29591.50 SWG-L·5m holds; targets 29619.50 then 29639.50/29644.25.","A 5m close below 29591.50 cancels this reclaim.","A 5m close below 29579.50 SWG-H·15m kills the entire long plan.","two consecutive 5m closes below 29597.25 PDC flip bias short"
2026-09-04,LONDON,1,"2026-09-04 01:41:15",active,long,S2,long,reject,B,touch,29579.5,above,1,29579.5,29558.34,29639.5,,"[29597.25,29619.5,29639.5]","A touch of 29579.50 SWG-H·15m; fade long from the touch with a structure stop below 29558.34 VWAP; targets 29597.25 then 29619.50/29639.50.","A 5m close below 29558.34 cancels this reject.","A 5m close below 29579.50 SWG-H·15m kills the entire long plan.","two consecutive 5m closes below 29597.25 PDC flip bias short"
2026-09-04,LONDON,1,"2026-09-04 01:41:15",active,long,S3,short,sweep_reclaim,B,touch,29644.25,above,,,,,,"[29619.5,29601,29579.5]","A retest of 29644.25 ONH that wicks through 29644.25 and then prints a 5m close back below 29644.25; targets 29619.50 then 29601.00.","A 5m close back above 29644.25 after the reclaim close cancels.","A 5m close below 29579.50 SWG-H·15m kills the entire long plan.","two consecutive 5m closes below 29597.25 PDC flip bias short"
2026-09-04,LONDON,1,"2026-09-04 01:41:15",active,long,S4,long,reclaim,B,1x5m_close,29619.5,above,,,,,,"[29639.5,29644.25]","A dip below 29619.50 OB(bear)·1h followed by a 5m close back above 29619.50 while 29601.00 PDH holds; targets 29639.50 then 29644.25.","A 5m close below 29601.00 cancels this reclaim.","A 5m close below 29579.50 SWG-H·15m kills the entire long plan.","two consecutive 5m closes below 29597.25 PDC flip bias short"
2026-09-04,LONDON,2,"2026-09-04 02:04:14",active,short,S1,short,reject,B,touch,29649.59,below,1,29649.59,29670.69,29597.25,,"[29597.25,29561.43]","price touches 29649.59 VWAP+2σ and fails to hold above it","5m close above 29649.59","Two 5m closes above 29649.59 VWAP+2σ invalidate the plan.","5m close above 29601.00 PDH flips long"
2026-09-04,LONDON,2,"2026-09-04 02:04:14",active,short,S2,short,acceptance,C,time_hold,29561.43,below,,,,,,"[29517.35,29490.88]","price breaks 29561.43 VWAP and holds below it for 3 minutes","5m close back above 29561.43","Two 5m closes above 29649.59 VWAP+2σ invalidate the plan.","5m close above 29601.00 PDH flips long"
2026-09-04,LONDON,3,"2026-09-04 07:56:17",active,short,S1,short,sweep_reclaim,B,touch,29720,above,,,,,,"[29585,29538.84,29481.5]","Rally touches 29720 (ONH) and sweeps above it; then a 5m candle closes back below 29720","5m close above 29720 cancels the short","5m close above 29720 (ONH) kills the short plan","5m close above 29601 (PDH) flips the bias to long"
2026-09-04,LONDON,3,"2026-09-04 07:56:17",active,short,S2,short,reject,B,touch,29503.38,above,,,,,,[29278],"Rally into 29503.38 (OB(bear)·4h) prints a wick above the level and rejects; touch confirms the short fade","5m close above 29503.38 cancels the short","5m close above 29720 (ONH) kills the short plan","5m close above 29601 (PDH) flips the bias to long"
2026-09-04,LONDON,3,"2026-09-04 07:56:17",active,short,S3,long,sweep_reclaim,C,touch,29278,below,,,,,,"[29481.5,29538.84]","Flush touches 29278.00 (Demand·1h HTF, discount) and sweeps below it; then a 5m candle closes back above 29278.00","5m close below 29278.00 after the reclaim fails cancels the long","5m close above 29720 (ONH) kills the short plan","5m close above 29601 (PDH) flips the bias to long"
2026-09-04,NY,1,"2026-09-04 08:11:45",no_trade,neutral,S0,long,hold,B,,,,,,,,,,none,n/a,"already dead (fail-closed)",n/a
2026-09-04,NY,2,"2026-09-04 08:44:46",active,long,S1,long,sweep_reclaim,A,touch,29611.25,above,1,29611.25,29481.5,29720,,[29720],"breakout above 29611.25 OR-H, then retest of 29611.25 as support confirmed by a 1m MSS back above 29611.25","5m close below 29481.50 ONL","2x5m closes below 29481.50 ONL voids this plan","5m close below 29532.64 VWAP−1σ flips bias to short"
2026-09-04,NY,2,"2026-09-04 08:44:46",active,long,S2,short,sweep_reclaim,B,touch,29720,above,1,29720,29770,29601,,"[29611.25,29601]","sweep of 29720.00 ONH that fails with a 1m close back below 29720.00","5m close back above 29720.00 ONH","2x5m closes below 29481.50 ONL voids this plan","5m close below 29532.64 VWAP−1σ flips bias to short"
2026-09-04,NY,3,"2026-09-04 08:55:11",active,short,S1,short,reject,B,touch,29657.38,below,1,29657.38,29720,29503.38,,"[29591.02,29553.75,29503.38,29481.5]","Price retests 29657.38 Supply·1h and rejects; the limit sell rests at 29657.38.","5m close above 29720.00 ONH cancels the fade.","A 5m close above 29720.00 ONH invalidates the premium-short plan.","two 5m closes above 29657.38 Supply·1h flip to long"
2026-09-04,NY,3,"2026-09-04 08:55:11",active,short,S2,short,reclaim,C,1x5m_close,29591.02,below,1,29591.02,29645.25,29481.5,,"[29553.75,29503.38,29481.5]","A 5m close below 29591.02 VWAP triggers a reclaim short; the sell stop is at 29591.02.","5m close back above 29645.25 cancels the VWAP reclaim.","A 5m close above 29720.00 ONH invalidates the premium-short plan.","two 5m closes above 29657.38 Supply·1h flip to long"
2026-09-04,NY,4,"2026-09-04 11:03:30",active,short,S1,short,reject,B,touch,29585,below,1,29585,29636,29481.5,,"[29481.5,29199.25]","Pullback rally to 29585.00 RTH-H after the 15m lower-high sequence; touch 29585.00 fades short.","5m close above 29601.00 PDH","5m close above 29852.38 Demand·4h invalidates the entire plan","Two 5m closes above 29720.00 ONH"
2026-09-04,NY,4,"2026-09-04 11:03:30",active,short,S2,short,sweep_reclaim,B,touch,29720,above,1,29720,29770,29585,,"[29585,29481.5]","Rally sweeps 29720.00 ONH and then prints a 1m MSS back below 29720.00.","5m close above 29770.00 cancels the sweep-reclaim short","5m close above 29852.38 Demand·4h invalidates the entire plan","Two 5m closes above 29720.00 ONH"
2026-09-04,NY,4,"2026-09-04 11:03:30",active,short,S3,long,reject,B,touch,29144.5,above,,,,,,"[29199.25,29481.5]","First touch of 29144.50 Demand·1h (HTF) after a wash lower; touch 29144.50 buys the reaction zone.","5m close below 29095.00","5m close above 29852.38 Demand·4h invalidates the entire plan","Two 5m closes above 29720.00 ONH"
2026-09-04,NY,5,"2026-09-04 11:28:50",active,short,S1,short,sweep_reclaim,B,touch,29720,above,1,29720,29765,29553.75,,"[29601,29553.75,29481.5]","Price rallies to 29720.00 ONH, sweeps it with a wick, then 5m closes back below 29720.00","5m close above 29765.00 cancels the sweep-reclaim","5m close above 29601.00 PDH invalidates the entire plan","2x5m close above 29585.00 RTH-H flips bias to long"
2026-09-04,NY,5,"2026-09-04 11:28:50",active,short,S2,short,breakout_retest,C,touch,29530.63,below,,,,,,"[29481.5,29425.12]","5m breaks below 29530.63 POC, then pulls back to retest 29530.63 from below and stalls","5m close back above 29553.75 OR-L voids the retest","5m close above 29601.00 PDH invalidates the entire plan","2x5m close above 29585.00 RTH-H flips bias to long"
2026-09-04,NY,6,"2026-09-04 12:10:35",active,short,S1,short,reject,B,touch,29579.56,below,1,29579.56,29614.5,29503.38,,"[29553.75,29503.38,29481.5]","After 13:30 CT, price rallies into 29579.56 VWAP and stalls; sell the touch, not a chase.","A 5m close above 29601.00 PDH invalidates this fade.","A 5m close above 29635.00 OR-H invalidates the entire short plan.","5m close above 29601.00 PDH flips the session to long"
2026-09-04,NY,6,"2026-09-04 12:10:35",active,short,S2,short,sweep_reclaim,B,touch,29720,above,1,29720,29755,29635,,"[29635,29579.56,29553.75]","Price rallies to 29720.00 ONH and sweeps it; a 5m close back below 29720.00 confirms the reclaim and the short.","A 5m close above 29755.00 invalidates the fade.","A 5m close above 29635.00 OR-H invalidates the entire short plan.","5m close above 29601.00 PDH flips the session to long"
2026-09-04,NY,6,"2026-09-04 12:10:35",active,short,S3,long,sweep_reclaim,C,touch,29144.5,below,,,,,,"[29425.12,29503.38]","A flush to 29144.50 Demand·1h that sweeps the level and then posts a 5m close back above it.","A 5m close below 29101.75 PDL invalidates.","A 5m close above 29635.00 OR-H invalidates the entire short plan.","5m close above 29601.00 PDH flips the session to long"
