representative_id,kind,price,opened_at_ms,opened_ct,cme_day,outcome,raw_n,raw_ids,stored_ordinals,stored_ordinal,reconstructed_ordinal,ordinal_bucket,first_plan_row,plan_created_ms,plan_asof_ok
1,VWAP±2σ,29622.17165419221,1788498840000,2026-09-04T00:14:00-05:00,2026-09-03,break,1,1,1,1,1,1,245,1788485552918,True
2,OB,29633.25,1788499080000,2026-09-04T00:18:00-05:00,2026-09-03,hold,1,2,1,1,1,1,245,1788485552918,True
3,PDH,29601.0,1788496440000,2026-09-03T23:34:00-05:00,2026-09-03,hold,1,3,1,1,1,1,245,1788485552918,True
4,PDH,29601.0,1788498240000,2026-09-04T00:04:00-05:00,2026-09-03,break,1,4,2,2,2,2,245,1788485552918,True
5,ONH,29643.5,1788499200000,2026-09-04T00:20:00-05:00,2026-09-03,hold,1,5,1,1,1,1,245,1788485552918,True
6,PDC,29597.25,1788496260000,2026-09-03T23:31:00-05:00,2026-09-03,ambiguous_horizon,1,6,1,1,1,1,245,1788485552918,True
7,PDC,29597.25,1788497880000,2026-09-03T23:58:00-05:00,2026-09-03,break,1,7,2,2,2,2,245,1788485552918,True
8,RTH-H,29585.0,1788459300000,2026-09-03T13:15:00-05:00,2026-09-02,hold,1,8,1,1,1,1,245,1788485552918,False
9,RTH-H,29585.0,1788496020000,2026-09-03T23:27:00-05:00,2026-09-03,break,1,9,1,1,1,1,245,1788485552918,True
10,RTH-H,29585.0,1788497220000,2026-09-03T23:47:00-05:00,2026-09-03,ambiguous_horizon,1,10,2,2,2,2,245,1788485552918,True
11,SWG-H,29579.5,1788459300000,2026-09-03T13:15:00-05:00,2026-09-02,hold,1,11,1,1,1,1,245,1788485552918,False
12,SWG-H,29579.5,1788459960000,2026-09-03T13:26:00-05:00,2026-09-02,hold,1,12,1,1,2,2,245,1788485552918,False
13,SWG-H,29579.5,1788460500000,2026-09-03T13:35:00-05:00,2026-09-02,hold,1,13,1,1,3,3+,245,1788485552918,False
14,SWG-H,29579.5,1788461400000,2026-09-03T13:50:00-05:00,2026-09-02,hold,1,14,1,1,4,3+,245,1788485552918,False
15,SWG-H,29579.5,1788493140000,2026-09-03T22:39:00-05:00,2026-09-03,hold,1,15,1,1,1,1,245,1788485552918,True
16,SWG-H,29579.5,1788495840000,2026-09-03T23:24:00-05:00,2026-09-03,break,1,16,2,2,2,2,245,1788485552918,True
17,SWG-H,29568.5,1788458460000,2026-09-03T13:01:00-05:00,2026-09-02,ambiguous_horizon,1,17,1,1,1,1,245,1788485552918,False
18,SWG-H,29568.5,1788459540000,2026-09-03T13:19:00-05:00,2026-09-02,ambiguous_horizon,1,18,1,1,2,2,245,1788485552918,False
19,SWG-H,29568.5,1788460800000,2026-09-03T13:40:00-05:00,2026-09-02,ambiguous_horizon,1,19,1,1,3,3+,245,1788485552918,False
20,SWG-H,29568.5,1788461940000,2026-09-03T13:59:00-05:00,2026-09-02,hold,1,20,1,1,4,3+,245,1788485552918,False
21,SWG-H,29568.5,1788490440000,2026-09-03T21:54:00-05:00,2026-09-03,ambiguous_horizon,1,21,1,1,1,1,245,1788485552918,True
22,SWG-H,29568.5,1788491760000,2026-09-03T22:16:00-05:00,2026-09-03,ambiguous_horizon,1,22,2,2,2,2,245,1788485552918,True
23,SWG-H,29568.5,1788493440000,2026-09-03T22:44:00-05:00,2026-09-03,ambiguous_horizon,1,23,3,3,3,3+,245,1788485552918,True
24,SWG-H,29568.5,1788494400000,2026-09-03T23:00:00-05:00,2026-09-03,ambiguous_horizon,1,24,4,4,4,3+,245,1788485552918,True
25,SWG-H,29568.5,1788495420000,2026-09-03T23:17:00-05:00,2026-09-03,hold,1,25,5,5,5,3+,245,1788485552918,True
26,VWAP,29509.089576892293,1788449160000,2026-09-03T10:26:00-05:00,2026-09-02,break,1,26,1,1,1,1,245,1788485552918,False
27,VWAP,29509.089576892293,1788450000000,2026-09-03T10:40:00-05:00,2026-09-02,hold,1,27,1,1,2,2,245,1788485552918,False
28,VWAP,29509.089576892293,1788450240000,2026-09-03T10:44:00-05:00,2026-09-02,hold,1,28,1,1,3,3+,245,1788485552918,False
29,VWAP,29509.089576892293,1788451560000,2026-09-03T11:06:00-05:00,2026-09-02,ambiguous_horizon,1,29,1,1,4,3+,245,1788485552918,False
30,VWAP,29509.089576892293,1788452520000,2026-09-03T11:22:00-05:00,2026-09-02,break,1,30,1,1,5,3+,245,1788485552918,False
31,VWAP,29509.089576892293,1788453480000,2026-09-03T11:38:00-05:00,2026-09-02,break,1,31,1,1,6,3+,245,1788485552918,False
32,VWAP,29509.089576892293,1788454980000,2026-09-03T12:03:00-05:00,2026-09-02,break,1,32,1,1,7,3+,245,1788485552918,False
33,VWAP,29509.089576892293,1788456600000,2026-09-03T12:30:00-05:00,2026-09-02,break,1,33,1,1,8,3+,245,1788485552918,False
34,VWAP,29509.089576892293,1788465300000,2026-09-03T14:55:00-05:00,2026-09-02,hold,1,34,1,1,9,3+,245,1788485552918,False
35,VWAP,29509.089576892293,1788465600000,2026-09-03T15:00:00-05:00,2026-09-02,ambiguous_horizon,1,35,1,1,10,3+,245,1788485552918,False
36,VWAP,29509.089576892293,1788466860000,2026-09-03T15:21:00-05:00,2026-09-02,ambiguous_horizon,1,36,1,1,11,3+,245,1788485552918,False
37,VWAP,29509.089576892293,1788468360000,2026-09-03T15:46:00-05:00,2026-09-02,ambiguous_horizon,1,37,1,1,12,3+,245,1788485552918,False
38,VWAP,29509.089576892293,1788472800000,2026-09-03T17:00:00-05:00,2026-09-03,hold,1,38,1,1,1,1,245,1788485552918,False
39,VWAP,29509.089576892293,1788476340000,2026-09-03T17:59:00-05:00,2026-09-03,ambiguous_horizon,1,39,2,2,2,2,245,1788485552918,False
40,VWAP,29509.089576892293,1788478020000,2026-09-03T18:27:00-05:00,2026-09-03,ambiguous_horizon,1,40,3,3,3,3+,245,1788485552918,False
41,VWAP,29509.089576892293,1788478920000,2026-09-03T18:42:00-05:00,2026-09-03,ambiguous_horizon,1,41,4,4,4,3+,245,1788485552918,False
42,VWAP,29509.089576892293,1788480060000,2026-09-03T19:01:00-05:00,2026-09-03,ambiguous_horizon,1,42,5,5,5,3+,245,1788485552918,False
43,OB,29490.875,1788448980000,2026-09-03T10:23:00-05:00,2026-09-02,break,1,43,1,1,1,1,245,1788485552918,False
44,OB,29490.875,1788452760000,2026-09-03T11:26:00-05:00,2026-09-02,hold,1,44,1,1,2,2,245,1788485552918,False
45,OB,29490.875,1788455400000,2026-09-03T12:10:00-05:00,2026-09-02,ambiguous_horizon,1,45,1,1,3,3+,245,1788485552918,False
46,OB,29490.875,1788456300000,2026-09-03T12:25:00-05:00,2026-09-02,break,1,46,1,1,4,3+,245,1788485552918,False
47,OB,29490.875,1788472860000,2026-09-03T17:01:00-05:00,2026-09-03,ambiguous_horizon,1,47,1,1,1,1,245,1788485552918,False
48,OB,29490.875,1788473700000,2026-09-03T17:15:00-05:00,2026-09-03,ambiguous_horizon,1,48,2,2,2,2,245,1788485552918,False
49,OB,29490.875,1788474540000,2026-09-03T17:29:00-05:00,2026-09-03,ambiguous_horizon,1,49,3,3,3,3+,245,1788485552918,False
50,ONL,29481.5,1788448920000,2026-09-03T10:22:00-05:00,2026-09-02,break,1,50,1,1,1,1,245,1788485552918,False
51,ONL,29481.5,1788456000000,2026-09-03T12:20:00-05:00,2026-09-02,hold,1,51,1,1,2,2,245,1788485552918,False
52,ONL,29481.5,1788473460000,2026-09-03T17:11:00-05:00,2026-09-03,hold,1,52,1,1,1,1,245,1788485552918,False
53,VWAP±2σ,29637.522083992048,1788499080000,2026-09-04T00:18:00-05:00,2026-09-03,hold,1,53,1,1,1,1,246,1788500413822,False
54,PDH,29601.0,1788500940000,2026-09-04T00:49:00-05:00,2026-09-03,hold,1,54,3,3,3,3+,246,1788500413822,True
55,PDC,29597.25,1788501000000,2026-09-04T00:50:00-05:00,2026-09-03,hold,1,55,3,3,3,3+,246,1788500413822,True
56,SWG-L,29591.5,1788496020000,2026-09-03T23:27:00-05:00,2026-09-03,ambiguous_horizon,1,56,1,1,1,1,246,1788500413822,False
57,SWG-L,29591.5,1788497700000,2026-09-03T23:55:00-05:00,2026-09-03,break,1,57,2,2,2,2,246,1788500413822,False
58,SWG-L,29591.5,1788501000000,2026-09-04T00:50:00-05:00,2026-09-03,hold,1,58,3,3,3,3+,246,1788500413822,True
59,VWAP,29554.195227116023,1788458400000,2026-09-03T13:00:00-05:00,2026-09-02,break,1,59,1,1,1,1,246,1788500413822,False
60,VWAP,29554.195227116023,1788462000000,2026-09-03T14:00:00-05:00,2026-09-02,ambiguous_horizon,1,60,1,1,2,2,246,1788500413822,False
61,VWAP,29554.195227116023,1788488580000,2026-09-03T21:23:00-05:00,2026-09-03,ambiguous_horizon,1,61,1,1,1,1,246,1788500413822,False
62,VWAP,29554.195227116023,1788489660000,2026-09-03T21:41:00-05:00,2026-09-03,ambiguous_horizon,1,62,2,2,2,2,246,1788500413822,False
63,eVWAP,29549.24923737589,1788457920000,2026-09-03T12:52:00-05:00,2026-09-02,break,1,63,1,1,1,1,246,1788500413822,False
64,eVWAP,29549.24923737589,1788462480000,2026-09-03T14:08:00-05:00,2026-09-02,break,1,64,1,1,2,2,246,1788500413822,False
65,eVWAP,29549.24923737589,1788485820000,2026-09-03T20:37:00-05:00,2026-09-03,hold,1,65,1,1,1,1,246,1788500413822,False
66,eVWAP,29549.24923737589,1788487860000,2026-09-03T21:11:00-05:00,2026-09-03,ambiguous_horizon,1,66,2,2,2,2,246,1788500413822,False
67,eVWAP,29549.24923737589,1788489240000,2026-09-03T21:34:00-05:00,2026-09-03,ambiguous_horizon,1,67,3,3,3,3+,246,1788500413822,False
68,SWG-H,29513.0,1788449160000,2026-09-03T10:26:00-05:00,2026-09-02,break,1,68,1,1,1,1,246,1788500413822,False
69,SWG-H,29513.0,1788449880000,2026-09-03T10:38:00-05:00,2026-09-02,ambiguous_horizon,1,69,1,1,2,2,246,1788500413822,False
70,SWG-H,29513.0,1788451440000,2026-09-03T11:04:00-05:00,2026-09-02,ambiguous_horizon,1,70,1,1,3,3+,246,1788500413822,False
71,SWG-H,29513.0,1788452520000,2026-09-03T11:22:00-05:00,2026-09-02,break,1,71,1,1,4,3+,246,1788500413822,False
72,SWG-H,29513.0,1788453480000,2026-09-03T11:38:00-05:00,2026-09-02,break,1,72,1,1,5,3+,246,1788500413822,False
73,SWG-H,29513.0,1788454920000,2026-09-03T12:02:00-05:00,2026-09-02,break,1,73,1,1,6,3+,246,1788500413822,False
74,SWG-H,29513.0,1788456660000,2026-09-03T12:31:00-05:00,2026-09-02,break,1,74,1,1,7,3+,246,1788500413822,False
75,SWG-H,29513.0,1788465060000,2026-09-03T14:51:00-05:00,2026-09-02,hold,1,75,1,1,8,3+,246,1788500413822,False
76,SWG-H,29513.0,1788465480000,2026-09-03T14:58:00-05:00,2026-09-02,hold,1,76,1,1,9,3+,246,1788500413822,False
77,SWG-H,29513.0,1788466740000,2026-09-03T15:19:00-05:00,2026-09-02,ambiguous_horizon,1,77,1,1,10,3+,246,1788500413822,False
78,SWG-H,29513.0,1788467700000,2026-09-03T15:35:00-05:00,2026-09-02,ambiguous_horizon,1,78,1,1,11,3+,246,1788500413822,False
79,SWG-H,29513.0,1788476340000,2026-09-03T17:59:00-05:00,2026-09-03,ambiguous_horizon,1,79,1,1,1,1,246,1788500413822,False
80,SWG-H,29513.0,1788479100000,2026-09-03T18:45:00-05:00,2026-09-03,ambiguous_horizon,1,80,2,2,2,2,246,1788500413822,False
81,SWG-H,29513.0,1788480300000,2026-09-03T19:05:00-05:00,2026-09-03,ambiguous_horizon,1,81,3,3,3,3+,246,1788500413822,False
82,EQL,29639.5,1788499140000,2026-09-04T00:19:00-05:00,2026-09-03,hold,1,82,1,1,1,1,,,False
83,EQL,29639.5,1788502260000,2026-09-04T01:11:00-05:00,2026-09-03,hold,1,83,2,2,2,2,,,False
84,ONH,29644.25,1788502320000,2026-09-04T01:12:00-05:00,2026-09-03,hold,1,84,1,1,1,1,,,False
85,VWAP,29558.335161129893,1788458400000,2026-09-03T13:00:00-05:00,2026-09-02,break,1,85,1,1,1,1,,,False
86,VWAP,29558.335161129893,1788462000000,2026-09-03T14:00:00-05:00,2026-09-02,break,1,86,1,1,2,2,,,False
87,VWAP,29558.335161129893,1788489000000,2026-09-03T21:30:00-05:00,2026-09-03,ambiguous_horizon,1,87,1,1,1,1,,,False
88,VWAP,29558.335161129893,1788490080000,2026-09-03T21:48:00-05:00,2026-09-03,ambiguous_horizon,1,88,2,2,2,2,,,False
89,VWAP,29558.335161129893,1788491460000,2026-09-03T22:11:00-05:00,2026-09-03,hold,1,89,3,3,3,3+,,,False
90,VWAP,29558.335161129893,1788494580000,2026-09-03T23:03:00-05:00,2026-09-03,hold,1,90,4,4,4,3+,,,False
91,eVWAP,29553.131223672517,1788458400000,2026-09-03T13:00:00-05:00,2026-09-02,break,1,91,1,1,1,1,,,False
92,eVWAP,29553.131223672517,1788462060000,2026-09-03T14:01:00-05:00,2026-09-02,break,1,92,1,1,2,2,,,False
93,eVWAP,29553.131223672517,1788487920000,2026-09-03T21:12:00-05:00,2026-09-03,ambiguous_horizon,1,93,1,1,1,1,,,False
94,eVWAP,29553.131223672517,1788488880000,2026-09-03T21:28:00-05:00,2026-09-03,ambiguous_horizon,1,94,2,2,2,2,,,False
95,eVWAP,29553.131223672517,1788489960000,2026-09-03T21:46:00-05:00,2026-09-03,ambiguous_horizon,1,95,3,3,3,3+,,,False
96,SWG-L,29491.0,1788448980000,2026-09-03T10:23:00-05:00,2026-09-02,break,1,96,1,1,1,1,,,False
97,SWG-L,29491.0,1788452760000,2026-09-03T11:26:00-05:00,2026-09-02,hold,1,97,1,1,2,2,,,False
98,SWG-L,29491.0,1788455400000,2026-09-03T12:10:00-05:00,2026-09-02,ambiguous_horizon,1,98,1,1,3,3+,,,False
99,SWG-L,29491.0,1788456300000,2026-09-03T12:25:00-05:00,2026-09-02,break,1,99,1,1,4,3+,,,False
100,SWG-L,29491.0,1788472860000,2026-09-03T17:01:00-05:00,2026-09-03,ambiguous_horizon,1,100,1,1,1,1,,,False
101,SWG-L,29491.0,1788473700000,2026-09-03T17:15:00-05:00,2026-09-03,ambiguous_horizon,1,101,2,2,2,2,,,False
102,SWG-L,29491.0,1788474540000,2026-09-03T17:29:00-05:00,2026-09-03,ambiguous_horizon,1,102,3,3,3,3+,,,False
103,SWG-L,29491.0,1788480000000,2026-09-03T19:00:00-05:00,2026-09-03,hold,1,103,4,4,4,3+,,,False
104,VWAP,29561.434206358408,1788458400000,2026-09-03T13:00:00-05:00,2026-09-02,break,1,104,1,1,1,1,248,1788504075950,False
105,VWAP,29561.434206358408,1788460980000,2026-09-03T13:43:00-05:00,2026-09-02,hold,1,105,1,1,2,2,248,1788504075950,False
106,VWAP,29561.434206358408,1788461700000,2026-09-03T13:55:00-05:00,2026-09-02,ambiguous_horizon,1,106,1,1,3,3+,248,1788504075950,False
107,VWAP,29561.434206358408,1788489000000,2026-09-03T21:30:00-05:00,2026-09-03,ambiguous_horizon,1,107,1,1,1,1,248,1788504075950,False
108,VWAP,29561.434206358408,1788490200000,2026-09-03T21:50:00-05:00,2026-09-03,ambiguous_horizon,1,108,2,2,2,2,248,1788504075950,False
109,VWAP,29561.434206358408,1788491220000,2026-09-03T22:07:00-05:00,2026-09-03,hold,1,109,3,3,3,3+,248,1788504075950,False
110,VWAP,29561.434206358408,1788494520000,2026-09-03T23:02:00-05:00,2026-09-03,hold,1,110,4,4,4,3+,248,1788504075950,False
111,SWG-L,29556.25,1788458400000,2026-09-03T13:00:00-05:00,2026-09-02,break,1,111,1,1,1,1,248,1788504075950,False
112,SWG-L,29556.25,1788462000000,2026-09-03T14:00:00-05:00,2026-09-02,ambiguous_horizon,1,112,1,1,2,2,248,1788504075950,False
113,SWG-L,29556.25,1788488640000,2026-09-03T21:24:00-05:00,2026-09-03,ambiguous_horizon,1,113,1,1,1,1,248,1788504075950,False
114,SWG-L,29556.25,1788490080000,2026-09-03T21:48:00-05:00,2026-09-03,ambiguous_horizon,1,114,2,2,2,2,248,1788504075950,False
115,SWG-L,29556.25,1788494580000,2026-09-03T23:03:00-05:00,2026-09-03,hold,1,115,3,3,3,3+,248,1788504075950,False
116,PDC,29597.25,1788504000000,2026-09-04T01:40:00-05:00,2026-09-03,hold,1,116,4,4,4,3+,248,1788504075950,False
117,PDC,29597.25,1788504360000,2026-09-04T01:46:00-05:00,2026-09-03,break,1,117,5,5,5,3+,248,1788504075950,True
118,PDH,29601.0,1788503700000,2026-09-04T01:35:00-05:00,2026-09-03,ambiguous_horizon,1,118,4,4,4,3+,248,1788504075950,False
119,VWAP,29517.354840748478,1788449220000,2026-09-03T10:27:00-05:00,2026-09-02,break,1,119,1,1,1,1,248,1788504075950,False
120,VWAP,29517.354840748478,1788449820000,2026-09-03T10:37:00-05:00,2026-09-02,ambiguous_horizon,1,120,1,1,2,2,248,1788504075950,False
121,VWAP,29517.354840748478,1788450840000,2026-09-03T10:54:00-05:00,2026-09-02,hold,1,121,1,1,3,3+,248,1788504075950,False
122,VWAP,29517.354840748478,1788451440000,2026-09-03T11:04:00-05:00,2026-09-02,ambiguous_horizon,1,122,1,1,4,3+,248,1788504075950,False
123,VWAP,29517.354840748478,1788453540000,2026-09-03T11:39:00-05:00,2026-09-02,break,1,123,1,1,5,3+,248,1788504075950,False
124,VWAP,29517.354840748478,1788454380000,2026-09-03T11:53:00-05:00,2026-09-02,hold,1,124,1,1,6,3+,248,1788504075950,False
125,VWAP,29517.354840748478,1788454920000,2026-09-03T12:02:00-05:00,2026-09-02,break,1,125,1,1,7,3+,248,1788504075950,False
126,VWAP,29517.354840748478,1788456840000,2026-09-03T12:34:00-05:00,2026-09-02,break,1,126,1,1,8,3+,248,1788504075950,False
127,VWAP,29517.354840748478,1788464880000,2026-09-03T14:48:00-05:00,2026-09-02,hold,1,127,1,1,9,3+,248,1788504075950,False
128,VWAP,29517.354840748478,1788465720000,2026-09-03T15:02:00-05:00,2026-09-02,ambiguous_horizon,1,128,1,1,10,3+,248,1788504075950,False
129,VWAP,29517.354840748478,1788466560000,2026-09-03T15:16:00-05:00,2026-09-02,ambiguous_horizon,1,129,1,1,11,3+,248,1788504075950,False
130,VWAP,29517.354840748478,1788467820000,2026-09-03T15:37:00-05:00,2026-09-02,ambiguous_horizon,1,130,1,1,12,3+,248,1788504075950,False
131,VWAP,29517.354840748478,1788480420000,2026-09-03T19:07:00-05:00,2026-09-03,ambiguous_horizon,1,131,1,1,1,1,248,1788504075950,False
132,VWAP,29517.354840748478,1788481560000,2026-09-03T19:26:00-05:00,2026-09-03,ambiguous_horizon,1,132,2,2,2,2,248,1788504075950,False
133,VWAP,29517.354840748478,1788484560000,2026-09-03T20:16:00-05:00,2026-09-03,hold,1,133,3,3,3,3+,248,1788504075950,False
134,VWAP±2σ,29473.27547513855,1788448500000,2026-09-03T10:15:00-05:00,2026-09-02,hold,1,134,1,1,1,1,248,1788504075950,False
135,VWAP±2σ,29473.27547513855,1788448920000,2026-09-03T10:22:00-05:00,2026-09-02,break,1,135,1,1,2,2,248,1788504075950,False
136,VWAP,29538.839091719696,1788449340000,2026-09-03T10:29:00-05:00,2026-09-02,hold,1,136,1,1,1,1,249,1788505454613,False
137,VWAP,29538.839091719696,1788451140000,2026-09-03T10:59:00-05:00,2026-09-02,hold,1,137,1,1,2,2,249,1788505454613,False
138,VWAP,29538.839091719696,1788454620000,2026-09-03T11:57:00-05:00,2026-09-02,hold,1,138,1,1,3,3+,249,1788505454613,False
139,VWAP,29538.839091719696,1788457860000,2026-09-03T12:51:00-05:00,2026-09-02,break,1,139,1,1,4,3+,249,1788505454613,False
140,VWAP,29538.839091719696,1788462780000,2026-09-03T14:13:00-05:00,2026-09-02,ambiguous_horizon,1,140,1,1,5,3+,249,1788505454613,False
141,VWAP,29538.839091719696,1788463800000,2026-09-03T14:30:00-05:00,2026-09-02,ambiguous_horizon,1,141,1,1,6,3+,249,1788505454613,False
142,VWAP,29538.839091719696,1788482940000,2026-09-03T19:49:00-05:00,2026-09-03,ambiguous_horizon,1,142,1,1,1,1,249,1788505454613,False
143,VWAP,29538.839091719696,1788484860000,2026-09-03T20:21:00-05:00,2026-09-03,ambiguous_horizon,1,143,2,2,2,2,249,1788505454613,False
144,VWAP,29538.839091719696,1788485880000,2026-09-03T20:38:00-05:00,2026-09-03,ambiguous_horizon,1,144,3,3,3,3+,249,1788505454613,False
145,VWAP,29538.839091719696,1788486780000,2026-09-03T20:53:00-05:00,2026-09-03,ambiguous_horizon,1,145,4,4,4,3+,249,1788505454613,False
146,VWAP,29538.839091719696,1788525120000,2026-09-04T07:32:00-05:00,2026-09-03,hold,1,146,5,5,5,3+,249,1788505454613,True
147,RTH-H,29585.0,1788504660000,2026-09-04T01:51:00-05:00,2026-09-03,ambiguous_horizon,1,147,3,3,3,3+,249,1788505454613,False
148,RTH-H,29585.0,1788525000000,2026-09-04T07:30:00-05:00,2026-09-03,break,1,148,4,4,4,3+,249,1788505454613,True
149,RTH-H,29585.0,1788525720000,2026-09-04T07:42:00-05:00,2026-09-03,hold,1,149,5,5,5,3+,249,1788505454613,True
150,PDC,29597.25,1788505440000,2026-09-04T02:04:00-05:00,2026-09-03,break,1,150,6,6,6,3+,249,1788505454613,False
151,PDC,29597.25,1788525000000,2026-09-04T07:30:00-05:00,2026-09-03,break,1,151,7,7,7,3+,249,1788505454613,True
152,PDH,29601.0,1788505680000,2026-09-04T02:08:00-05:00,2026-09-03,break,1,152,5,5,5,3+,249,1788505454613,True
153,PDH,29601.0,1788525000000,2026-09-04T07:30:00-05:00,2026-09-03,break,1,153,6,6,6,3+,249,1788505454613,True
154,SUPPLY,29496.25,1788449160000,2026-09-03T10:26:00-05:00,2026-09-02,break,1,154,1,1,1,1,249,1788505454613,False
155,SUPPLY,29496.25,1788452700000,2026-09-03T11:25:00-05:00,2026-09-02,ambiguous_horizon,1,155,1,1,2,2,249,1788505454613,False
156,SUPPLY,29496.25,1788455280000,2026-09-03T12:08:00-05:00,2026-09-02,break,1,156,1,1,3,3+,249,1788505454613,False
157,SUPPLY,29496.25,1788456360000,2026-09-03T12:26:00-05:00,2026-09-02,break,1,157,1,1,4,3+,249,1788505454613,False
158,SUPPLY,29496.25,1788472800000,2026-09-03T17:00:00-05:00,2026-09-03,ambiguous_horizon,1,158,1,1,1,1,249,1788505454613,False
159,SUPPLY,29496.25,1788474840000,2026-09-03T17:34:00-05:00,2026-09-03,ambiguous_horizon,1,159,2,2,2,2,249,1788505454613,False
160,SUPPLY,29496.25,1788476760000,2026-09-03T18:06:00-05:00,2026-09-03,hold,1,160,3,3,3,3+,249,1788505454613,False
161,SUPPLY,29496.25,1788480000000,2026-09-03T19:00:00-05:00,2026-09-03,hold,1,161,4,4,4,3+,249,1788505454613,False
162,ONH,29720.0,1788525000000,2026-09-04T07:30:00-05:00,2026-09-03,hold,1,162,1,1,1,1,249,1788505454613,True
163,DEMAND,29278.0,1788422640000,2026-09-03T03:04:00-05:00,2026-09-02,hold,5,"163,212,261,329,394",1,1,1,1,249,1788505454613,False
164,DEMAND,29278.0,1788442200000,2026-09-03T08:30:00-05:00,2026-09-02,hold,5,"164,213,262,330,395",1,1,2,2,249,1788505454613,False
165,DEMAND,29278.0,1788442440000,2026-09-03T08:34:00-05:00,2026-09-02,hold,5,"165,214,263,331,396",1,1,3,3+,249,1788505454613,False
166,DEMAND,29278.0,1788442680000,2026-09-03T08:38:00-05:00,2026-09-02,break,5,"166,215,264,332,397",1,1,4,3+,249,1788505454613,False
167,DEMAND,29278.0,1788444000000,2026-09-03T09:00:00-05:00,2026-09-02,ambiguous_conflict,5,"167,216,265,333,398",1,1,5,3+,249,1788505454613,False
168,DEMAND,29278.0,1788444660000,2026-09-03T09:11:00-05:00,2026-09-02,break,5,"168,217,266,334,399",1,1,6,3+,249,1788505454613,False
169,DEMAND,29278.0,1788446400000,2026-09-03T09:40:00-05:00,2026-09-02,hold,5,"169,218,267,335,400",1,1,7,3+,249,1788505454613,False
170,DEMAND,29278.0,1788446700000,2026-09-03T09:45:00-05:00,2026-09-02,hold,5,"170,219,268,336,401",1,1,8,3+,249,1788505454613,False
171,DEMAND,29278.0,1788447360000,2026-09-03T09:56:00-05:00,2026-09-02,hold,5,"171,220,269,337,402",1,1,9,3+,249,1788505454613,False
172,RTH-L,29199.25,1788405000000,2026-09-02T22:10:00-05:00,2026-09-02,break,3,"172,221,270",1,1,1,1,249,1788505454613,False
173,RTH-L,29199.25,1788411660000,2026-09-03T00:01:00-05:00,2026-09-02,break,7,"173,222,271,338,403,451,493",1,1,2,2,249,1788505454613,False
174,RTH-L,29199.25,1788415560000,2026-09-03T01:06:00-05:00,2026-09-02,hold,9,"174,223,272,339,404,452,494,535,580",1,1,3,3+,249,1788505454613,False
175,RTH-L,29199.25,1788418980000,2026-09-03T02:03:00-05:00,2026-09-02,break,11,"175,224,273,340,405,453,495,536,581,622,659",1,1,4,3+,249,1788505454613,False
176,RTH-L,29199.25,1788419220000,2026-09-03T02:07:00-05:00,2026-09-02,ambiguous_horizon,11,"176,225,274,341,406,454,496,537,582,623,660",1,1,5,3+,249,1788505454613,False
177,RTH-L,29199.25,1788420300000,2026-09-03T02:25:00-05:00,2026-09-02,break,11,"177,226,275,342,407,455,497,538,583,624,661",1,1,6,3+,249,1788505454613,False
178,RTH-L,29199.25,1788420420000,2026-09-03T02:27:00-05:00,2026-09-02,break,11,"178,227,276,343,408,456,498,539,584,625,662",1,1,7,3+,249,1788505454613,False
179,RTH-L,29199.25,1788421680000,2026-09-03T02:48:00-05:00,2026-09-02,hold,11,"179,228,277,344,409,457,499,540,585,626,663",1,1,8,3+,249,1788505454613,False
180,RTH-L,29199.25,1788427260000,2026-09-03T04:21:00-05:00,2026-09-02,ambiguous_conflict,11,"180,229,278,345,410,458,500,541,586,627,664",1,1,9,3+,249,1788505454613,False
181,RTH-L,29199.25,1788438600000,2026-09-03T07:30:00-05:00,2026-09-02,break,11,"181,230,279,346,411,459,501,542,587,628,665",1,1,10,3+,249,1788505454613,False
182,RTH-L,29199.25,1788438900000,2026-09-03T07:35:00-05:00,2026-09-02,break,11,"182,231,280,347,412,460,502,543,588,629,666",1,1,11,3+,249,1788505454613,False
183,RTH-L,29199.25,1788439680000,2026-09-03T07:48:00-05:00,2026-09-02,break,11,"183,232,281,348,413,461,503,544,589,630,667",1,1,12,3+,249,1788505454613,False
184,RTH-L,29199.25,1788440820000,2026-09-03T08:07:00-05:00,2026-09-02,hold,11,"184,233,282,349,414,462,504,545,590,631,668",1,1,13,3+,249,1788505454613,False
185,RTH-L,29199.25,1788442560000,2026-09-03T08:36:00-05:00,2026-09-02,hold,11,"185,234,283,350,415,463,505,546,591,632,669",1,1,14,3+,249,1788505454613,False
186,DEMAND,29144.5,1788412440000,2026-09-03T00:14:00-05:00,2026-09-02,break,8,"186,235,284,351,416,464,506,547",1,1,1,1,249,1788505454613,False
187,DEMAND,29144.5,1788413940000,2026-09-03T00:39:00-05:00,2026-09-02,break,9,"187,236,285,352,417,465,507,548,592",1,1,2,2,249,1788505454613,False
188,DEMAND,29144.5,1788429300000,2026-09-03T04:55:00-05:00,2026-09-02,ambiguous_horizon,11,"188,237,286,353,418,466,508,549,593,633,670",1,1,3,3+,249,1788505454613,False
189,DEMAND,29144.5,1788430140000,2026-09-03T05:09:00-05:00,2026-09-02,break,11,"189,238,287,354,419,467,509,550,594,634,671",1,1,4,3+,249,1788505454613,False
190,DEMAND,29144.5,1788433500000,2026-09-03T06:05:00-05:00,2026-09-02,break,11,"190,239,288,355,420,468,510,551,595,635,672",1,1,5,3+,249,1788505454613,False
191,DEMAND,29144.5,1788435060000,2026-09-03T06:31:00-05:00,2026-09-02,hold,11,"191,240,289,356,421,469,511,552,596,636,673",1,1,6,3+,249,1788505454613,False
192,DEMAND,29144.5,1788435540000,2026-09-03T06:39:00-05:00,2026-09-02,break,11,"192,241,290,357,422,470,512,553,597,637,674",1,1,7,3+,249,1788505454613,False
193,DEMAND,29144.5,1788437400000,2026-09-03T07:10:00-05:00,2026-09-02,hold,11,"193,242,291,358,423,471,513,554,598,638,675",1,1,8,3+,249,1788505454613,False
194,DEMAND,29144.5,1788438360000,2026-09-03T07:26:00-05:00,2026-09-02,break,11,"194,243,292,359,424,472,514,555,599,639,676",1,1,9,3+,249,1788505454613,False
195,PDL,29075.0,1788412980000,2026-09-03T00:23:00-05:00,2026-09-02,hold,5,"195,244,293,515,556",1,1,1,1,249,1788505454613,False
196,VWAP,29533.039603789588,1788449340000,2026-09-03T10:29:00-05:00,2026-09-02,hold,1,196,1,1,1,1,,,False
197,VWAP,29533.039603789588,1788451020000,2026-09-03T10:57:00-05:00,2026-09-02,hold,1,197,1,1,2,2,,,False
198,VWAP,29533.039603789588,1788453660000,2026-09-03T11:41:00-05:00,2026-09-02,hold,1,198,1,1,3,3+,,,False
199,VWAP,29533.039603789588,1788454620000,2026-09-03T11:57:00-05:00,2026-09-02,hold,1,199,1,1,4,3+,,,False
200,VWAP,29533.039603789588,1788457500000,2026-09-03T12:45:00-05:00,2026-09-02,break,1,200,1,1,5,3+,,,False
201,VWAP,29533.039603789588,1788462840000,2026-09-03T14:14:00-05:00,2026-09-02,ambiguous_horizon,1,201,1,1,6,3+,,,False
202,VWAP,29533.039603789588,1788463740000,2026-09-03T14:29:00-05:00,2026-09-02,ambiguous_horizon,1,202,1,1,7,3+,,,False
203,VWAP,29533.039603789588,1788464700000,2026-09-03T14:45:00-05:00,2026-09-02,hold,1,203,1,1,8,3+,,,False
204,VWAP,29533.039603789588,1788465540000,2026-09-03T14:59:00-05:00,2026-09-02,hold,1,204,1,1,9,3+,,,False
205,VWAP,29533.039603789588,1788482580000,2026-09-03T19:43:00-05:00,2026-09-03,ambiguous_horizon,1,205,1,1,1,1,,,False
206,VWAP,29533.039603789588,1788484800000,2026-09-03T20:20:00-05:00,2026-09-03,ambiguous_horizon,1,206,2,2,2,2,,,False
207,VWAP,29533.039603789588,1788486540000,2026-09-03T20:49:00-05:00,2026-09-03,hold,1,207,3,3,3,3+,,,False
208,VWAP,29533.039603789588,1788525180000,2026-09-04T07:33:00-05:00,2026-09-03,hold,1,208,4,4,4,3+,,,False
209,VWAP,29533.039603789588,1788525960000,2026-09-04T07:46:00-05:00,2026-09-03,break,1,209,5,5,5,3+,,,False
210,VWAP,29533.039603789588,1788526200000,2026-09-04T07:50:00-05:00,2026-09-03,break,1,210,6,6,6,3+,,,False
211,OB,29715.75,1788525000000,2026-09-04T07:30:00-05:00,2026-09-03,hold,1,211,1,1,1,1,,,False
245,VWAP,29530.92821534979,1788449340000,2026-09-03T10:29:00-05:00,2026-09-02,hold,1,245,1,1,1,1,250,1788526577729,False
246,VWAP,29530.92821534979,1788450720000,2026-09-03T10:52:00-05:00,2026-09-02,hold,1,246,1,1,2,2,250,1788526577729,False
247,VWAP,29530.92821534979,1788453660000,2026-09-03T11:41:00-05:00,2026-09-02,ambiguous_horizon,1,247,1,1,3,3+,250,1788526577729,False
248,VWAP,29530.92821534979,1788454620000,2026-09-03T11:57:00-05:00,2026-09-02,hold,1,248,1,1,4,3+,250,1788526577729,False
249,VWAP,29530.92821534979,1788457320000,2026-09-03T12:42:00-05:00,2026-09-02,break,1,249,1,1,5,3+,250,1788526577729,False
250,VWAP,29530.92821534979,1788463020000,2026-09-03T14:17:00-05:00,2026-09-02,ambiguous_horizon,1,250,1,1,6,3+,250,1788526577729,False
251,VWAP,29530.92821534979,1788463980000,2026-09-03T14:33:00-05:00,2026-09-02,ambiguous_horizon,1,251,1,1,7,3+,250,1788526577729,False
252,VWAP,29530.92821534979,1788465540000,2026-09-03T14:59:00-05:00,2026-09-02,hold,1,252,1,1,8,3+,250,1788526577729,False
253,VWAP,29530.92821534979,1788481800000,2026-09-03T19:30:00-05:00,2026-09-03,ambiguous_horizon,1,253,1,1,1,1,250,1788526577729,False
254,VWAP,29530.92821534979,1788483360000,2026-09-03T19:56:00-05:00,2026-09-03,ambiguous_horizon,1,254,2,2,2,2,250,1788526577729,False
255,VWAP,29530.92821534979,1788484800000,2026-09-03T20:20:00-05:00,2026-09-03,ambiguous_horizon,1,255,3,3,3,3+,250,1788526577729,False
256,VWAP,29530.92821534979,1788486600000,2026-09-03T20:50:00-05:00,2026-09-03,hold,1,256,4,4,4,3+,250,1788526577729,False
257,VWAP,29530.92821534979,1788525960000,2026-09-04T07:46:00-05:00,2026-09-03,break,1,257,5,5,5,3+,250,1788526577729,False
258,VWAP,29530.92821534979,1788526200000,2026-09-04T07:50:00-05:00,2026-09-03,break,1,258,6,6,6,3+,250,1788526577729,False
259,VWAP,29530.92821534979,1788526800000,2026-09-04T08:00:00-05:00,2026-09-03,hold,1,259,7,7,7,3+,250,1788526577729,True
260,VWAP,29530.92821534979,1788527400000,2026-09-04T08:10:00-05:00,2026-09-03,hold,1,260,8,8,8,3+,250,1788526577729,True
294,OR-H,29611.25,1788498480000,2026-09-04T00:08:00-05:00,2026-09-03,break,1,294,1,1,1,1,251,1788527505620,False
295,OR-H,29611.25,1788500520000,2026-09-04T00:42:00-05:00,2026-09-03,break,1,295,2,2,2,2,251,1788527505620,False
296,OR-H,29611.25,1788501360000,2026-09-04T00:56:00-05:00,2026-09-03,break,1,296,3,3,3,3+,251,1788527505620,False
297,OR-H,29611.25,1788503640000,2026-09-04T01:34:00-05:00,2026-09-03,break,1,297,4,4,4,3+,251,1788527505620,False
298,OR-H,29611.25,1788505860000,2026-09-04T02:11:00-05:00,2026-09-03,ambiguous_horizon,1,298,5,5,5,3+,251,1788527505620,False
299,OR-H,29611.25,1788506760000,2026-09-04T02:26:00-05:00,2026-09-03,hold,1,299,6,6,6,3+,251,1788527505620,False
300,OR-H,29611.25,1788525000000,2026-09-04T07:30:00-05:00,2026-09-03,break,1,300,7,7,7,3+,251,1788527505620,False
301,RTH-H,29585.0,1788528240000,2026-09-04T08:24:00-05:00,2026-09-03,hold,1,301,6,6,6,3+,251,1788527505620,True
302,OR-L,29553.75,1788458400000,2026-09-03T13:00:00-05:00,2026-09-02,break,1,302,1,1,1,1,251,1788527505620,False
303,OR-L,29553.75,1788462000000,2026-09-03T14:00:00-05:00,2026-09-02,ambiguous_horizon,1,303,1,1,2,2,251,1788527505620,False
304,OR-L,29553.75,1788488580000,2026-09-03T21:23:00-05:00,2026-09-03,ambiguous_horizon,1,304,1,1,1,1,251,1788527505620,False
305,OR-L,29553.75,1788489600000,2026-09-03T21:40:00-05:00,2026-09-03,ambiguous_horizon,1,305,2,2,2,2,251,1788527505620,False
306,OR-L,29553.75,1788525000000,2026-09-04T07:30:00-05:00,2026-09-03,hold,1,306,3,3,3,3+,251,1788527505620,False
307,OR-L,29553.75,1788525420000,2026-09-04T07:37:00-05:00,2026-09-03,hold,1,307,4,4,4,3+,251,1788527505620,False
308,OR-L,29553.75,1788525780000,2026-09-04T07:43:00-05:00,2026-09-03,break,1,308,5,5,5,3+,251,1788527505620,False
309,OR-L,29553.75,1788527100000,2026-09-04T08:05:00-05:00,2026-09-03,hold,1,309,6,6,6,3+,251,1788527505620,False
310,OR-L,29553.75,1788527700000,2026-09-04T08:15:00-05:00,2026-09-03,break,1,310,7,7,7,3+,251,1788527505620,True
311,OR-L,29553.75,1788528660000,2026-09-04T08:31:00-05:00,2026-09-03,hold,1,311,8,8,8,3+,251,1788527505620,True
312,VWAP,29532.639729487182,1788449340000,2026-09-03T10:29:00-05:00,2026-09-02,hold,1,312,1,1,1,1,251,1788527505620,False
313,VWAP,29532.639729487182,1788451020000,2026-09-03T10:57:00-05:00,2026-09-02,hold,1,313,1,1,2,2,251,1788527505620,False
314,VWAP,29532.639729487182,1788453660000,2026-09-03T11:41:00-05:00,2026-09-02,hold,1,314,1,1,3,3+,251,1788527505620,False
315,VWAP,29532.639729487182,1788454620000,2026-09-03T11:57:00-05:00,2026-09-02,hold,1,315,1,1,4,3+,251,1788527505620,False
316,VWAP,29532.639729487182,1788457500000,2026-09-03T12:45:00-05:00,2026-09-02,break,1,316,1,1,5,3+,251,1788527505620,False
317,VWAP,29532.639729487182,1788462840000,2026-09-03T14:14:00-05:00,2026-09-02,ambiguous_horizon,1,317,1,1,6,3+,251,1788527505620,False
318,VWAP,29532.639729487182,1788463740000,2026-09-03T14:29:00-05:00,2026-09-02,ambiguous_horizon,1,318,1,1,7,3+,251,1788527505620,False
319,VWAP,29532.639729487182,1788464700000,2026-09-03T14:45:00-05:00,2026-09-02,hold,1,319,1,1,8,3+,251,1788527505620,False
320,VWAP,29532.639729487182,1788465540000,2026-09-03T14:59:00-05:00,2026-09-02,hold,1,320,1,1,9,3+,251,1788527505620,False
321,VWAP,29532.639729487182,1788482580000,2026-09-03T19:43:00-05:00,2026-09-03,ambiguous_horizon,1,321,1,1,1,1,251,1788527505620,False
322,VWAP,29532.639729487182,1788484800000,2026-09-03T20:20:00-05:00,2026-09-03,ambiguous_horizon,1,322,2,2,2,2,251,1788527505620,False
323,VWAP,29532.639729487182,1788486540000,2026-09-03T20:49:00-05:00,2026-09-03,hold,1,323,3,3,3,3+,251,1788527505620,False
324,VWAP,29532.639729487182,1788525180000,2026-09-04T07:33:00-05:00,2026-09-03,hold,1,324,4,4,4,3+,251,1788527505620,False
325,VWAP,29532.639729487182,1788525960000,2026-09-04T07:46:00-05:00,2026-09-03,break,1,325,5,5,5,3+,251,1788527505620,False
326,VWAP,29532.639729487182,1788526200000,2026-09-04T07:50:00-05:00,2026-09-03,break,1,326,6,6,6,3+,251,1788527505620,False
327,VWAP,29532.639729487182,1788526800000,2026-09-04T08:00:00-05:00,2026-09-03,hold,1,327,7,7,7,3+,251,1788527505620,False
328,VWAP,29532.639729487182,1788527160000,2026-09-04T08:06:00-05:00,2026-09-03,hold,1,328,8,8,8,3+,251,1788527505620,False
360,VWAP,29591.017743594588,1788496020000,2026-09-03T23:27:00-05:00,2026-09-03,ambiguous_horizon,1,360,1,1,1,1,252,1788529486688,False
361,VWAP,29591.017743594588,1788497700000,2026-09-03T23:55:00-05:00,2026-09-03,break,1,361,2,2,2,2,252,1788529486688,False
362,VWAP,29591.017743594588,1788504540000,2026-09-04T01:49:00-05:00,2026-09-03,break,1,362,3,3,3,3+,252,1788529486688,False
363,VWAP,29591.017743594588,1788505440000,2026-09-04T02:04:00-05:00,2026-09-03,break,1,363,4,4,4,3+,252,1788529486688,False
364,VWAP,29591.017743594588,1788525000000,2026-09-04T07:30:00-05:00,2026-09-03,break,1,364,5,5,5,3+,252,1788529486688,False
365,VWAP,29591.017743594588,1788528540000,2026-09-04T08:29:00-05:00,2026-09-03,hold,1,365,6,6,6,3+,252,1788529486688,False
366,PDC,29597.25,1788528660000,2026-09-04T08:31:00-05:00,2026-09-03,break,1,366,8,8,8,3+,252,1788529486688,False
367,PDH,29601.0,1788528660000,2026-09-04T08:31:00-05:00,2026-09-03,break,1,367,7,7,7,3+,252,1788529486688,False
368,OR-H,29635.0,1788499080000,2026-09-04T00:18:00-05:00,2026-09-03,hold,1,368,1,1,1,1,252,1788529486688,False
369,OR-H,29635.0,1788501720000,2026-09-04T01:02:00-05:00,2026-09-03,ambiguous_horizon,1,369,2,2,2,2,252,1788529486688,False
370,OR-H,29635.0,1788502800000,2026-09-04T01:20:00-05:00,2026-09-03,hold,1,370,3,3,3,3+,252,1788529486688,False
371,OR-H,29635.0,1788506940000,2026-09-04T02:29:00-05:00,2026-09-03,ambiguous_horizon,1,371,4,4,4,3+,252,1788529486688,False
372,OR-H,29635.0,1788508920000,2026-09-04T03:02:00-05:00,2026-09-03,hold,1,372,5,5,5,3+,252,1788529486688,False
373,OR-H,29635.0,1788513120000,2026-09-04T04:12:00-05:00,2026-09-03,break,1,373,6,6,6,3+,252,1788529486688,False
374,OR-H,29635.0,1788514380000,2026-09-04T04:33:00-05:00,2026-09-03,ambiguous_horizon,1,374,7,7,7,3+,252,1788529486688,False
375,OR-H,29635.0,1788523560000,2026-09-04T07:06:00-05:00,2026-09-03,hold,1,375,8,8,8,3+,252,1788529486688,False
376,OR-H,29635.0,1788524220000,2026-09-04T07:17:00-05:00,2026-09-03,hold,1,376,9,9,9,3+,252,1788529486688,False
377,OR-H,29635.0,1788524940000,2026-09-04T07:29:00-05:00,2026-09-03,break,1,377,10,10,10,3+,252,1788529486688,False
378,OR-H,29635.0,1788528840000,2026-09-04T08:34:00-05:00,2026-09-03,hold,1,378,11,11,11,3+,252,1788529486688,False
379,OR-H,29635.0,1788529380000,2026-09-04T08:43:00-05:00,2026-09-03,hold,1,379,12,12,12,3+,252,1788529486688,False
380,SUPPLY,29657.375,1788508020000,2026-09-04T02:47:00-05:00,2026-09-03,ambiguous_horizon,1,380,1,1,1,1,252,1788529486688,False
381,SUPPLY,29657.375,1788508920000,2026-09-04T03:02:00-05:00,2026-09-03,hold,1,381,2,2,2,2,252,1788529486688,False
382,SUPPLY,29657.375,1788509100000,2026-09-04T03:05:00-05:00,2026-09-03,ambiguous_horizon,1,382,3,3,3,3+,252,1788529486688,False
383,SUPPLY,29657.375,1788510000000,2026-09-04T03:20:00-05:00,2026-09-03,break,1,383,4,4,4,3+,252,1788529486688,False
384,SUPPLY,29657.375,1788510840000,2026-09-04T03:34:00-05:00,2026-09-03,ambiguous_horizon,1,384,5,5,5,3+,252,1788529486688,False
385,SUPPLY,29657.375,1788512040000,2026-09-04T03:54:00-05:00,2026-09-03,hold,1,385,6,6,6,3+,252,1788529486688,False
386,SUPPLY,29657.375,1788515580000,2026-09-04T04:53:00-05:00,2026-09-03,ambiguous_horizon,1,386,7,7,7,3+,252,1788529486688,False
387,SUPPLY,29657.375,1788516780000,2026-09-04T05:13:00-05:00,2026-09-03,hold,1,387,8,8,8,3+,252,1788529486688,False
388,SUPPLY,29657.375,1788519780000,2026-09-04T06:03:00-05:00,2026-09-03,ambiguous_horizon,1,388,9,9,9,3+,252,1788529486688,False
389,SUPPLY,29657.375,1788520740000,2026-09-04T06:19:00-05:00,2026-09-03,hold,1,389,10,10,10,3+,252,1788529486688,False
390,SUPPLY,29657.375,1788523320000,2026-09-04T07:02:00-05:00,2026-09-03,break,1,390,11,11,11,3+,252,1788529486688,False
391,SUPPLY,29657.375,1788523680000,2026-09-04T07:08:00-05:00,2026-09-03,hold,1,391,12,12,12,3+,252,1788529486688,False
392,SUPPLY,29657.375,1788524340000,2026-09-04T07:19:00-05:00,2026-09-03,break,1,392,13,13,13,3+,252,1788529486688,False
393,SUPPLY,29657.375,1788524940000,2026-09-04T07:29:00-05:00,2026-09-03,break,1,393,14,14,14,3+,252,1788529486688,False
425,RTH-H,29585.0,1788529500000,2026-09-04T08:45:00-05:00,2026-09-03,hold,1,425,7,7,7,3+,253,1788530111782,False
426,RTH-H,29585.0,1788531600000,2026-09-04T09:20:00-05:00,2026-09-03,hold,1,426,8,8,8,3+,253,1788530111782,True
427,PDC,29597.25,1788529440000,2026-09-04T08:44:00-05:00,2026-09-03,hold,1,427,9,9,9,3+,253,1788530111782,False
428,PDC,29597.25,1788531120000,2026-09-04T09:12:00-05:00,2026-09-03,hold,1,428,10,10,10,3+,253,1788530111782,True
429,PDH,29601.0,1788529440000,2026-09-04T08:44:00-05:00,2026-09-03,hold,1,429,8,8,8,3+,253,1788530111782,False
430,PDH,29601.0,1788531120000,2026-09-04T09:12:00-05:00,2026-09-03,hold,1,430,9,9,9,3+,253,1788530111782,True
431,PDH,29601.0,1788531540000,2026-09-04T09:19:00-05:00,2026-09-03,break,1,431,10,10,10,3+,253,1788530111782,True
432,OR-H,29635.0,1788529680000,2026-09-04T08:48:00-05:00,2026-09-03,break,1,432,13,13,13,3+,253,1788530111782,False
433,OR-H,29635.0,1788531000000,2026-09-04T09:10:00-05:00,2026-09-03,break,1,433,14,14,14,3+,253,1788530111782,True
434,OR-H,29635.0,1788531240000,2026-09-04T09:14:00-05:00,2026-09-03,hold,1,434,15,15,15,3+,253,1788530111782,True
435,VWAP,29652.46183948487,1788507960000,2026-09-04T02:46:00-05:00,2026-09-03,ambiguous_horizon,1,435,1,1,1,1,253,1788530111782,False
436,VWAP,29652.46183948487,1788509100000,2026-09-04T03:05:00-05:00,2026-09-03,break,1,436,2,2,2,2,253,1788530111782,False
437,VWAP,29652.46183948487,1788509520000,2026-09-04T03:12:00-05:00,2026-09-03,ambiguous_horizon,1,437,3,3,3,3+,253,1788530111782,False
438,VWAP,29652.46183948487,1788510900000,2026-09-04T03:35:00-05:00,2026-09-03,ambiguous_horizon,1,438,4,4,4,3+,253,1788530111782,False
439,VWAP,29652.46183948487,1788512400000,2026-09-04T04:00:00-05:00,2026-09-03,break,1,439,5,5,5,3+,253,1788530111782,False
440,VWAP,29652.46183948487,1788515340000,2026-09-04T04:49:00-05:00,2026-09-03,ambiguous_horizon,1,440,6,6,6,3+,253,1788530111782,False
441,VWAP,29652.46183948487,1788519840000,2026-09-04T06:04:00-05:00,2026-09-03,ambiguous_horizon,1,441,7,7,7,3+,253,1788530111782,False
442,VWAP,29652.46183948487,1788523500000,2026-09-04T07:05:00-05:00,2026-09-03,break,1,442,8,8,8,3+,253,1788530111782,False
443,VWAP,29652.46183948487,1788523680000,2026-09-04T07:08:00-05:00,2026-09-03,hold,1,443,9,9,9,3+,253,1788530111782,False
444,VWAP,29652.46183948487,1788524340000,2026-09-04T07:19:00-05:00,2026-09-03,break,1,444,10,10,10,3+,253,1788530111782,False
445,VWAP,29652.46183948487,1788524940000,2026-09-04T07:29:00-05:00,2026-09-03,break,1,445,11,11,11,3+,253,1788530111782,False
446,VWAP,29652.46183948487,1788529980000,2026-09-04T08:53:00-05:00,2026-09-03,break,1,446,12,12,12,3+,253,1788530111782,False
447,VWAP,29652.46183948487,1788530820000,2026-09-04T09:07:00-05:00,2026-09-03,break,1,447,13,13,13,3+,253,1788530111782,True
448,VWAP,29652.46183948487,1788531240000,2026-09-04T09:14:00-05:00,2026-09-03,hold,1,448,14,14,14,3+,253,1788530111782,True
449,OB,29697.75,1788518820000,2026-09-04T05:47:00-05:00,2026-09-03,hold,1,449,1,1,1,1,253,1788530111782,False
450,OB,29697.75,1788524940000,2026-09-04T07:29:00-05:00,2026-09-03,hold,1,450,2,2,2,2,253,1788530111782,False
473,VWAP,29545.106465692643,1788454680000,2026-09-03T11:58:00-05:00,2026-09-02,hold,1,473,1,1,1,1,253,1788530111782,False
474,VWAP,29545.106465692643,1788457860000,2026-09-03T12:51:00-05:00,2026-09-02,break,1,474,1,1,2,2,253,1788530111782,False
475,VWAP,29545.106465692643,1788462660000,2026-09-03T14:11:00-05:00,2026-09-02,ambiguous_horizon,1,475,1,1,3,3+,253,1788530111782,False
476,VWAP,29545.106465692643,1788485460000,2026-09-03T20:31:00-05:00,2026-09-03,ambiguous_horizon,1,476,1,1,1,1,253,1788530111782,False
477,VWAP,29545.106465692643,1788487020000,2026-09-03T20:57:00-05:00,2026-09-03,ambiguous_horizon,1,477,2,2,2,2,253,1788530111782,False
478,VWAP,29545.106465692643,1788487980000,2026-09-03T21:13:00-05:00,2026-09-03,ambiguous_horizon,1,478,3,3,3,3+,253,1788530111782,False
479,VWAP,29545.106465692643,1788489300000,2026-09-03T21:35:00-05:00,2026-09-03,ambiguous_horizon,1,479,4,4,4,3+,253,1788530111782,False
480,VWAP,29545.106465692643,1788525120000,2026-09-04T07:32:00-05:00,2026-09-03,hold,1,480,5,5,5,3+,253,1788530111782,False
481,VWAP,29545.106465692643,1788525420000,2026-09-04T07:37:00-05:00,2026-09-03,hold,1,481,6,6,6,3+,253,1788530111782,False
482,VWAP,29545.106465692643,1788525780000,2026-09-04T07:43:00-05:00,2026-09-03,break,1,482,7,7,7,3+,253,1788530111782,False
483,VWAP,29545.106465692643,1788526380000,2026-09-04T07:53:00-05:00,2026-09-03,hold,1,483,8,8,8,3+,253,1788530111782,False
484,VWAP,29545.106465692643,1788526680000,2026-09-04T07:58:00-05:00,2026-09-03,hold,1,484,9,9,9,3+,253,1788530111782,False
485,VWAP,29545.106465692643,1788526980000,2026-09-04T08:03:00-05:00,2026-09-03,hold,1,485,10,10,10,3+,253,1788530111782,False
486,VWAP,29545.106465692643,1788527580000,2026-09-04T08:13:00-05:00,2026-09-03,break,1,486,11,11,11,3+,253,1788530111782,False
487,VWAP,29545.106465692643,1788532920000,2026-09-04T09:42:00-05:00,2026-09-03,break,1,487,12,12,12,3+,253,1788530111782,True
488,OR-L,29553.75,1788532920000,2026-09-04T09:42:00-05:00,2026-09-03,break,1,488,9,9,9,3+,253,1788530111782,True
489,RTH-H,29585.0,1788531900000,2026-09-04T09:25:00-05:00,2026-09-03,break,1,489,9,9,9,3+,253,1788530111782,True
490,RTH-H,29585.0,1788532560000,2026-09-04T09:36:00-05:00,2026-09-03,hold,1,490,10,10,10,3+,253,1788530111782,True
491,PDC,29597.25,1788531600000,2026-09-04T09:20:00-05:00,2026-09-03,break,1,491,11,11,11,3+,253,1788530111782,True
492,PDC,29597.25,1788532140000,2026-09-04T09:29:00-05:00,2026-09-03,hold,1,492,12,12,12,3+,253,1788530111782,True
516,VWAP,29533.938865054857,1788449340000,2026-09-03T10:29:00-05:00,2026-09-02,hold,1,516,1,1,1,1,253,1788530111782,False
517,VWAP,29533.938865054857,1788451020000,2026-09-03T10:57:00-05:00,2026-09-02,hold,1,517,1,1,2,2,253,1788530111782,False
518,VWAP,29533.938865054857,1788453660000,2026-09-03T11:41:00-05:00,2026-09-02,hold,1,518,1,1,3,3+,253,1788530111782,False
519,VWAP,29533.938865054857,1788454620000,2026-09-03T11:57:00-05:00,2026-09-02,hold,1,519,1,1,4,3+,253,1788530111782,False
520,VWAP,29533.938865054857,1788457560000,2026-09-03T12:46:00-05:00,2026-09-02,break,1,520,1,1,5,3+,253,1788530111782,False
521,VWAP,29533.938865054857,1788462840000,2026-09-03T14:14:00-05:00,2026-09-02,ambiguous_horizon,1,521,1,1,6,3+,253,1788530111782,False
522,VWAP,29533.938865054857,1788463740000,2026-09-03T14:29:00-05:00,2026-09-02,ambiguous_horizon,1,522,1,1,7,3+,253,1788530111782,False
523,VWAP,29533.938865054857,1788464700000,2026-09-03T14:45:00-05:00,2026-09-02,hold,1,523,1,1,8,3+,253,1788530111782,False
524,VWAP,29533.938865054857,1788465540000,2026-09-03T14:59:00-05:00,2026-09-02,hold,1,524,1,1,9,3+,253,1788530111782,False
525,VWAP,29533.938865054857,1788482580000,2026-09-03T19:43:00-05:00,2026-09-03,ambiguous_horizon,1,525,1,1,1,1,253,1788530111782,False
526,VWAP,29533.938865054857,1788484800000,2026-09-03T20:20:00-05:00,2026-09-03,ambiguous_horizon,1,526,2,2,2,2,253,1788530111782,False
527,VWAP,29533.938865054857,1788486480000,2026-09-03T20:48:00-05:00,2026-09-03,ambiguous_horizon,1,527,3,3,3,3+,253,1788530111782,False
528,VWAP,29533.938865054857,1788525180000,2026-09-04T07:33:00-05:00,2026-09-03,hold,1,528,4,4,4,3+,253,1788530111782,False
529,VWAP,29533.938865054857,1788525960000,2026-09-04T07:46:00-05:00,2026-09-03,break,1,529,5,5,5,3+,253,1788530111782,False
530,VWAP,29533.938865054857,1788526200000,2026-09-04T07:50:00-05:00,2026-09-03,ambiguous_horizon,1,530,6,6,6,3+,253,1788530111782,False
531,VWAP,29533.938865054857,1788527160000,2026-09-04T08:06:00-05:00,2026-09-03,hold,1,531,7,7,7,3+,253,1788530111782,False
532,VWAP,29533.938865054857,1788532980000,2026-09-04T09:43:00-05:00,2026-09-03,break,1,532,8,8,8,3+,253,1788530111782,True
533,VWAP,29533.938865054857,1788533460000,2026-09-04T09:51:00-05:00,2026-09-03,hold,1,533,9,9,9,3+,253,1788530111782,True
534,VWAP,29533.938865054857,1788534720000,2026-09-04T10:12:00-05:00,2026-09-03,hold,1,534,10,10,10,3+,253,1788530111782,True
557,VWAP,29526.38352939287,1788449340000,2026-09-03T10:29:00-05:00,2026-09-02,hold,1,557,1,1,1,1,253,1788530111782,False
558,VWAP,29526.38352939287,1788450720000,2026-09-03T10:52:00-05:00,2026-09-02,ambiguous_horizon,1,558,1,1,2,2,253,1788530111782,False
559,VWAP,29526.38352939287,1788452340000,2026-09-03T11:19:00-05:00,2026-09-02,hold,1,559,1,1,3,3+,253,1788530111782,False
560,VWAP,29526.38352939287,1788453660000,2026-09-03T11:41:00-05:00,2026-09-02,ambiguous_horizon,1,560,1,1,4,3+,253,1788530111782,False
561,VWAP,29526.38352939287,1788454500000,2026-09-03T11:55:00-05:00,2026-09-02,hold,1,561,1,1,5,3+,253,1788530111782,False
562,VWAP,29526.38352939287,1788456960000,2026-09-03T12:36:00-05:00,2026-09-02,ambiguous_horizon,1,562,1,1,6,3+,253,1788530111782,False
563,VWAP,29526.38352939287,1788463680000,2026-09-03T14:28:00-05:00,2026-09-02,ambiguous_horizon,1,563,1,1,7,3+,253,1788530111782,False
564,VWAP,29526.38352939287,1788465000000,2026-09-03T14:50:00-05:00,2026-09-02,hold,1,564,1,1,8,3+,253,1788530111782,False
565,VWAP,29526.38352939287,1788465240000,2026-09-03T14:54:00-05:00,2026-09-02,hold,1,565,1,1,9,3+,253,1788530111782,False
566,VWAP,29526.38352939287,1788481320000,2026-09-03T19:22:00-05:00,2026-09-03,ambiguous_horizon,1,566,1,1,1,1,253,1788530111782,False
567,VWAP,29526.38352939287,1788482280000,2026-09-03T19:38:00-05:00,2026-09-03,ambiguous_horizon,1,567,2,2,2,2,253,1788530111782,False
568,VWAP,29526.38352939287,1788483660000,2026-09-03T20:01:00-05:00,2026-09-03,ambiguous_horizon,1,568,3,3,3,3+,253,1788530111782,False
569,VWAP,29526.38352939287,1788484620000,2026-09-03T20:17:00-05:00,2026-09-03,break,1,569,4,4,4,3+,253,1788530111782,False
570,VWAP,29526.38352939287,1788486600000,2026-09-03T20:50:00-05:00,2026-09-03,hold,1,570,5,5,5,3+,253,1788530111782,False
571,VWAP,29526.38352939287,1788525960000,2026-09-04T07:46:00-05:00,2026-09-03,break,1,571,6,6,6,3+,253,1788530111782,False
572,VWAP,29526.38352939287,1788526200000,2026-09-04T07:50:00-05:00,2026-09-03,break,1,572,7,7,7,3+,253,1788530111782,False
573,VWAP,29526.38352939287,1788526560000,2026-09-04T07:56:00-05:00,2026-09-03,hold,1,573,8,8,8,3+,253,1788530111782,False
574,VWAP,29526.38352939287,1788526800000,2026-09-04T08:00:00-05:00,2026-09-03,hold,1,574,9,9,9,3+,253,1788530111782,False
575,VWAP,29526.38352939287,1788533220000,2026-09-04T09:47:00-05:00,2026-09-03,break,1,575,10,10,10,3+,253,1788530111782,True
576,VWAP,29526.38352939287,1788533700000,2026-09-04T09:55:00-05:00,2026-09-03,hold,1,576,11,11,11,3+,253,1788530111782,True
577,VWAP,29526.38352939287,1788533880000,2026-09-04T09:58:00-05:00,2026-09-03,hold,1,577,12,12,12,3+,253,1788530111782,True
578,VWAP,29526.38352939287,1788534480000,2026-09-04T10:08:00-05:00,2026-09-03,hold,1,578,13,13,13,3+,253,1788530111782,True
579,ONL,29481.5,1788535800000,2026-09-04T10:30:00-05:00,2026-09-03,hold,1,579,2,2,2,2,253,1788530111782,True
600,PDL,29101.75,1788436740000,2026-09-03T06:59:00-05:00,2026-09-02,hold,3,"600,640,677",1,1,1,1,253,1788530111782,False
601,POC,29530.634375,1788449340000,2026-09-03T10:29:00-05:00,2026-09-02,hold,1,601,1,1,1,1,254,1788537810521,False
602,POC,29530.634375,1788450720000,2026-09-03T10:52:00-05:00,2026-09-02,hold,1,602,1,1,2,2,254,1788537810521,False
603,POC,29530.634375,1788453660000,2026-09-03T11:41:00-05:00,2026-09-02,ambiguous_horizon,1,603,1,1,3,3+,254,1788537810521,False
604,POC,29530.634375,1788454620000,2026-09-03T11:57:00-05:00,2026-09-02,hold,1,604,1,1,4,3+,254,1788537810521,False
605,POC,29530.634375,1788457320000,2026-09-03T12:42:00-05:00,2026-09-02,break,1,605,1,1,5,3+,254,1788537810521,False
606,POC,29530.634375,1788463020000,2026-09-03T14:17:00-05:00,2026-09-02,ambiguous_horizon,1,606,1,1,6,3+,254,1788537810521,False
607,POC,29530.634375,1788463980000,2026-09-03T14:33:00-05:00,2026-09-02,ambiguous_horizon,1,607,1,1,7,3+,254,1788537810521,False
608,POC,29530.634375,1788465540000,2026-09-03T14:59:00-05:00,2026-09-02,hold,1,608,1,1,8,3+,254,1788537810521,False
609,POC,29530.634375,1788481800000,2026-09-03T19:30:00-05:00,2026-09-03,ambiguous_horizon,1,609,1,1,1,1,254,1788537810521,False
610,POC,29530.634375,1788483360000,2026-09-03T19:56:00-05:00,2026-09-03,ambiguous_horizon,1,610,2,2,2,2,254,1788537810521,False
611,POC,29530.634375,1788484800000,2026-09-03T20:20:00-05:00,2026-09-03,ambiguous_horizon,1,611,3,3,3,3+,254,1788537810521,False
612,POC,29530.634375,1788486600000,2026-09-03T20:50:00-05:00,2026-09-03,hold,1,612,4,4,4,3+,254,1788537810521,False
613,POC,29530.634375,1788525960000,2026-09-04T07:46:00-05:00,2026-09-03,break,1,613,5,5,5,3+,254,1788537810521,False
614,POC,29530.634375,1788526200000,2026-09-04T07:50:00-05:00,2026-09-03,break,1,614,6,6,6,3+,254,1788537810521,False
615,POC,29530.634375,1788526800000,2026-09-04T08:00:00-05:00,2026-09-03,hold,1,615,7,7,7,3+,254,1788537810521,False
616,POC,29530.634375,1788527400000,2026-09-04T08:10:00-05:00,2026-09-03,hold,1,616,8,8,8,3+,254,1788537810521,False
617,POC,29530.634375,1788533040000,2026-09-04T09:44:00-05:00,2026-09-03,break,1,617,9,9,9,3+,254,1788537810521,False
618,POC,29530.634375,1788533460000,2026-09-04T09:51:00-05:00,2026-09-03,hold,1,618,10,10,10,3+,254,1788537810521,False
619,POC,29530.634375,1788534480000,2026-09-04T10:08:00-05:00,2026-09-03,hold,1,619,11,11,11,3+,254,1788537810521,False
620,POC,29530.634375,1788538080000,2026-09-04T11:08:00-05:00,2026-09-03,break,1,620,12,12,12,3+,254,1788537810521,True
621,FVG,29425.125,1788447840000,2026-09-03T10:04:00-05:00,2026-09-02,break,2,"621,658",1,1,1,1,254,1788537810521,False
641,VWAP,29579.561688096717,1788459300000,2026-09-03T13:15:00-05:00,2026-09-02,hold,1,641,1,1,1,1,255,1788539330086,False
642,VWAP,29579.561688096717,1788460500000,2026-09-03T13:35:00-05:00,2026-09-02,hold,1,642,1,1,2,2,255,1788539330086,False
643,VWAP,29579.561688096717,1788461400000,2026-09-03T13:50:00-05:00,2026-09-02,hold,1,643,1,1,3,3+,255,1788539330086,False
644,VWAP,29579.561688096717,1788495840000,2026-09-03T23:24:00-05:00,2026-09-03,break,1,644,1,1,1,1,255,1788539330086,False
645,VWAP,29579.561688096717,1788504780000,2026-09-04T01:53:00-05:00,2026-09-03,hold,1,645,2,2,2,2,255,1788539330086,False
646,VWAP,29579.561688096717,1788525000000,2026-09-04T07:30:00-05:00,2026-09-03,break,1,646,3,3,3,3+,255,1788539330086,False
647,VWAP,29579.561688096717,1788525600000,2026-09-04T07:40:00-05:00,2026-09-03,hold,1,647,4,4,4,3+,255,1788539330086,False
648,VWAP,29579.561688096717,1788528180000,2026-09-04T08:23:00-05:00,2026-09-03,break,1,648,5,5,5,3+,255,1788539330086,False
649,VWAP,29579.561688096717,1788529500000,2026-09-04T08:45:00-05:00,2026-09-03,hold,1,649,6,6,6,3+,255,1788539330086,False
650,VWAP,29579.561688096717,1788531600000,2026-09-04T09:20:00-05:00,2026-09-03,hold,1,650,7,7,7,3+,255,1788539330086,False
651,VWAP,29579.561688096717,1788531960000,2026-09-04T09:26:00-05:00,2026-09-03,hold,1,651,8,8,8,3+,255,1788539330086,False
652,VWAP,29579.561688096717,1788532200000,2026-09-04T09:30:00-05:00,2026-09-03,break,1,652,9,9,9,3+,255,1788539330086,False
653,VWAP,29579.561688096717,1788532380000,2026-09-04T09:33:00-05:00,2026-09-03,hold,1,653,10,10,10,3+,255,1788539330086,False
654,VWAP,29579.561688096717,1788532560000,2026-09-04T09:36:00-05:00,2026-09-03,hold,1,654,11,11,11,3+,255,1788539330086,False
655,VWAP,29579.561688096717,1788540420000,2026-09-04T11:47:00-05:00,2026-09-03,break,1,655,12,12,12,3+,255,1788539330086,True
656,RTH-H,29585.0,1788540540000,2026-09-04T11:49:00-05:00,2026-09-03,hold,1,656,11,11,11,3+,255,1788539330086,True
657,OR-L,29553.75,1788538800000,2026-09-04T11:20:00-05:00,2026-09-03,ambiguous_horizon,1,657,10,10,10,3+,255,1788539330086,False
