dimension,cell,n,W,L,F,sum_usd,mean_usd,mean_normal95_lo,mean_normal95_hi,win_decided,win_rate,wilson_lo,wilson_hi,R_n,R_mean,R_p50,hold_p25,hold_p50,hold_p75,days,verdict,ids,R_ids
book,ALL,58,18,38,2,-466.4285719999971,-8.041871931034432,-35.03709072764657,18.953346865577707,56,0.32142857142857145,0.21400827887722296,0.4517760584399611,9,0.24837546359850868,0.2556390977443609,12.2754125,25.64085,56.30422083333333,12,descriptive; no demonstrated positive edge,"521,522,523,524,525,526,527,528,529,531,532,533,534,535,536,537,538,540,541,542,543,544,547,548,549,550,551,552,553,554,555,556,557,558,559,560,561,562,563,564,565,567,568,569,570,575,578,581,582,583,584,585,586,587,588,589,590,591","568,570,575,578,582,584,585,586,591"
condition,acceptance,6,1,4,1,4.571428000002925,0.7619046666671542,-123.59868909752814,125.12249843086244,5,0.2,0.036223160969787456,0.6244717358814612,0,,,23.7817375,34.205525,45.7313625,3,NO VERDICT: n<30,"522,526,527,532,542,543",
condition,breakout_retest,9,1,8,0,-581.5,-64.61111111111111,-102.24013986469804,-26.98208235752419,9,0.1111111111111111,0.019890371327130518,0.4350062147680602,0,,,18.337783333333334,25.314016666666667,87.44931666666666,5,NO VERDICT: n<30,"528,534,556,557,558,562,563,589,590",
condition,hold,1,1,0,0,168.0,168.0,,,1,1.0,0.20654329147389294,1.0,0,,,38.407066666666665,38.407066666666665,38.407066666666665,1,NO VERDICT: n<30,555,
condition,reclaim,5,0,5,0,-436.5,-87.3,-121.85608403740216,-52.743915962597846,5,0.0,-3.139202815737979e-17,0.43449149475208104,0,,,10.548366666666666,37.59486666666667,56.60373333333333,3,NO VERDICT: n<30,"525,531,540,541,588",
condition,reject,31,14,16,1,586.0,18.903225806451612,-18.257530599509746,56.06398221241297,30,0.4666666666666667,0.3023212722412823,0.6385798671847496,6,0.5517926761347814,0.3178780284043442,10.886741666666666,25.967683333333333,59.33385833333334,11,descriptive; no demonstrated positive edge,"521,523,524,529,533,535,536,537,538,544,547,548,549,550,551,552,553,554,560,564,565,567,569,570,575,581,582,584,585,587,591","570,575,582,584,585,591"
condition,sweep_reclaim,6,1,5,0,-207.0,-34.5,-86.27640904247158,17.27640904247159,6,0.16666666666666666,0.030052585871730285,0.563509436563646,3,-0.35845896147403683,-1.0,9.5771875,14.634875,20.117449999999998,5,NO VERDICT: n<30,"559,561,568,578,583,586","568,578,586"
side,LONG,19,4,15,0,-808.5,-42.55263157894737,-77.69353156852591,-7.41173158936882,19,0.21052631578947367,0.08507538491591575,0.43334714240266087,3,0.060087404440750114,0.2556390977443609,13.07165,21.70805,44.97599166666667,8,NO VERDICT: n<30,"525,531,540,541,555,556,557,558,559,561,563,570,578,583,586,587,588,589,590","570,578,586"
side,SHORT,39,14,23,2,342.0714280000029,8.771062256410332,-26.632992088940355,44.17511660176102,37,0.3783783783783784,0.2406378746389103,0.5389985744718004,6,0.34251949317738795,-0.3099415204678363,12.322575,29.7528,66.88185,11,descriptive; no demonstrated positive edge,"521,522,523,524,526,527,528,529,532,533,534,535,536,537,538,542,543,544,547,548,549,550,551,552,553,554,560,562,564,565,567,568,569,575,581,582,584,585,591","568,575,582,584,585,591"
plan_session,ASIA,16,2,13,1,-552.4285719999971,-34.52678574999982,-60.6253601725323,-8.428211327467334,15,0.13333333333333333,0.037360469891359285,0.3788249920651624,0,,,13.5001375,36.663133333333334,53.88390416666667,6,NO VERDICT: n<30,"525,526,527,533,534,535,536,537,538,550,551,552,553,561,567,587",
plan_session,LONDON,21,7,14,0,24.0,1.1428571428571428,-42.72663673766686,45.01235102338115,21,0.3333333333333333,0.17194536432683688,0.546269243427897,3,1.225,2.2083333333333335,12.6444,25.314016666666667,75.30853333333333,9,NO VERDICT: n<30,"521,522,528,529,540,541,554,555,556,557,558,562,563,564,565,568,581,582,583,584,588","568,582,584"
plan_session,NY,21,9,11,1,62.0,2.9523809523809526,-54.322486174871685,60.22724807963358,20,0.45,0.25819502085709295,0.6579179916924003,6,-0.23993680460223704,-0.3721804511278195,9.545233333333334,18.376083333333334,38.65825,10,NO VERDICT: n<30,"523,524,531,532,542,543,544,547,548,549,559,560,569,570,575,578,585,586,589,590,591","570,575,578,585,586,591"
hour,0,2,0,2,0,-142.0,-71.0,-87.66,-54.34,2,0.0,0.0,0.6576280471103807,0,,,52.09194166666667,58.228516666666664,64.36509166666667,2,NO VERDICT: n<30,"537,587",
hour,1,2,1,1,0,-11.5,-5.75,-76.8,65.3,2,0.5,0.09452865480086611,0.905471345199134,0,,,12.3680375,20.155825,27.9436125,2,NO VERDICT: n<30,"538,567",
hour,10,3,0,3,0,-249.0,-83.0,-104.8915417456149,-61.1084582543851,3,0.0,0.0,0.5615060804490177,0,,,8.138266666666667,12.2192,17.005291666666665,2,NO VERDICT: n<30,"543,544,590",
hour,11,2,2,0,0,443.0,221.5,119.58000000000001,323.41999999999996,2,1.0,0.3423719528896193,1.0,0,,,69.67496249999999,76.08789166666666,82.50082083333334,2,NO VERDICT: n<30,"524,549",
hour,12,2,2,0,0,109.0,54.5,-19.0,128.0,2,1.0,0.3423719528896193,1.0,2,0.5901311066611252,0.5901311066611252,57.552616666666665,71.10861666666668,84.66461666666667,2,NO VERDICT: n<30,"570,578","570,578"
hour,13,2,1,1,0,27.0,13.5,-118.79999999999998,145.79999999999998,2,0.5,0.09452865480086611,0.905471345199134,1,-1.0,-1.0,15.377591666666667,22.626966666666668,29.87634166666667,2,NO VERDICT: n<30,"560,586",586
hour,17,1,0,1,0,-54.5,-54.5,,,1,0.0,0.0,0.7934567085261071,0,,,73.415,73.415,73.415,1,NO VERDICT: n<30,533,
hour,18,1,0,1,0,-43.0,-43.0,,,1,0.0,0.0,0.7934567085261071,0,,,37.59486666666667,37.59486666666667,37.59486666666667,1,NO VERDICT: n<30,525,
hour,19,2,0,2,0,-118.0,-59.0,-72.72,-45.28,2,0.0,0.0,0.6576280471103807,0,,,32.30540416666666,50.68670833333333,69.0680125,2,NO VERDICT: n<30,"534,561",
hour,2,3,1,2,0,30.0,10.0,-168.0914645156621,188.0914645156621,3,0.3333333333333333,0.061490315276160515,0.7923450448735121,0,,,44.568191666666664,75.30853333333333,147.50946666666664,3,NO VERDICT: n<30,"554,562,581",
hour,20,2,0,2,0,-153.92857199999708,-76.96428599999854,-91.7342854400014,-62.194286559995675,2,0.0,0.0,0.6576280471103807,0,,,48.1529625,48.216858333333334,48.28075416666667,2,NO VERDICT: n<30,"526,550",
hour,21,3,1,1,1,93.0,31.0,-61.812433075172265,123.81243307517227,2,0.5,0.09452865480086611,0.905471345199134,0,,,19.097966666666665,25.967683333333333,68.603375,2,NO VERDICT: n<30,"535,536,551",
hour,22,2,0,2,0,-95.5,-47.75,-126.63999999999999,31.139999999999986,2,0.0,0.0,0.6576280471103807,0,,,9.477599999999999,16.236,22.9944,2,NO VERDICT: n<30,"527,552",
hour,23,1,0,1,0,-27.0,-27.0,,,1,0.0,0.0,0.7934567085261071,0,,,2.2737666666666665,2.2737666666666665,2.2737666666666665,1,NO VERDICT: n<30,553,
hour,3,2,1,1,0,40.5,20.25,-210.54,251.04,2,0.5,0.09452865480086611,0.905471345199134,0,,,87.46824166666666,93.38701666666665,99.30579166666666,2,NO VERDICT: n<30,"521,528",
hour,4,2,1,1,0,99.0,49.5,-182.75999999999996,281.76,2,0.5,0.09452865480086611,0.905471345199134,0,,,19.085066666666666,25.525733333333335,31.9664,2,NO VERDICT: n<30,"555,564",
hour,5,4,2,2,0,137.0,34.25,-97.00202842877005,165.50202842877005,4,0.5,0.15003570882017145,0.8499642911798285,1,2.466666666666667,2.466666666666667,34.6719875,48.74801666666667,55.705195833333335,4,NO VERDICT: n<30,"529,540,565,582",582
hour,6,5,1,4,0,-208.5,-41.7,-88.10959667999711,4.709596679997112,5,0.2,0.036223160969787456,0.6244717358814612,0,,,21.70805,25.314016666666667,76.30096666666667,4,NO VERDICT: n<30,"541,556,557,563,583",
hour,7,4,0,4,0,-180.0,-45.0,-65.52158375954448,-24.478416240455516,4,0.0,0.0,0.48990002040399916,1,-1.0,-1.0,8.726845833333332,13.056033333333334,16.257220833333335,4,NO VERDICT: n<30,"522,558,568,588",568
hour,8,4,2,1,1,21.5,5.375,-103.23224081907861,113.98224081907861,3,0.6666666666666666,0.20765495512648788,0.9385096847238393,1,2.2083333333333335,2.2083333333333335,1.395,4.1494333333333335,14.744825,4,NO VERDICT: n<30,"531,542,569,584",584
hour,9,9,3,6,0,-183.5,-20.38888888888889,-120.05806580512761,79.28028802734984,9,0.3333333333333333,0.12058159868274292,0.6458026525009103,3,-0.5399610136452242,-1.0,15.34565,16.166966666666667,21.095716666666668,8,NO VERDICT: n<30,"523,532,547,548,559,575,585,589,591","575,585,591"
confirm_rule,15m_close,3,0,3,0,-266.0,-88.66666666666667,-147.36949378011252,-29.96383955322083,3,0.0,0.0,0.5615060804490177,0,,,9.709041666666666,12.6444,18.979208333333332,3,NO VERDICT: n<30,"531,563,564",
confirm_rule,1x5m_close,29,5,23,1,-1135.0,-39.13793103448276,-67.14014123262561,-11.135720836339917,28,0.17857142857142858,0.07878385829430107,0.35591791548591095,2,-0.37218045112781956,-0.3721804511278195,12.22825,25.967683333333333,73.415,9,NO VERDICT: n<30,"528,533,534,535,540,541,544,547,548,549,550,551,552,553,554,555,559,560,561,562,565,567,568,569,570,583,588,589,590","568,570"
confirm_rule,2x5m_close,10,5,4,1,449.5,44.95,-32.20621178708382,122.10621178708382,9,0.5555555555555556,0.26664734574402965,0.8112245705280859,0,,,19.201183333333333,47.03196666666667,74.85114166666666,3,NO VERDICT: n<30,"529,532,536,537,538,542,543,556,557,558",
confirm_rule,None,7,3,4,0,268.5714280000029,38.367346857143275,-64.43347355755415,141.1681672718407,7,0.42857142857142855,0.1582169222626268,0.7495457695909742,0,,,22.658250000000002,37.59486666666667,55.67555,2,NO VERDICT: n<30,"521,522,523,524,525,526,527",
confirm_rule,touch,9,5,4,0,216.5,24.055555555555557,-49.36717337395774,97.47828448506885,9,0.5555555555555556,0.26664734574402965,0.8112245705280859,7,0.42567715352031676,0.38011695906432746,9.545233333333334,15.5175,42.09035,4,NO VERDICT: n<30,"575,578,581,582,584,585,586,587,591","575,578,582,584,585,586,591"
path,arm-associated,11,6,5,0,94.5,8.590909090909092,-41.652319630946494,58.83413781276468,11,0.5454545454545454,0.2800877556899882,0.7872904245601196,9,0.24837546359850868,0.2556390977443609,5.69525,15.5175,38.910875000000004,4,NO VERDICT: n<30,"567,568,569,570,575,578,582,584,585,586,591","568,570,575,578,582,584,585,586,591"
path,decision,47,12,33,2,-560.9285719999971,-11.934650468085044,-43.227424108926584,19.3581231727565,45,0.26666666666666666,0.15964748860054626,0.4103911669717529,0,,,13.236125,29.7528,66.88185,9,descriptive; no demonstrated positive edge,"521,522,523,524,525,526,527,528,529,531,532,533,534,535,536,537,538,540,541,542,543,544,547,548,549,550,551,552,553,554,555,556,557,558,559,560,561,562,563,564,565,581,583,587,588,589,590",
thesis,continuation_candidate,20,2,17,1,-1013.4285719999971,-50.67142859999986,-93.0749113691493,-8.267945830850401,19,0.10526315789473684,0.029357941395096582,0.31394550494841694,0,,,17.6442625,33.673833333333334,79.08805416666667,6,NO VERDICT: n<30,"522,525,526,527,528,531,532,534,540,541,542,543,556,557,558,562,563,588,589,590",
thesis,failed_break_reversal,6,1,5,0,-207.0,-34.5,-86.27640904247158,17.27640904247159,6,0.16666666666666666,0.030052585871730285,0.563509436563646,3,-0.35845896147403683,-1.0,9.5771875,14.634875,20.117449999999998,5,NO VERDICT: n<30,"559,561,568,578,583,586","568,578,586"
thesis,hold_other,1,1,0,0,168.0,168.0,,,1,1.0,0.20654329147389294,1.0,0,,,38.407066666666665,38.407066666666665,38.407066666666665,1,NO VERDICT: n<30,555,
thesis,range_rejection,31,14,16,1,586.0,18.903225806451612,-18.257530599509746,56.06398221241297,30,0.4666666666666667,0.3023212722412823,0.6385798671847496,6,0.5517926761347814,0.3178780284043442,10.886741666666666,25.967683333333333,59.33385833333334,11,descriptive; no demonstrated positive edge,"521,523,524,529,533,535,536,537,538,544,547,548,549,550,551,552,553,554,560,564,565,567,569,570,575,581,582,584,585,587,591","570,575,582,584,585,591"
era,0B_pre_strict,3,0,3,0,-394.0,-131.33333333333334,-164.1369130837881,-98.5297535828786,3,0.0,0.0,0.5615060804490177,1,-1.0,-1.0,13.86835,15.5175,16.946791666666666,2,NO VERDICT: n<30,"589,590,591",591
era,pre_0B,55,18,35,2,-72.42857199999708,-1.3168831272726742,-28.644687854139377,26.010921599594027,53,0.33962264150943394,0.22686862857429077,0.4740546388917903,8,0.40442239654832224,0.3178780284043442,12.322575,29.7528,59.932883333333336,11,descriptive; no demonstrated positive edge,"521,522,523,524,525,526,527,528,529,531,532,533,534,535,536,537,538,540,541,542,543,544,547,548,549,550,551,552,553,554,555,556,557,558,559,560,561,562,563,564,565,567,568,569,570,575,578,581,582,583,584,585,586,587,588","568,570,575,578,582,584,585,586"
cme_day,2026-08-18,4,3,1,0,469.0,117.25,-17.16876865477778,251.66876865477778,4,0.75,0.30063605244263664,0.9544139373553638,0,,,12.745458333333334,39.41286666666667,67.83389166666666,1,NO VERDICT: n<30,"521,522,523,524",
cme_day,2026-08-19,7,2,5,0,33.571428000002925,4.795918285714704,-120.06957577793321,129.66141234936262,7,0.2857142857142857,0.08221716570901548,0.6410709098517873,0,,,33.673833333333334,48.08906666666667,80.315125,1,NO VERDICT: n<30,"525,526,527,528,529,531,532",
cme_day,2026-08-20,11,2,8,1,-407.5,-37.04545454545455,-76.21213253150297,2.12122344059388,10,0.2,0.05668094798069332,0.5098431532792765,0,,,17.009816666666666,56.60373333333333,80.43215833333333,1,NO VERDICT: n<30,"533,534,535,536,537,538,540,541,542,543,544",
cme_day,2026-08-23,3,1,2,0,-24.5,-8.166666666666666,-188.80004170510682,172.4667083717735,3,0.3333333333333333,0.061490315276160515,0.7923450448735121,0,,,27.468891666666668,33.84206666666667,61.37790833333333,1,NO VERDICT: n<30,"547,548,549",
cme_day,2026-08-24,11,3,7,1,-26.5,-2.409090909090909,-46.994992182887025,42.17681036470521,10,0.3,0.10778928748621182,0.6032267800204347,0,,,10.460908333333332,25.967683333333333,43.37585833333333,1,NO VERDICT: n<30,"550,551,552,553,554,555,556,557,558,559,560",
cme_day,2026-08-25,3,0,3,0,-200.0,-66.66666666666667,-97.89538493118154,-35.437948402151804,3,0.0,0.0,0.5615060804490177,0,,,19.619058333333335,25.314016666666667,122.51220833333332,1,NO VERDICT: n<30,"561,562,563",
cme_day,2026-08-26,2,0,2,0,-131.5,-65.75,-72.12,-59.38,2,0.0,0.0,0.6576280471103807,0,,,12.473775,12.53065,12.587525,1,NO VERDICT: n<30,"564,565",
cme_day,2026-08-27,4,2,2,0,6.0,1.5,-45.963441369823435,48.963441369823435,4,0.5,0.15003570882017145,0.8499642911798285,2,-0.37218045112781956,-0.3721804511278195,2.697825,19.496841666666665,51.35370416666667,1,NO VERDICT: n<30,"567,568,569,570","568,570"
cme_day,2026-08-30,2,2,0,0,124.5,62.25,3.940000000000005,120.56,2,1.0,0.3423719528896193,1.0,2,0.6523700373211084,0.6523700373211085,23.124379166666667,30.081791666666668,37.039204166666664,1,NO VERDICT: n<30,"575,578","575,578"
cme_day,2026-08-31,6,3,3,0,212.0,35.333333333333336,-61.042302407472256,131.70896907413893,6,0.5,0.1876128068994087,0.8123871931005913,4,0.6687500000000001,0.6041666666666667,8.482470833333334,11.686541666666667,19.738,1,NO VERDICT: n<30,"581,582,583,584,585,586","582,584,585,586"
cme_day,2026-09-01,4,0,4,0,-381.5,-95.375,-137.6086701183625,-53.14132988163749,4,0.0,0.0,0.48990002040399916,0,,,11.801491666666667,15.297641666666667,25.270904166666668,1,NO VERDICT: n<30,"587,588,589,590",
cme_day,2026-09-02,1,0,1,0,-140.0,-140.0,,,1,0.0,0.0,0.7934567085261071,1,-1.0,-1.0,15.5175,15.5175,15.5175,1,NO VERDICT: n<30,591,591
machine_regime,UNMEASURABLE,58,18,38,2,-466.4285719999971,-8.041871931034432,-35.03709072764657,18.953346865577707,56,0.32142857142857145,0.21400827887722296,0.4517760584399611,9,0.24837546359850868,0.2556390977443609,12.2754125,25.64085,56.30422083333333,12,descriptive; no demonstrated positive edge,"521,522,523,524,525,526,527,528,529,531,532,533,534,535,536,537,538,540,541,542,543,544,547,548,549,550,551,552,553,554,555,556,557,558,559,560,561,562,563,564,565,567,568,569,570,575,578,581,582,583,584,585,586,587,588,589,590,591","568,570,575,578,582,584,585,586,591"
regime_asof_sensitivity,UNMEASURABLE,57,18,37,2,-326.4285719999971,-5.726817052631528,-32.80898898701473,21.35535488175167,55,0.32727272727272727,0.21812895688825165,0.45897023823900523,8,0.40442239654832224,0.3178780284043442,12.22825,25.967683333333333,56.60373333333333,11,descriptive; no demonstrated positive edge,"521,522,523,524,525,526,527,528,529,531,532,533,534,535,536,537,538,540,541,542,543,544,547,548,549,550,551,552,553,554,555,556,557,558,559,560,561,562,563,564,565,567,568,569,570,575,578,581,582,583,584,585,586,587,588,589,590","568,570,575,578,582,584,585,586"
regime_asof_sensitivity,up/NORMAL,1,0,1,0,-140.0,-140.0,,,1,0.0,0.0,0.7934567085261071,1,-1.0,-1.0,15.5175,15.5175,15.5175,1,NO VERDICT: n<30,591,591
day_type,balance,23,6,17,0,-736.4285719999971,-32.018633565217264,-69.89095737095442,5.853690240519903,23,0.2608695652173913,0.1254844588924897,0.4647039054375056,4,-0.20493444666943741,-0.3721804511278195,12.431799999999999,18.376083333333334,46.04284166666667,11,NO VERDICT: n<30,"521,522,523,525,526,527,531,540,541,554,561,563,564,567,568,569,570,578,581,588,589,590,591","568,570,578,591"
day_type,balance (short-lean pullback),1,1,0,0,273.5,273.5,,,1,1.0,0.20654329147389294,1.0,0,,,63.262033333333335,63.262033333333335,63.262033333333335,1,NO VERDICT: n<30,524,
day_type,trend,17,6,10,1,321.0,18.88235294117647,-32.61186047209845,70.3765663544514,16,0.375,0.18480982554752803,0.6135935290206519,3,1.225,2.2083333333333335,12.4169,33.84206666666667,45.95536666666667,7,NO VERDICT: n<30,"532,533,548,550,551,552,555,556,557,558,559,560,565,582,584,586,587","582,584,586"
day_type,trend-down,13,3,9,1,-537.5,-41.34615384615385,-79.90187805195148,-2.7904296403562014,12,0.25,0.08894003962896137,0.53231033912066,2,-0.3099415204678363,-0.3099415204678363,12.22825,21.70805,70.50166666666667,5,NO VERDICT: n<30,"534,535,536,537,538,542,543,544,547,562,575,583,585","575,585"
day_type,trend_down,4,2,2,0,213.0,53.25,-80.46075611184017,186.96075611184017,4,0.5,0.15003570882017145,0.8499642911798285,0,,,42.12270416666667,72.15971666666667,92.99145416666666,3,NO VERDICT: n<30,"528,529,549,553",
vol_tercile,UNMEASURABLE,4,2,2,0,141.0,35.25,-70.03844713452659,140.5384471345266,4,0.5,0.15003570882017145,0.8499642911798285,0,,,12.745458333333334,44.48935,75.44861666666667,2,NO VERDICT: n<30,"521,522,523,533",
vol_tercile,high,18,6,11,1,-288.0,-16.0,-74.846259580934,42.84625958093401,17,0.35294117647058826,0.17309486143904904,0.5870003327878818,4,-0.3410609857978279,-0.3721804511278195,10.213725,17.271525,37.265816666666666,9,NO VERDICT: n<30,"531,532,542,543,544,547,548,549,552,555,559,569,570,575,585,589,590,591","570,575,585,591"
vol_tercile,low,18,5,13,0,-356.5,-19.805555555555557,-52.67595905279254,13.064847941681428,18,0.2777777777777778,0.12499569146355476,0.5087307754619452,2,0.7333333333333334,0.7333333333333334,15.027520833333334,36.428558333333335,67.02718333333333,7,NO VERDICT: n<30,"536,537,538,540,541,554,556,557,558,560,561,563,565,567,568,582,583,587","568,582"
vol_tercile,mid,18,5,12,1,37.071428000002925,2.0595237777779403,-50.21317471976691,54.33222227532279,17,0.29411764705882354,0.13279793865556405,0.5313353332621391,3,0.7109854829704076,0.9246231155778895,12.3322875,33.673833333333334,53.640425,9,NO VERDICT: n<30,"524,525,526,527,528,529,534,535,550,551,553,562,564,578,581,584,586,588","578,584,586"
era,strict,0,0,0,0,0,,,,0,,,,0,,,,,,0,NO VERDICT: n<30,,
hold_bucket,0-15,19,5,14,0,-317.5,-16.710526315789473,-54.222533039579595,20.80148040800065,19,0.2631578947368421,0.11806238339540162,0.48791968441070643,4,-0.19791666666666663,-1.0,3.6598083333333333,6.7736833333333335,12.223725,9,NO VERDICT: n<30,"523,531,535,538,544,552,553,556,561,564,565,568,569,581,584,585,586,588,590","568,584,585,586"
hold_bucket,15-30,12,1,10,1,-872.0,-72.66666666666667,-105.00696663466638,-40.32636669866696,11,0.09090909090909091,0.016231752262825964,0.3773646254862038,2,-0.3099415204678363,-0.3099415204678363,16.01615,19.7359,22.672041666666665,10,NO VERDICT: n<30,"522,527,543,547,551,558,559,563,575,583,589,591","575,591"
hold_bucket,30-60,13,5,7,1,184.57142800000292,14.197802153846379,-39.63403858107321,68.02964288876596,12,0.4166666666666667,0.19325746190524656,0.6804926643446271,2,1.6956448911222781,1.6956448911222781,37.59486666666667,42.09035,48.08906666666667,8,NO VERDICT: n<30,"525,526,529,540,542,548,550,555,560,567,578,582,587","578,582"
hold_bucket,60+,14,7,7,0,538.5,38.464285714285715,-35.6167128356383,112.54528426420973,14,0.5,0.2679886791947528,0.7320113208052473,1,0.2556390977443609,0.2556390977443609,75.55664166666666,88.18153333333333,106.49252916666666,7,NO VERDICT: n<30,"521,524,528,532,533,534,536,537,541,549,554,557,562,570",570
reject_session,ASIA,11,2,8,1,-234.0,-21.272727272727273,-56.32215980252948,13.77670525707493,10,0.2,0.05668094798069332,0.5098431532792765,0,,,8.40425,35.7314,59.42315833333333,4,NO VERDICT: n<30,"533,535,536,537,538,550,551,552,553,567,587",
reject_session,LONDON,8,5,3,0,538.5,67.3125,-10.308364825444968,144.93336482544498,8,0.625,0.3057378545838018,0.863158240538479,2,2.3375000000000004,2.3375000000000004,12.587525,27.9591,60.381395833333336,5,NO VERDICT: n<30,"521,529,554,564,565,581,582,584","582,584"
reject_session,NY,12,7,5,0,281.5,23.458333333333332,-47.8147562569705,94.73142292363715,12,0.5833333333333334,0.3195073356553728,0.8067425380947534,4,-0.3410609857978279,-0.3721804511278195,8.231608333333334,18.631341666666668,43.659795833333334,8,NO VERDICT: n<30,"523,524,544,547,548,549,560,569,570,575,585,591","570,575,585,591"
vol_session,low/ASIA,6,2,4,0,-81.5,-13.583333333333334,-75.45407761346769,48.287410946801025,6,0.3333333333333333,0.09676933255921684,0.7000116786584712,0,,,19.375925,40.843383333333335,64.36509166666667,4,NO VERDICT: n<30,"536,537,538,561,567,587",
vol_session,low/LONDON,11,2,9,0,-356.0,-32.36363636363637,-71.58191598588556,6.854643258612825,11,0.18181818181818182,0.05136660067100062,0.4769861375782449,2,0.7333333333333334,0.7333333333333334,15.377341666666666,25.314016666666667,65.95613333333333,6,NO VERDICT: n<30,"540,541,554,556,557,558,563,565,568,582,583","568,582"
vol_session,low/NY,1,1,0,0,81.0,81.0,,,1,1.0,0.20654329147389294,1.0,0,,,37.12571666666667,37.12571666666667,37.12571666666667,1,NO VERDICT: n<30,560,
vol_session,mid/ASIA,8,0,7,1,-408.9285719999971,-51.116071499999634,-72.54962831369,-29.682514686309272,7,0.0,0.0,0.35433884297520657,0,,,22.532825,33.673833333333334,48.1529625,3,NO VERDICT: n<30,"525,526,527,534,535,550,551,553",
vol_session,mid/LONDON,7,3,4,0,134.5,19.214285714285715,-77.07226855646039,115.5008399850318,7,0.42857142857142855,0.1582169222626268,0.7495457695909742,1,2.2083333333333335,2.2083333333333335,11.596383333333332,13.82785,80.315125,5,NO VERDICT: n<30,"528,529,562,564,581,584,588",584
vol_session,mid/NY,3,2,1,0,311.5,103.83333333333333,-81.82975807449363,289.4964247411603,3,0.6666666666666666,0.20765495512648788,0.9385096847238393,2,-0.03768844221105527,-0.03768844221105527,26.062416666666667,43.99661666666667,53.629325,3,NO VERDICT: n<30,"524,578,586","578,586"
vol_session,high/ASIA,1,0,1,0,-7.5,-7.5,,,1,0.0,0.0,0.7934567085261071,0,,,2.7192,2.7192,2.7192,1,NO VERDICT: n<30,552,
vol_session,high/LONDON,1,1,0,0,168.0,168.0,,,1,1.0,0.20654329147389294,1.0,0,,,38.407066666666665,38.407066666666665,38.407066666666665,1,NO VERDICT: n<30,555,
vol_session,high/NY,16,5,10,1,-448.5,-28.03125,-89.95882876392795,33.896328763927954,15,0.3333333333333333,0.15176100694691236,0.5828687484878702,4,-0.3410609857978279,-0.3721804511278195,11.550708333333334,17.271525,35.0461125,9,NO VERDICT: n<30,"531,532,542,543,544,547,548,549,559,569,570,575,585,589,590,591","570,575,585,591"
vol_session,UNMEASURABLE/ASIA,1,0,1,0,-54.5,-54.5,,,1,0.0,0.0,0.7934567085261071,0,,,73.415,73.415,73.415,1,NO VERDICT: n<30,533,
vol_session,UNMEASURABLE/LONDON,2,1,1,0,77.5,38.75,-155.77999999999997,233.27999999999997,2,0.5,0.09452865480086611,0.905471345199134,0,,,32.06014166666667,48.556583333333336,65.05302499999999,1,NO VERDICT: n<30,"521,522",
vol_session,UNMEASURABLE/NY,1,1,0,0,118.0,118.0,,,1,1.0,0.20654329147389294,1.0,0,,,4.290733333333334,4.290733333333334,4.290733333333334,1,NO VERDICT: n<30,523,
