id,cycle_number,ct,cycle_trigger,plan_version,action,reasoning
37078,27156,"2026-09-03 09:21:28",post_exit,3,wait,"Flat after a short stop-out. Price is at VWAP+2σ (29358.10), but the plan’s S2 first-touch fade is canceled by a prior 5m close above 29351.05 before fill. S1 reclaim long has already hit its target zone and chasing here is extended. Machine confirms are conflicting (S1 and S2 both MET), so no fresh high-confidence trigger. Waiting for either a 5m close back below key structure or a pullback toward OR-H before reconsidering."
37079,27157,"2026-09-03 09:21:51","",3,wait,"Price is 29335 after a failed short stopped at 29355. Plan status shows S1 and S2 confirms both MET, creating structural ambiguity — default WAIT unless a fresh trigger appears. Price is just below VWAP+2σ 29343.27 and EQL·1h 29353.75, but the S2 fade already touched and has not produced a clean 5m close rejection; shorting here would need a wide stop above 29375.25, yielding poor R:R against the 2.00 minimum. No other scenario (S3/S4) is confirmed. Holding discipline after consecutive losses."
37080,27158,"2026-09-03 09:23:21","",3,wait,"Price 29346.25 sits at VWAP+2σ (29341-29361) after a strong rally from 29241.50. S2 fade trigger (touch of 29351.05) MET, but S1 reclaim (5m close above 29285) also MET — live map flags CONFLICT: default WAIT. Structurally, 5m TRENDING_UP with fresh BOS-up on 1h at 09:00; momentum favors continuation, not a clean fade. S2's plan stop (29418.75) is ~72 points from entry — beyond the 15-50 point sanity cap and forces an unrealistic 144-point TP for 2:1 R:R. Price is also inside the 29285-29375 chop band, and my prior short was just stopped out at 29355. Per discipline: no revenge entry, no trade through opposing confirms. Edge absent."
37081,27159,"2026-09-03 09:25:29",stale_dodge,3,wait,"Flat after a -140 short stop-out at 09:20, just minutes ago. Price 29349.50 sits directly under EQL·1h 29353.75 (3rd touch) and VWAP+2σ 29364.79, extended +190 pts vs VWAP. Plan shows CONFLICT (S1 and S2 confirms both MET) → structural ambiguity, default WAIT. The S2 fade premise is compromised: the plan cancels S2 on a 5m close above 29351.05 before fill, and price has already printed multiple 5m closes above that level (29353.5, 29361.5, 29359.25). Shorting into a confirmed 1h BOS-up and 5m TRENDING_UP tape here is fighting strength with no clean rejection signal. RSI 65 on 5m/15m — elevated but not diverging. Re-entering immediately after a stop-out violates entry discipline. Nearest magnet is VWAP at 29160 (−190), favoring patience for either a clean fade trigger or a reclaim/breakout with displacement above 29375.25 SWG-H. No high-confidence directional edge right now."
37082,27160,"2026-09-03 09:27:45","",3,wait,"Price is 29345.75, just below VWAP+2σ (29351.05) after a strong rally to 29375.25 and pullback. Plan status shows S1 and S2 confirms both MET, triggering structural ambiguity and default WAIT. S2’s first-touch fade is canceled by an earlier 5m close above 29351.05 (08:45 close 29359.25). No fresh trigger is present; price is consolidating near the highs with 15m RANGING and 5m choppy. No high-confidence directional setup — waiting for a clean reclaim or rejection signal."
37083,27161,"2026-09-03 09:29:32","",3,wait,"Flat. Price 29349.5 is pressing the consumed VWAP+2σ zone (29351–29368) and 5m swing high 29375.25. PLAN STATUS is conflicted: S1 reclaim-long confirm is met, but S2 reject-short confirm is also met/cancelled by a 5m close above 29351.05 before fill — structural ambiguity, default WAIT per plan.  The prior short just stopped out 15m ago; immediately re-shorting this same resistance would be impulsive. Longs here are chasing an already-triggered S1 move into overhead resistance with poor entry location. No fresh trigger: neither a clean pullback to 29285/29255 for a valid long retest, nor a confirmed breakout above 29375.25 with a new plan scenario.  Nearest overhead liquidity is 29385.25; downside magnets are VWAP+1σ 29297.96 and value area. Waiting for a 5m close/retest that resolves the conflict is the disciplined choice."
37084,27162,"2026-09-03 09:31:54","",3,wait,"Price 29357.25 is extended into the VWAP+2σ / SWG-H resistance cluster (29370-29375). S2's short fade is effectively cancelled — current 5m bar is closing above 29351.05, the plan's cancel threshold. S1's reclaim targets have already been reached; entering long here would be chasing with poor R:R and a stop too wide to satisfy 2x. The 5m trend is up but the 15m is ranging at cycle highs with RSI 65.6, and the recent short loss just stopped out into this same rally. Bias remains long per plan, but the correct action is to wait for a retrace toward 29285.00-29300.00 for a high-confidence long, or a confirmed breakout above 29375.25. No fresh trigger; no high-confidence setup."
37085,27163,"2026-09-03 09:33:15","",3,wait,"Price 29316.25 after rejecting 29375 high and pulling back. S1 confirm (5m close >29285) and S2 confirm (touch <29351.05) are BOTH MET — machine flags CONFLICT → default WAIT. The S2 fade already played out: 29351 touched, faded to 29308, now bouncing. Re-entering short at 29316 would chase after the move; long-side reclaim lacks a fresh trigger above 29351 with supply overhead to 29375. 5m RSI 58 cooling, 15m RSI 63 still elevated. Recent 10 trades show 8 losses — discipline demands high-conviction entry, not another marginal fade during structural ambiguity. No fresh confirm, not chasing. Confidence <60."
37086,27164,"2026-09-03 09:35:50",stale_dodge,3,wait,"Price sits at 29287.75, just above OR-H 29285 but below ONH 29293. Plan status shows opposing confirms MET — S1 reclaim long and S2 reject short are both triggered, creating structural ambiguity and an explicit default WAIT unless a fresh trigger appears. No fresh trigger exists: neither a decisive 5m close above 29293 ONH nor a close below 29255 PDH. The pullback from 29375 to 29284 looks like chop inside the value area, and 5m RSI is flat at 53. I just took a loss 15 minutes ago; re-entering here would be impulsive and inside the sideways zone. Waiting for auction to resolve."
37087,27165,"2026-09-03 09:37:37","",3,wait,"Flat. Price whipsawing around 29307 between VWAP+1σ and EQH 29317; 15m structure is RANGING, 5m shows mixed closes. Plan status reports opposing confirms (S1 and S2) with ambiguity; no fresh directional trigger. Respecting sideways-zone rule, wait for either a clean 5m close above 29317 with continuation or a failed retest below 29285 before considering entry."
37088,27166,"2026-09-03 09:40:07","",3,wait,"No entry here. S1 and S2 confirms are both MET (5m close above 29285 fired at 09:30; VWAP+2σ was touched below) — the plan flags this as opposing confirms = structural ambiguity, default WAIT. The S1 reclaim-retrace is at hand (price 29286 tests 29285), but there is no fresh trigger: 3m is printing lower highs (29364.75→29333→29319) with RSI fading 63→48, the pullback is 90+ points off 29375, and the 09:35 5m bar is mid-formation. Also just stopped out 18 minutes ago (-140); re-entering immediately violates the quality-frequency rules. A long needs a 5m close back above 29303.68 (VWAP+1σ)/29293 ONH on momentum; a short needs the S3 trigger — a 5m close below 29255. Confidence without a fresh confirmation is <60. Wait for one of those two disambiguation triggers; do not chase the retest."
37089,27167,"2026-09-03 09:41:38","",3,wait,"Price 29276.50 sits just below OR-H 29285.00 after a sharp rejection from 29375.25. The 5m/15m are ranging with lower highs, while 1h remains upward. Plan status shows S1 and S2 both confirmed but opposing, creating structural ambiguity — default is WAIT unless a fresh trigger appears. The live map marks OR-H as target_only, so it is not a valid entry trigger here. RSI is neutral, and price is extended above VWAP. No high-confidence setup with R:R ≥2 can be constructed at this location. Waiting for either a clean 5m close above 29285 with acceptance or a failed retest below 29255."
37090,27168,"2026-09-03 09:43:22","",3,wait,"Price is in a 5m/15m range near 29298, just above the consumed ONH 29293 and below VWAP+1σ 29304. Plan status shows conflicting confirms: S1 reclaim long vs S2 reject short are both marked MET, creating structural ambiguity with a default WAIT instruction. RSI is neutral across 5m/15m, and 1h/4h show mixed momentum. No fresh directional trigger exists, and entering inside this sideways zone risks another stop-out after recent consecutive losses. Waiting for a 5m close outside 29272–29375 or a clean reclaim/reject at a higher-confluence level is the disciplined choice."
37091,27169,"2026-09-03 09:45:37",stale_dodge,4,wait,"Price is 29283.50, sitting just below OR-H 29285 (5th touch, resistance) with the current 5m bar forming below it. S1 needs a 5m close back above 29285 after retesting 29260; the last 5m close was 29283.75, so the trigger is not yet confirmed. S2 requires a 5m close above 29303.68 — not met. S3 requires a sweep of 29222.75 OR-L, which has not happened. RSI is neutral across 5m/15m, and price is consolidating after a sharp rally. No high-confidence entry yet; waiting for the S1 close confirmation or a deeper retest is disciplined."
37092,27170,"2026-09-03 09:47:19","",4,wait,"Price 29281.75 sits inside a 5m/15m ranging zone between ONH 29293 and VWAP+1σ 29305, after LH 29364.75/29375.25. Bias is medium long but no plan trigger is confirmed: S2 requires a 5m close above 29303.68, which has not occurred (current 5m high 29302.50). S1 requires a pullback retest at 29260 and a 5m close back above 29285 — price is above 29285 but the full retest setup is not clean here. S3 is already extended and chasing is not warranted. RSI 5m/3m is neutral ~52, no momentum edge. Recent trading stats need discipline; best action is wait for confirmed breakout or retest."
37093,27171,"2026-09-03 09:49:22","",4,wait,"Flat. Price 29303.50 sits just under S2 trigger 29303.68, but the critical 5m close above that level has not printed (best run 0/1). S2 also wants a small pullback that holds 29293 before entry — current 5m bar is forming on light volume, so no confirmation. 5m/15m remain ranging despite 1h up; no high-confidence entry. Avoid chasing near magnet/level without displacement. Wait for either a confirmed 5m close above 29303.68 with a pullback hold, or S1 retest at 29260–29285."
37094,27172,"2026-09-03 09:51:34","",4,wait,"Flat. Price 29300.75 sits directly under VWAP+1σ (29305.90) inside a 5m/15m ranging structure with no decisive breakout or pullback confirmation. S2 confirm is technically met, but the current area is a magnet/mean-reversion zone with neutral RSI and no high-quality entry trigger. Also just took a loss 30 minutes ago; avoiding immediate re-entry in chop. Waiting for either a clear hold above 29293.00 with a 5m reclaim, or a deeper retest of 29260.00/29222.75 before considering a plan long."
37095,27173,"2026-09-03 09:53:42","",4,wait,"Price 29289. 5m/15m ranging after a spike to 29364.75; 1h remains uptrend but 4h is below its EMA50, giving mixed timeframes. S2 trigger has technically fired, but the pullback has broken below 29293 instead of holding it, so the retest condition is not satisfied. S1 would require a retest of 29260, which has not occurred cleanly. RSI is neutral and price is inside the 29285–29303 congestion band. No high-confidence setup; waiting for either a 5m close back above 29303.68 or a proper retest of 29260 with reversal evidence."
37096,27174,"2026-09-03 09:55:40",stale_dodge,4,wait,"Flat. S2 confirm is technically MET (5m closes above 29303.68), but the execution arm requires a small pullback that holds 29293.00 before re-entering long. Price is 29310.25, not at that pullback. 5m/15m are ranging and price sits just under EQH 29317.25, a fresh liquidity level that can reject. RSI neutral across 5m/15m/1h. No new displacement or reclaim confirmation. Recent losses argue for patience, not forcing a long at resistance. Waiting for either a 5m close above 29317.25 with follow-through or a pullback holding 29293-29272 with reclaim evidence."
37097,27175,"2026-09-03 09:57:16","",4,wait,"Flat. Price 29298.75 sits inside a 5m/15m range, below VWAP+1σ (29307) and EQH·1h (29317). Recent 5m bar wicked through EQH and closed back below — rejection, not confirmed breakout. Plan triggers are not active: S2 requires a 5m close above 29303.68 (not yet); S1 requires a pullback to 29260; S3 requires a sweep/reclaim below 29222.75. No high-confidence directional setup. Avoid chasing."
37098,27176,"2026-09-03 09:59:35","",4,wait,"Price 29340 is pressing the 29346.88 FVG/second target and is extended above value area with 5m/15m ranging after a sharp bounce. A long here would require stop below 29272.50 (~68 pts risk) for only ~7 pts to first resistance, failing the 2:1 R:R gate. The S2 pullback condition is damaged: the 09:40 5m close (29283.75) closed below 29293, invalidating the clean breakout-retest arm. Waiting for a deeper retrace that holds 29293/VWAP+1σ with a 5m reclaim and at least ~40 pts stop distance would restore a valid 2:1 long. Bias remains medium-term long, but no high-confidence entry now; avoid chasing after two consecutive losses."
37099,27177,"2026-09-03 10:01:07","",4,wait,"Price 29377.25, pushed into SWG-H·5m 29375.25 react zone after a 100+ point run from VWAP. RSI elevated across 5m/15m/1h (65-66). Extended ~193 points above VWAP, above value area. S2 confirm technically MET but target chain already reached — entering long here at resistance is chasing. The high-quality entries (29260 retest, 29303.68 breakout pullback) are long gone. Recent trade history shows overtrading with multiple losses. No fresh, high-confluence setup; respecting discipline means waiting for pullback or plan re-arm. No open position."
37100,27178,"2026-09-03 10:03:31","",4,wait,"Price 29404 after a rapid ~158-point rally from 29246, now pressing just beyond VWAP+2σ 29385.86 and near the top of the 5m/15m range. RSI 5m/3m ~68, 1h 67.7: strong but extended. Plan S2 confirms the break above 29303.68, but its arm is to wait for a small pullback that holds 29293.00 and re-enter — price is already above both plan targets, so chasing here gives poor R:R. Nearest liquidity 29455 is only ~51 points away, while a valid stop below VWAP+2σ/29364.75 would be ~39 points, forcing a far target to meet 2:1. Better to wait for a retest of 29364.75/29346.88 or a 5m reclaim after pullback. Bias remains long; no short because no breakdown scenario authored."
37101,27179,"2026-09-03 10:05:29",stale_dodge,4,wait,"Price 29443.50 is stretched far above VWAP (29174) and all planned upper scenarios are consumed/stale. RSI across 3m/5m/15m/1h is 70-73, overbought, and 5m/15m structure is ranging. Nearest key level is EQL·1h 29455.00 — a liquidity-break level, not a blind fade. No confirmed 5m close above it, and chasing an extended move into that level offers poor R:R. I prefer to wait for either a 5m close above 29455 with a clean pullback retest, or a pullback to the 29364-29385 VWAP+2σ/SWG zone for a higher-quality long entry."
37102,27180,"2026-09-03 10:07:13","",4,wait,"MNQ is extended at 29430.50, +264 pts above VWAP and above the value area. RSI14 is overbought across 3m/5m/15m/1h (~70). Price has run into the nearest liquidity level at 29455.00 EQL·1h without confirmed acceptance yet. All DAY PLAN scenarios are consumed or stale; the only valid lower levels (29222.75 OR-L, 29075.00 ONL) are far away. Chasing long here at resistance into overbought conditions violates entry discipline; no confirmed breakout or retest setup exists. Waiting for either a clean rejection at 29455 or a pullback into 29364.75/29321.68 before considering entry."
37103,27181,"2026-09-03 10:09:28","",4,wait,"Price extended to 29431.25, far above all authored plan levels. S1/S2/S3 confirmations are stale/expired; no valid plan scenario remains. 5m RSI 70.4 and 15m RSI 69.8 suggest overbought conditions, with price approaching 29455.00 EQL·1h liquidity (+22.5). A long here would require an unfavorably wide stop to satisfy the 2.00x R:R gate, and no pullback/retest setup is present. No breakdown scenario authored. Waiting for a retrace to 29364.75 SWG-H or VWAP+1σ, or for a new plan, is the disciplined choice."
37104,27182,"2026-09-03 10:11:17","",4,wait,"Price at 29444.50 is extremely extended — 253 points above VWAP, RSI overbought across all timeframes (3m 71.4, 5m 71.4, 15m 70.6, 1h 69.8). All day plan scenarios (S1/S2/S3) are consumed/stale; price has blown through every target. The 200-point advance from 29246 (10:00 CT low) in under 30 minutes leaves no fresh entry structure. Chasing long here violates R:R discipline — nearest stop reference is 29260 (170+ points away), far beyond the 15-50 point sanity range. A short against strong 1h momentum without a confirmed rejection at EQL·1h 29455 is premature. Recent track record (8 of last 10 trades losses) demands higher selectivity, not forced entries. Waiting for either a pullback retest of 29364/29326 or a confirmed rejection at 29455/29526. No high-conviction setup ≥60 confidence. Action: wait."
37105,27183,"2026-09-03 10:13:24","",4,wait,"Price 29451.75 is extremely extended — +160 points beyond the last consumed plan level (29303.68) and +200+ above VWAP. RSI is overbought across all timeframes (5m 72, 15m 71, 1h 70, 3m 72). All authored plan scenarios (S1/S2/S3) are marked CONSUMED/stale, so no plan arm is live. Nearest realistic entries are 80-130 points away (VWAP+1σ 29330 mean-revert magnet, or a pullback), which exceeds the 15-50 point stop sanity range from current price. Chasing long into EQL·1h 29526.50 after three consecutive stop-outs and a just-completed losing short (09:20) would be impulsive and low-quality. Momentum is real (1h BOS-up, rising volume) but entry location is poor; the disciplined play is to wait for a retrace/pullback toward VWAP+1σ or a confirmed 29526 liquidity reaction. Confidence below 60, no open."
37106,27184,"2026-09-03 10:15:30",stale_dodge,5,wait,"Price 29467.25 has extended above the S1 reclaim confirm (29435.75) by ~31 points after a sharp 10:00 CT momentum run. RSI 5m/3m is 73-75, overbought. 5m/15m structure remains RANGING despite 1h BOS-up, so this is a chase zone between the reclaimed level and higher liquidity at 29526.50. A long entry here would require either an overly tight stop near 29445.50 or a wider stop below 29406.28; the wider stop leaves reward/risk under 2.0 to the next liquidity break. No clean retrace or reclaim retest is present. S2 reject-short is not confirmed — no clear wick rejection back below 29445.50 yet. Best action is wait for a 5m pullback into 29445.50/29435.75 support for a higher-quality long, or a clear rejection setup. No trade now."
37107,27185,"2026-09-03 10:17:14","",5,wait,"Price 29471, strong 1h uptrend with BOS-up confirmed. S1 reclaim trigger is MET (multiple 5m closes above 29435.75), but the plan's first targets (29445.50, 29455.00) have already been exceeded — chasing here at 29471 is late. Extension is severe: +291.7 pts above VWAP, 5m/15m RSI 73-75 (overbought), and nearest liquidity EQL·1h is +55 pts away at 29526.50.  Risk/reward on a fresh long is poor: stop below VWAP+2σ 29420 or plan invalidation 29406.28 gives ~51-65 pts risk, requiring ~102-130 pts reward to clear 2:1 — that pushes TP above EQH·1h 29543.50 into stretched territory. ATR (5m 47, 1h 94) also suggests the 15-50 stop sanity window is tight for this spot.  Best action is to let the plan's wait_confirm arm work at the retrace (29435.75/29420) and re-enter only on a clean pullback hold with refreshed risk/reward. No position, no short signal (reject at 29526.50 not yet in play), so wait."
37108,27186,"2026-09-03 10:19:23","",5,wait,"S1 confirm is met but price has already run +49 points beyond the trigger (29435.75) to 29474.75, leaving the S1 target chain (29445.50/29455.00) entirely below current price. Chasing here means buying into an overbought impulse with only ~52 points of room to the next HTF liquidity (EQL·1h 29526.50) before likely rejection.  RSI is overbought across every intraday timeframe: 3m 75.3, 5m 73.8, 15m 72.3, 1h 71.1. The vertical move from 29246 to 29480 has had no consolidation or pullback — a classic extension. A long from 29474 would need a stop ~25-30 points below (respecting 15-50 point sanity vs 5m ATR 47), yielding R:R of only ~1.7-2.1 on a crowded trade near a liquidity_break level. That fails to clear my quality bar of a clean 2:1+ setup with fresh room.  Per the ARMED PATH: the retrace arm rests at the plan's retrace level and fills without me — the correct play is to let it work, not chase. The next valid long is a pullback/reclaim with a stop respecting a fresh higher low, ideally into VWAP+2σ react zone (~29424) or below, with targets reset above 29480.  Recent history shows seven losses from similar chasing behavior; discipline says stand down. No trade now."
37109,27187,"2026-09-03 10:21:34","",5,wait,"Price 29462.25 after a ~100-point impulse off 29363. RSI is overbought across all timeframes (3m 71.3, 5m 71.3, 15m 71.4, 1h 70.6). S1 confirm was MET, but the entry window (reclaim of EQL·15m 29435.75) has already passed — the plan's first two targets (29445.50, 29455.00) have been exceeded, so entering here is chasing.  A long at 29462.25 would need a stop near the fresh VWAP+2σ react zone 29426.88 (35.4 risk) and a TP above 29533 to clear the 2.00x R:R gate — that pushes beyond the EQL·1h liquidity 29526.50 into thinner air. The 3m/5m RSI is rolling over, signaling short-term momentum exhaustion.  Per the armed-path rule, the retrace is already covered by the plan's wait_confirm arm resting at the retrace level; I should not chase and not skip the retrace. Best action: flat, let the pullback arm fill, reassess on a retrace toward 29426.88/29406.28 with fresh RSI reset."
37110,27188,"2026-09-03 10:23:31","",5,wait,"Price 29476, well above EQL·1h 29455. S1 confirm MET (5m closed above 29435.75), but S1 targets 29445.50/29455.00 already achieved — entering long here chases a completed move. ARMED PATH: do not chase, do not skip retrace.  Extension check: price 275+ pts above VWAP, RSI14 72-74 across 3m/5m/15m/1h — heavily overbought. 15m RANGING structure, recent thrust is a breakout within a ranging context.  R:R math from 29476: next target Supply·1h 29539.38 (+63 pts). Minimum sensible stop ≥30 pts (5m ATR 45.8) → R:R ≈1.6-2.0, fails 2:1 gate unless stop is unrealistically tight.  Preferred setup: wait for retrace to 29435.75 (EQL·15m) area, stop ~29400 (35.75 pts), target 29539.38 (103.6 pts) → R:R 2.9. The plan's wait_confirm arm already rests at retrace level and will fill without me.  Also mindful: recent account performance negative (PF 0.95), 3 consecutive losses — quality over frequency. Last completed trade was a 15-min loss at 09:20; avoid impulsive re-entry 1 hour later without a proper pullback."
37111,27189,"2026-09-03 10:25:27",stale_dodge,5,wait,"Flat. Price 29481.75 after an impulsive ~200-point rally; 5m/15m RSI 74+ overbought, and price is already 46 points above the S1 reclaim trigger (29435.75), with the plan's first two targets (29445.50/29455.00) already traded through. Chasing here into the 29526.50 EQL·1h liquidity zone offers poor R:R and violates disciplined entry timing. The ARMED retrace path is preferred: wait for a pullback toward 29435-29445 before considering a long. No short setup; EQH·1h 29543.50 has not been touched. Action: wait."
37112,27190,"2026-09-03 10:27:24","",5,wait,"Price 29509.25 after a powerful ~150-point surge from 29363 in ~25min. S1 reclaim confirmed, but price has already exceeded the 29445.50/29455.00 target chain and sits only ~34 points below EQH·1h 29543.50 and nearest liquidity 29526.50. RSI is overbought across 3m/5m/15m/1h (74–77), suggesting extension. A long here would require a stop beyond the allowed 15–50 point sanity range or produce poor R:R; chasing is against plan discipline. The ARMED PATH guidance prefers leaving the retrace arm live at 29435.75/VWAP+2σ 29439 rather than chasing. No valid short setup: S2 requires a clear wick reject back below 29445.50, which has not appeared, and the invalid short level 29539.38 has not been tested. Flat; wait for a pullback or a clean rejection setup."
37113,27191,"2026-09-03 10:29:02","",5,wait,"MNQ is in a strong impulsive rally from 29283 to 29525, but 5m RSI 77 and 15m RSI 74 signal overbought extension ~220 pts above EMA50. Price has blasted through S1 reclaim zone (29435-29455) and is approaching 1h supply 29539 without a pullback. S1 long is already extended/chase-zone; S2 short requires a clear wick rejection below 29445.50, which has not printed on the forming 10:25 bar. No high-confidence entry at current levels; waiting for either retrace to reclaimed 29445-29455 or supply rejection confirmation."
37114,27192,"2026-09-03 10:31:06","",5,wait,"Price 29532, just below EQH·1h 29543.50 and Supply 29539.38 after a ~300-point vertical run from 29246. RSI 77 across 3m/5m/15m, overbought. Plan S1 long is stale/consumed; S2 reject requires 29445.50/29455 which is already below and not in play. First touch of 1h EQH + supply is forming, but no rejection evidence yet. Chasing long here gives poor R:R (stop below 29454 is ~78 pts away). Fading a liquidity_break without a confirmed reject violates playbook. Waiting for either a 5m close above 29539.38 to invalidate S2 or a clear wick reject at 29543-29550 for an off-plan short."
37115,27193,"2026-09-03 10:33:14","",5,wait,"MNQ has rallied parabolically to 29530.50, testing EQH·1h 29543.50 after a first-touch wick reject, while holding above EQL·1h 29526.50. RSI is overbought across 3m/5m/15m/1h (76-78). Day-plan S1 confirm is stale/expired, and S2 fade requires a touch below 29445.50 — not triggered here. Chasing the long into 1h liquidity_break resistance has poor R:R, while fading a liquidity_break level blindly violates the playbook. Need a confirmed 5m break/reclaim of 29543.50 or a clear rejection/retrace setup before entry. No high-confidence setup now."
37116,27194,"2026-09-03 10:35:23",stale_dodge,5,wait,"Price at 29527.75 has blown through the entire S1 plan chain — EQL·15m 29435.75, EQH·15m 29445.50, and EQL·1h 29455.00 are all consumed. S1 confirm was met long ago, but chasing a long here at +92 points past the trigger with RSI 76.5 across 3m/5m/15m and price +340 vs VWAP offers terrible R:R. The nearest upside reference is Supply·1h at 29539.38 (~12 pts away), which cannot support a 2:1 trade with a sane 15-50pt stop. A short requires a rejection at EQH·1h 29543.50 or a 5m close above 29539.38 to invalidate — neither has occurred; the fresh 1st-touch at EQL·1h 29526.50 is still forming and has not produced clear reject evidence. Per the ARMED PATH note, the retrace arm should be left live rather than me waiting for a cleaner touch or chasing. Overbought extension plus no authored short scenario at current structure means no high-confidence edge; discipline says wait for a retrace or a clean reject."
37117,27195,"2026-09-03 10:37:02","",5,wait,"Price 29528 at 1h liquidity — swept EQH·1h 29543.50 (high 29543.75) and now pulling back at EQL·1h 29526.50 (1st touch). RSI overbought across all TFs (3m 75.3, 5m 76.6, 15m 74.3, 1h 73.3) after a parabolic leg from 29246. Plan is stale: S1 confirm MET but expired (price 29533 vs 29435.75 context), S2 not touched and its invalid (5m close above 29539.38) effectively gated by the 29543 sweep. Long levels all far below (29435/29445/29455) — no clean entry, chasing overbought parabolic into liquidity is low quality. Shorting the sweep is off-plan and counter to 15m/1h uptrend with no authored scenario at this level. Discipline: no chase, wait for retrace to plan levels or a fresh authored setup."
37118,27196,"2026-09-03 10:39:11","",5,wait,"Price is extended +327 pts vs VWAP and RSI is overbought across 5m/15m/1h (73/72/73). It has run into fresh HTF liquidity at EQL·1h 29526.50 and EQH·1h 29543.50 with today's high 29543.75. A long here would chase into resistance with poor R:R, while a short fade needs a clear 5m rejection close below ~29513, not yet confirmed. S1 confirm was met but the original reclaim level is far below; S2 reject trigger at 29445.50/29455.00 was not touched. No high-confidence entry; wait for pullback/reclaim evidence or a confirmed rejection."
37119,27197,"2026-09-03 10:40:56","",5,wait,"Price is extended ~320 points above VWAP with RSI-5m overbought at 72.8. S1 reclaim is technically confirmed, but entry trigger 29435.75 is ~78 points below current price — chasing here gives poor R:R with overhead liquidity at 29526.50/29543.50 just 12-29 points away. Any long stop needs ~38+ points, while realistic targets fail the 2.0 R:R gate. No valid short: S2 requires a wick reject back below 29445.50, which hasn't occurred. Best action is to wait for a pullback toward 29474/29455 or a clear acceptance above 29543.50 before committing."
37120,27198,"2026-09-03 10:42:52","",5,wait,"Price 29511.50 sits just under the EQL·1h 29526.50 and EQH·1h 29543.50 liquidity stack. RSI is overbought across 5m (72.7), 15m (72.0), and 1h (72.6), with price ~320 pts above VWAP and ~123 pts above VWAP+2σ — extension is extreme.  S1 confirm (5m close >29435.75) is MET, but both S1 targets (29445.50 / 29455.00) have already been exceeded. Chasing S1 here is late; reward would be squeezing into ±15 pts of liquidity with no fresh acceptance evidence above the high.  S2 reject short hasn't triggered: EQH·1h (29543.50) was touched at 10:30 (high 29543.75), but no clear wick reject back below it yet — price is consolidating 29502–29544, not resolving.  Plan bias is long, but all long entries are played out and short requires a confirmed rejection. Given 7 of last 10 trades were losers, I will not force a fade into an overbought but still-trending tape without a confirmed rejection signal. Waiting for a 5m rejection near 29526–29543 with a close back under 29500, or a pull back to VWAP+2σ (29477) for a higher-quality re-entry."
37121,27199,"2026-09-03 10:45:45",stale_dodge,5,wait,"Price is 29508.25 after a nearly 300-point vertical rally into resistance at 29543.75 (SWG-H 5m) and 29526.50 (EQL 1h). S1 confirm is technically met, but its target chain (29445.50/29455.00) has already been exceeded and price is now extended above those levels. RSI is overbought across 5m/15m/1h, and the 3m/5m bars are forming lower highs below 29543.75, showing early exhaustion. Chasing long here offers poor R:R with immediate overhead supply and no fresh plan target. No confirmed breakout above 29543.75 yet and no pullback to the 29455/29435/29406 re-entry zone. A short fade is not authorized by any plan scenario at these levels. Leaving the plan retrace arm live and waiting for either a reclaim-breakout above 29543.75 or a supported pullback is the disciplined choice."
37122,27200,"2026-09-03 10:46:52","",5,wait,"Price 29515 is extremely extended: +322 pts above VWAP, RSI overbought across 5m (72), 15m (72), 1h (73). Trend is up (BOS-up 15m), but the move has run ~250 pts from session lows without meaningful pullback. Plan S1 is already consumed (5m close above 29435.75 confirmed), and S2 short fade required a reject below 29445.50 — price is far above that now with no rejection signal. Next resistance sits at 29526.50 EQL·1h (+12) and 29543.75 SWG-H (prior swing high, tested twice at 10:27/10:35 — potential local double top). Chasing a long here at overbought extremes with R:R unfavorable (stop would need ~15-50 pts below, but nearest support is VWAP+2σ at 29482, -32) is low-quality. No clean entry: not a fresh reclaim, no wick reject for a fade, and no breakdown thesis. Discipline from recent loss streak says wait for either a pullback to 29482/29455 for a long re-entry, or a confirmed 5m close rejection at the 29543.75 highs for a short. Staying flat."
37123,27201,"2026-09-03 10:49:14","",5,wait,"Flat. Price is extended +317 vs VWAP and RSI14 is overbought across 5m/15m/1h (72/72/73). S1 reclaim long already triggered at 29435.75 and price has run well beyond the plan's 29445.50/29455.00 targets, so chasing here is low quality. Price is also pressing SWG-H 29543.75 and EQL·1h 29526.50 resistance with no clear pullback or reclaim setup yet. No valid plan scenario for the current rejection area; no high-confidence entry ≥60. Waiting for a pullback toward VWAP+2σ 29484 or a confirmed reclaim above resistance."
37124,27202,"2026-09-03 10:51:09","",6,wait,"Price is consolidating just below 29517.00 EQH·15m. S1 requires a 5m close above 29517.00 — not yet confirmed. A long here would be chasing ahead of confirmation. S3 supply fade at 29543.75 has already rejected once, but price is now 31 points below the trigger; entering here degrades R:R and violates first-touch reaction entry standards. RSI is elevated (5m 71.8, 1h 72.7) but uptrend structure remains intact. Await either a confirmed 5m close above 29517.00 for S1 long or a retest/stall at 29543.75 for S3 short. No high-confidence setup right now."
37125,27203,"2026-09-03 10:53:25","",6,wait,"Price 29528.50 sits mid-zone between 29502.88 (flip trigger) and 29543.75 (rejected high). S1 confirm is MET (5m close above 29517), but actual entry here is poor: first target 29526.50 is already at/below entry, leaving only the 29619.50 stretch runner — which requires a clean breakout above 29543.75/29539.38 Supply·1h that already rejected price at 10:30 with a long upper wick on the 15m (close 29506). RSI is overbought across 5m (73.5), 15m (72.5), and 1h (73.3). Price is +329 pts above VWAP with a -142 pt mean-revert magnet at VWAP+1σ. 3m volume collapses into the push (27518 → 5215), showing exhaustion. R:R at current entry is sub-2:1 unless chasing the stretch. Discipline: wait for a retrace to 29517/29481 with rejection evidence, or a clean 5m close above 29543.75 to re-enter long; otherwise the chop zone is a trap. No panic — respect the losing-streak context and don't force a trade."
37126,27204,"2026-09-03 10:55:31",stale_dodge,6,wait,"Price is 29527.75, near the 29543.75 SWG-H·5m / Supply·1h confluence cap. S1 reclaim confirm is MET but entry is now extended: 5m RSI 73.4, 15m RSI 72.4, 1h RSI 73.3 — overbought conditions against immediate resistance. Chasing the long here would put stop below 29502.25 (~-25.5 pts) with only ~16 pts to the first supply cap, violating our 2R minimum unless targeting the far 29619.50 stretch runner, which requires a clean break of 29543.75 first.  The better plan is to leave the retrace arm live: wait for S2 first-touch long at 29481.05 VWAP+2σ, or for S3 to set up on a fresh retest/rejection at 29543.75. No high-confidence entry right now."
37127,27205,"2026-09-03 10:56:52","",6,wait,"Price 29524 sits mid-range between SWG-L 29502.25 and SWG-H 29543.75 after a strong one-way rally, now consolidating. RSI 72 on both 3m/5m = overbought and vulnerable. Plan S1 reclaim long is CONSUMED — price already closed above 29517 and is extended; chasing now violates entry standards. S2 (29481.05 VWAP+2σ reject long) has not been touched yet — no trigger. S3 (29543.75 fade short) confirm not met and first-touch rejection already played out without entry; re-entering mid-range without a fresh touch is chasing. Personalized rule: avoid trading inside a sideways zone. No high-confidence directional setup; holding discipline and waiting for either a clean pullback to 29481.05 or a fresh rejection at 29543.75."
37128,27206,"2026-09-03 10:58:59","",6,wait,"Flat and no high-quality entry. S1 confirm is technically met via 5m closes above 29517.00, but price is now extended at 29530 near the 29543.75 SWG-H·5m supply and 29539.38 Supply·1h confluence. The 5m RSI is 73.7 and 1h RSI 73.3, overbought; chasing the reclaim here offers poor reward/risk and immediate rejection risk. S2 support at 29481.05 has not been touched since plan birth, so no pullback entry is armed for a direct reacting long yet. No downside breakdown or clear retrace signal. After recent consecutive losses, discipline favors waiting for a pullback toward 29481.05 or a confirmed breakout above the 29543.75 supply before re-engaging."
37129,27207,"2026-09-03 11:01:15","",6,wait,"Price is 29529.00, just below the 29543.75 SWG-H·5m resistance. RSI-14 at 71.9 (overbought), extended ~343 pts above VWAP. S1 confirm (5m close above 29517) is MET, but price has already run to 29539.75 and rejected once before pulling back to 29502.25. Entering long now would be chasing — nearest meaningful target 29543.75 is only ~15 pts away, yielding R:R < 1.0 if stop at 29502.88 invalidation. The 29619.50 stretch cap makes R:R viable only with a runner that requires a breakout above the supply confluence.  S3 confirm NOT MET (no 29543.75 touch since plan birth). Price is approaching for a retest; a rejection at 29543.75/29539.38 Supply·1h would trigger S3 with solid R:R (entry ~29540, stop above 29555, targets 29502.88/29481.05). But that touch/reject has not yet happened.  No high-confidence entry right now. Waiting for either a clean 5m close above 29543.75 (long continuation) or a confirmed rejection at that level (S3 short). Overtrading has been a problem in recent history — 10 trades with 8 losses. Discipline requires waiting for the setup to fully form."
37130,27208,"2026-09-03 11:02:53","",6,wait,"Price is pinned in the 29502.25–29543.75 sideways zone just below the S3 supply confluence. All timeframes are trending up but RSI is overbought (5m 72.6, 15m 72.0, 1h 72.9), and price is stretched well above VWAP/EMA. Chasing a long here into 29543.75 has poor R:R and violates the “no trade inside sideways zone” rule. The S3 reject short is not confirmed yet — the level has not shown a clean touch-and-reject or 1m_mss lower. Waiting for either a confirmed rejection at 29543.75 or a decisive 5m close above it before acting."
37131,27209,"2026-09-03 11:05:40",stale_dodge,6,wait,"Flat, price 29513.75 mid-range between 29502.25 SWG-L support and 29543.75 SWG-H supply. No clean trigger fires:  - S1 reclaim long needs a fresh 5m close above 29517.00 — last close 29513.75, not met; the level is already CONSUMED (flipped both directions). The prior closes above (10:50–10:55) marked the apex before rejection. - S2 reject long at VWAP+2σ 29481.05 — not touched; price is 30+ pts above. - S3 reject short at 29543.75 — that supply test happened pre-plan-birth; no re-test since, and chasing a 30-pt move lower into support 29502.25 is poor R:R.  Structure is up (15m BOS @11:00, HL 29502.25), but 3m/5m RSI is rolling over from 78→64 with three failed pushes into 29539–29543 — momentum exhaustion at a supply confluence. Price is oscillating sideways in a ~40-pt box; personalized rule says no trade inside sideways chop. Given 9 of last 10 trades were losses (likely overtrading), discipline favors waiting for a real level touch: a 5m close reclaim above 29517, a pullback to 29481 for the S2 long, or a clean re-test of 29543 for the fade. Confidence below 60."
37132,27210,"2026-09-03 11:07:16","",6,wait,"Price 29505.25 is mid-pullback after a strong rally into the 29539–29543 supply confluence (SWG-H·5m + Supply·1h). Three touches at 29543.75/29539.5 rejected. 3m and 5m bars now printing lower closes, RSI5m cooling from overbought (78→65), volume drying. S1's reclaim trigger needs a fresh 5m close above 29517 — not present; the prior confirm was consumed and price slipped back below. S2's VWAP+2σ arm at 29481.05 remains untested. Buying here would be catching a falling knife without 1m_mss or structural reversal evidence. The flip trigger 29502.88 sits only ~2.4 points below, so any long stop also straddles the bias-flip line. Prefer to let the live S2 retrace arm work or await a confirmed 5m close above 29517. No high-confidence setup; discipline over frequency."
37133,27211,"2026-09-03 11:10:52","",6,wait,"Flat, no current bar data shown to confirm any plan trigger. Long-bias plan requires S1 (5m close > 29517.00) or S2 (reject at 29481.05). Without confirmed price prints, no high-confidence entry. Recent two losses today and PF below 1 — discipline: wait for a verified trigger, not forced entries. No confirmed scenario yet."
37134,27212,"2026-09-03 11:13:07","",6,wait,"Price 29508.50, flat. After a strong 290-point run from 29101 lows to 29543.75 highs, MNQ is now in a tight consolidation 29502–29543. 3m RSI has cooled from 78 to 61; 5m prints lower highs since the 10:55/11:00 double test of 29539.50–29543.75 failed to break. The 5m HL at 29502.25 is holding so far, and price sits right at VWAP+2σ (29507.60).  Plan state: S1 reclaim (5m close above 29517) was confirmed earlier, but price has since slid back below 29517 into the range. Re-entering S1 now would chase a stale trigger. S3 fade at 29543.75 has already consumed two rejections — no fresh first-touch edge. S2 pullback long at 29481.05 VWAP+2σ has NOT been touched; that is the only clean arm remaining. Entering mid-range around 29508 with mixed RSI and no fresh trigger violates my sideways-zone discipline and would be low quality (confidence < 60).  I'll wait for either a 5m close above 29517 with momentum for S1 re-entry, or a first-touch reject at 29481.05 for the S2 long. No trade forced here."
37135,27213,"2026-09-03 11:15:35",stale_dodge,6,wait,"Flat. S1 confirm is MET (5m close above 29517), but the reclaim already played out: price rallied to 29543.75 and has since pulled back into a tight 29502–29544 range. Current 29518.50 sits mid-range, no fresh trigger. RSI 1h 71.5 overbought, price ~320 pts above VWAP — extension risk. 3m/5m volume shrinking, consolidation forming.  Entering now would be chasing a spent move, violating the no trade inside sideways zone rule. A cleaner long requires either a retrace toward 29502.25 support / 29481.05 VWAP+2σ (S2 arm) with a rejection, or a fresh 5m close above 29543.75 with displacement. Neither present. Stop distance would be tight (~15 pts to 29502.88) with a 2R target needing ~29550 — above the 29543.75 supply cap, compressing R:R. Confidence below 60. Wait."
37136,27214,"2026-09-03 11:17:40","",6,wait,"Flat. MNQ is coiling under the 29539.50/29543.75 double top; price 29513 is below the 29517 EQH reclaim trigger, and recent 5m closes show lower highs. VWAP+2σ at 29510.22 is too close and not yet validated by a rejection close or 1m MSS. RSI momentum has faded with bearish divergence. This is sideways chop, not a high-confidence A-grade setup; forcing a trade here risks another stop-out. Waiting for a 5m close above 29517 (S1 continuation), a first-touch reject at 29481.05 (S2), or a retest fade at 29543.75 (S3)."
37137,27215,"2026-09-03 11:19:19","",6,wait,"Price is mid-range within the 29502.25–29543.75 consolidation, not at a reaction edge. S1’s 5m close above 29517 technically confirms, but entry here lacks fresh momentum: multiple tests of 29543.75 failed, volume is declining, and 5m/15m/1h RSI are elevated (68–72). Long into mid-range has poor R:R to the nearest target and forced extension to 29584+ for a valid 2:1. Better to wait for either a genuine momentum break above 29543.75 with retest, or a first-touch setup at S2’s 29481.05 or S3’s 29543.75 per the plan. No high-confidence trade now; avoid forcing inside the sideways zone."
37138,27216,"2026-09-03 11:21:23","",6,wait,"S1 confirm is MET (5m closed above 29517), but entry now chases after a 440-pt run into a ~50-min coil (29502–29543) directly under the 29539.38/29543.75 supply cap. Risk to flip trigger 29502.88 ≈ 25 pts vs only ~20 pts to the first cap — poor R:R and a sideways-zone entry the strategy forbids. RSI 68–70 across 5m/15m/1h with dry volume = extension, not conviction. Better triggers: S2 pullback to 29481.05 for a reject long, a 5m close above 29543.75 for continuation, or an S3 first-touch rejection at the cap. Waiting for one of those; not forcing."
37139,27217,"2026-09-03 11:23:21","",6,wait,"S1 reclaim confirm is technically met, but price is now compressed in a 29502–29543 sideways range with declining volume and RSI cooling from overbought. Entering long here at 29517.50 would require a stop below 29502.25 (risk ~15 points) against only ~26 points to the SWG-H 29543.75 target — R:R under 2.0. A deeper stop to satisfy R:R chases a far target into supply. No high-quality setup on this bar; respecting the sideways-zone rule means waiting for either a clean 5m close above 29543.75 or a retest of 29481.05 VWAP+2σ with rejection."
37140,27218,"2026-09-03 11:25:31",stale_dodge,6,wait,"Flat. Price 29501.25 after a 5m CHoCH-down at 11:25, sitting on first-touch SWG-L 29502.25 support. One 5m close is already below the 29502.88 flip trigger; a second close below would flip bias short. S1 reclaim is consumed and price is back below 29517; S2 VWAP+2σ 29481.05 has not been touched; S3 short at 29543.75 is not nearby. No high-confidence setup now. Wait for either a 5m close reclaim above 29517 or a first-touch rejection at 29481.05."
37141,27219,"2026-09-03 11:27:01","",6,wait,"Price 29497.25, pulling back from 29543.75 high with a fresh 5m CHoCH-down at 11:25 CT that broke the 10:45 HL (29502.25). This short-term bearish shift puts price below the 29502.88 flip trigger — one 5m close already below (11:20 close 29501.50), and the current bar threatens a second, which would flip session bias to short. No clean long entry exists here: S2 (VWAP+2σ 29481.05 touch/reject long) is NOT MET — price hasn't touched the level yet. Entering a falling knife before the support shows rejection violates discipline. Waiting for either the 29481.05 touch-and-reaction (S2 arm) or a confirmed 5m close below to void the long plan is the correct path. RSI cooling (3m 54, 5m 61) supports patience; no high-confidence confluence for an open right now."
37142,27220,"2026-09-03 11:29:09","",7,wait,"Price is breaking below 29502.25 (SWG-L·5m) and has printed a 5m close below 29512.29, flipping intraday bias short. A lower-high breakdown appears to be forming, but the day plan has no authored breakdown scenario for this move — `no breakdown scenario authored`.  Chasing a short here would be low-quality: price is already 2.75 points below SWG-L, volume is not showing displacement, and 15m RSI remains elevated. The plan’s S3 reject short required a retest of 29543.75, which has not occurred. Waiting for either a retest of 29502.25/29512.29 or a confirmed 15m close below 29502.25 keeps risk controlled."
37143,27221,"2026-09-03 11:31:39","",7,wait,"Plan voided: 2x5m closes below 29502.25 (11:20 close 29501.50, 11:25 close 29496.50). Bias flipped short per plan rule but plan itself is dead. Price sits below SWG-L·5m testing its underside (current 3m high 29501.50). However the break lacks displacement — low 29489.25 is only ~13pt below level vs 5m ATR 30.4 — with declining volume on the drop (10.1k→5.9k→1.4k). HTF still bullish: 1h BOS-up at 11:00, 15m HH 29543.75, 5m/15m/1h RSI all >60. No reclaim confirmation and no strong breakdown momentum. The only short thesis (break of 29502.25) has no matching DAY PLAN scenario — no breakdown scenario authored — and chasing weak displacement into a bullish HTF would be low-confidence. A reclaim of 29502.25 (5m close back above) could revive a long, but that confirmation is absent. Wait."
37144,27222,"2026-09-03 11:33:45","",7,wait,"Plan voided: two consecutive 5m closes below 29502.25 (SWG-L) already occurred, flipping bias short, but price is now mid-breakdown near 29484.50 minor support inside a narrow 3m range. Chasing here after a 55-point drop from the 1h supply rejection has poor location; RSI 3m is already back to ~50 and volume is fading. Prefer a retest of 29502.25 as resistance or a 5m close below 29484.50 with volume before considering an off-plan short toward VWAP+1σ 29397. Confidence currently below 60 for opening at this price."
37145,27223,"2026-09-03 11:36:24",stale_dodge,7,wait,"Plan has voided: two 5m closes below 29502.25 confirmed, flipping bias short per DAY PLAN, but no active scenario remains. Price is consolidating near 29484.50–29501.50 after a sharp drop, still above 5m/15m/1h EMAs, and 5m structure is ranging. HTF uptrend remains intact, so a counter-trend short here would be chasing lows inside a sideways band. Better to wait for either a retest/rejection at broken 29502.25–29512.29 or a confirmed 5m close below 29484.50 before risking capital."
37146,27224,"2026-09-03 11:36:56","",7,wait,"Price is pulling back from the 29543.75 high into a 5m ranging structure (LH 29529.25). All plan confirmations remain unmet: S1 needs a 15m close above 29543.75, S2 needs a 5m close above 29512.29, and S3 needs a retest of the 1h supply band. Price currently sits below the VWAP+2σ touch zone and is not giving a high-confidence trigger. Medium bias is long, but chasing a bounce here without a confirmed reclaim or breakout would be low-quality. Waiting for S2’s 5m close above 29512.29 or a clean S1 retest is the disciplined choice."
37147,27225,"2026-09-03 11:39:01","",7,wait,"Price 29506, bouncing off 29482.50 low. The long plan is voided: 5m closes 29501.50 (11:20), 29496.50 (11:25), 29489.25 (11:30) are 3 consecutive closes below SWG-L·5m 29502.25 — the plan's kill-switch (2x5m close below) is triggered. Bias flip also fired (5m close below 29512.29). S2 reclaim confirm NOT met; S3 short needs a 29543.75 retest that hasn't occurred. 5m structure is RANGING with LH 29529.25; current bounce is inside a sideways zone per personalized rule. No confirmed scenario, no breakdown scenario authored. 10 recent trades with 8 losses argues for selectivity. Waiting for either a clean reclaim above 29512.29 or a fresh plan; do not chase the bounce."
37148,27226,"2026-09-03 11:41:25","",7,wait,"Flat. MNQ is extended above VWAP+2σ and 1h/15m RSI is overbought. The 5m is ranging with lower highs under 29529.25/29543.75 resistance. S2 reclaim already triggered earlier, but the current retest at 29520.5 offers poor R:R against an ATR-based stop — a 45-pt stop would require a target beyond the nearest plan target (29567) for 2R. S1 breakout above 29543.75 is not confirmed, and S3 rejection hasn't touched. No high-confidence entry; wait for either a 15m close above 29543.75 or a pullback hold near 29502-29512 with displacement."
37149,27227,"2026-09-03 11:43:53","",7,wait,"Price is 29532.75 inside the 5m range 29502.25–29543.75. The ideal S2 reclaim entry near VWAP+2σ has already passed; entering now would chase above 29529/29543 supply while 1h RSI is 73 and 15m RSI is 69. No 15m close above 29543.75 for S1, and no confirmed rejection at 29543.75 for S3. Sideways zone and overbought conditions argue for patience. Wait for either a breakout-retest above 29543.75 or a clear rejection to short."
37150,27228,"2026-09-03 11:45:36",stale_dodge,7,wait,"S2 reclaim confirm is technically met, but price is already at the first plan target 29529.50 and approaching SWG-H 29543.75 / 1h supply. A fresh long here would need a stop below 29502.25 (~27 pts risk) while immediate plan targets offer only ~14–38 pts, failing the 2R minimum. 5m structure is ranging after a sweep-up, with no fresh 15m close above 29543.75 to trigger S1 and no confirmed rejection for S3. Waiting for a breakout-close/pullback or a clean stall is the disciplined choice."
37151,27229,"2026-09-03 11:48:35","",7,wait,<decision>
37152,27230,"2026-09-03 11:49:24","",7,wait,"Price is 29528.25, essentially at SWG-H·5m 29529.25 after a sweep, but the 5m structure is ranging and the recent bounce from 29482.5 has already reached the S2 reclaim first target. Entering long here would be chasing: stop below the 29482.5 low would require a ~45-point risk, pushing a 2R target to ~29620, which is distant and lacks immediate confirmation. S1 needs a 15m close above 29543.75 — not yet printed. S3 is a rejection short at 29543.75 into the 1h supply band, but price has not reached that level and shorting a 15m/1h uptrend at minor resistance is low confidence. RSI is overbought across 5m/15m/1h, but no high-quality reversal trigger is present. Waiting for either a confirmed 15m breakout above 29543.75 or a fresh pullback to VWAP+2σ with a reclaim is the disciplined choice."
37153,27231,"2026-09-03 11:51:25","",7,wait,"Plan voided: 2x5m closes below 29502.25 (11:20/11:25/11:30) killed the long structure. S1 and S3 not confirmed. Price bounced from 29482.50 but is now back at resistance zone (VWAP+2σ 29531.39, SWG-H 29543.75) after a failed break above. 15m/1h RSI elevated, 5m recovering. This is a sideways consolidation between 29482 and 29543.75; no high-confidence off-plan setup. Avoid chasing the bounce."
37154,27232,"2026-09-03 11:53:21","",7,wait,"S2 reclaim long technically confirmed by 5m closes above 29512.29, but price has already extended ~50 points off the 29482.50 low and is now pressing the VWAP+2σ react zone (29529–29532). Buying current 29520 would chase after displacement and force a distant take-profit to satisfy R:R, with stop below 29502.25. Sideways chop between 29482.50 and 29543.75 further reduces edge. Prefer waiting for either a shallow pullback into 29512.29 or a confirmed 5m breakout above 29543.75."
37155,27233,"2026-09-03 11:56:01",stale_dodge,7,wait,"S2 reclaim trigger technically fired on the 11:35 5m close above 29512.29, but price now sits at 29520 below the 29529.25/29533.49 resistance cluster and under the 29543.75 supply. 5m structure is ranging and short-term RSI is not at an extreme, so chasing here gives poor R:R with nearby resistance. A better long entry would be a pullback into 29512-29513 with a stop below 29482.50, or a clean 15m close above 29543.75 for the S1 breakout-retest. Conversely, a stall/rejection at 29539-29543.75 could produce the S3 short, but it is not confirmed yet. Await a higher-quality trigger."
37156,27234,"2026-09-03 11:57:21","",7,wait,"Price is just under 29529.25 SWG-H and 29533.93 VWAP+2σ, inside a 5m range after rebounding from 29482.5. S2 reclaim trigger has technically fired, but entering long here chases into first-touch resistance with only ~1.9R unless TP is pushed beyond the next supply cluster. A better long would be a retest of 29512.29–29502.25 support, or a 15m close above 29543.75 for S1. No high-confidence entry now."
37157,27235,"2026-09-03 11:59:19","",7,wait,"Price at 29537.25 is pressed against overlapping resistance: SWG-H·5m 29535.00/29543.75 and 1h supply 29539.38. The last 3m/5m bar popped to 29548 but has pulled back and has not closed above 29543.75, so S1 breakout retest is not confirmed. S3 rejection short is also unconfirmed without a clear stall/close back below the supply band. Opposing plan confirms are MET, creating structural ambiguity. The 5m structure is ranging and risk/reward from current price is poor without a confirmed break or rejection. Wait for the 12:00 CT close to judge acceptance above 29543.75 or a decisive rejection below 29539.38."
37158,27236,"2026-09-03 12:00:59","",7,wait,"Price 29527 chops inside a narrow range just below the consumed SWG-H·5m 29529.25 react_zone. Plan status shows all three scenario confirms MET simultaneously — S1 (touch above 29543.75), S2 (5m close above 29512.29), S3 (touch below 29543.75) — flagged as CONFLICT with structural ambiguity, default WAIT. No fresh trigger resolves this.  S1 requires a 15m close above 29543.75; the 15m high printed 29548 but closed 29527.75, so the breakout-retest arm is not eligible. S2 needs a pullback into VWAP+2σ 29512.29 first — price sits above it without the required dip. S3 needs a stall inside the 1h supply band near 29539 on a fresh retest; price is below that zone now, not retesting.  5m structure is RANGING (HH 29535 @11:45), 15m/1h up but price is stretched +319 vs VWAP with 1h RSI 72. ATR(5m) 27 implies stop distances would be wide relative to the tight 29516–29548 chop. No tick-aligned, R:R≥2 setup available at a confidence ≥60. Standing aside is the disciplined choice."
37159,27237,"2026-09-03 12:03:25","",7,wait,"Price 29518.75 is ranging on the 5m between 29482.50 and 29548.00 after rejecting the 29543.75/29539.38 resistance zone. S1, S2, and S3 confirms are all partially MET and conflict — structural ambiguity. No fresh 15m close above 29543.75 for an S1 long, and no valid retest/rejection at 29543.75 for an S3 short. Entering long here would chase an already-consumed S2 reclaim; entering short here would chase an already-failed breakout with poor R:R. 1h/15m trend is up but the 5m is sideways. Waiting for a clean trigger."
37160,27238,"2026-09-03 12:05:25",stale_dodge,7,wait,"Price is consolidating in a tight 5m range around 29508–29548 after a sharp rally. The 15m/1h structure remains up, but 5m is ranging and RSI on 15m/1h is stretched (67–72). Plan status shows conflicting S1/S2/S3 confirmations: S1 requires a 15m close above 29543.75, which has not occurred; S3 wants a stall inside the 1h supply near 29539.38, but price has already pulled back from 29548 without a clean retest trigger. This is structural ambiguity, and personalized rules say avoid sideways zones. No high-confidence directional setup with an absolute tick-aligned stop and 2:1 reward currently exists. Waiting for either a confirmed breakout retest above 29543.75 or a clear rejection below the supply zone is the disciplined choice."
37161,27239,"2026-09-03 12:07:04","",7,wait,"Price sits at VWAP+2σ (29512.29) inside a 5m ranging zone after a sweep-up. Plan status shows CONFLICT: opposing confirms MET, default WAIT unless a fresh trigger appears. S2 reclaim technically had a 5m close above the level earlier, but current forming 5m bar is testing the level without a confirmed close; no clean reclaim or retest signal yet. 15m/1h still up, but near 29529–29543 supply/resistance with 5m momentum fading. No fresh breakout or rejection at the key levels. Avoid trading sideways chop; wait for a decisive 5m close above 29512.29 with hold, or a clear rejection at 29529–29543."
37162,27240,"2026-09-03 12:09:08","",7,wait,"Price 29499.50 is pulling back after the 29548 high. The current 5m close is below both VWAP+2σ (29512.29) and SWG-L 29502.25, but only one close below SWG-L — the plan needs 2x5m closes below to void long structure. The live plan status shows conflicting confirms and structural ambiguity; no fresh S1/S2/S3 trigger is active. 5m RSI cooled from 76 to ~55, not yet oversold, and 15m uptrend is intact. No high-confidence long reclaim or short rejection at a key level right now. Waiting for either a confirmed reclaim above 29512 or a second 5m close below 29502.25 before acting."
37163,27241,"2026-09-03 12:11:00","",7,wait,"Price 29496.50 is below consumed VWAP+2σ and mid-range between SWG boundaries. 5m structure is ranging after pullback from 29548; 15m/1h remain up but no reclaim confirmation. Plan confirms conflict: S1/S3 touches met while S2 requires a 1x5m close back above 29512.29, which has not occurred. No fresh directional trigger; wait."
37164,27242,"2026-09-03 12:13:17","",7,wait,"Price 29496.75 sits below the flipped VWAP+2σ (29512.29) and near SWG-L·5m (29482.50). The S3 rejection short already fired at 29543.75 and pulled back, but we are no longer at the rejection level. S2 reclaim requires a 5m close back above 29512.29, which has not happened. S1 breakout requires a 15m close above 29543.75, which also has not occurred. Live plan explicitly flags structural ambiguity from opposing confirms and says default WAIT unless fresh trigger. No fresh trigger is present. A break below 29482.50 would be a breakdown continuation, but no breakdown scenario authored. Given recent losses and the need for high-confidence setups, standing aside is correct."
37165,27243,"2026-09-03 12:15:21",stale_dodge,0,wait,"Flat, no active position. Plan is dormant: two 5m closes below 29502.25 (12:05 and 12:10) triggered the entry-refusal condition. Per C6, no new entries are allowed until price closes back on the valid side, so I cannot open even if a setup appears. Price is 29492.75, below the key 29482.50–29502.25 reaction zone, with 5m structure ranging. No breakdown scenario authored — but entries are refused regardless this cycle. Staying flat and waiting for plan re-arm or a valid position management context."
37166,27244,"2026-09-03 12:16:42","",0,wait,"No active trade plan and C6 rule is active: entries are refused until 2×5m closes back above 29502.25. Price is 29493.25, below the invalidated threshold, and no position is open. No management action required. Waiting for plan reactivation or a valid new plan signal."
37167,27245,"2026-09-03 12:18:44","",0,wait,"No active plan is available this cycle — entries are refused under C6 until price closes back on the valid side of the dormant plan. The 5m structure is ranging after a 15m sweep-up, and there is no open position to manage. Waiting is the correct action. No new trade will be proposed while the plan remains dormant."
37168,27246,"2026-09-03 12:20:43","",0,wait,"No active plan is armed (plan dormant per death-condition). Entries are refused this cycle by rule C6. Current position is flat and price is absorbing near the SWG-L 29482.50 with weak momentum, but I will not propose any new entry while the plan remains dormant. Waiting for price to close back on the valid side and for a fresh confirmed setup with confluence before considering an open."
37169,27247,"2026-09-03 12:22:44","",0,wait,"Flat, no active plan — entries refused this cycle. Plan dormant after two 5m closes below 29502.25. Price is 29479.25, now below that threshold and testing SWG-L·5m 29482.50. This is position-management-only state, so no new long or short may be proposed. Recent record shows multiple small losses and overtrading; waiting is correct."
