id,seated,score,grade,cut_reason,score_components,plan_id,plan_version
1,1,1.36,A,,{},2026-09-03:ASIA:8d5c8af5_8ef641a7-815c-4bb5-9798-b070b67d7998_deepseek_1781246265,5
2,1,1.4784000000000002,A,,{},2026-09-03:ASIA:8d5c8af5_8ef641a7-815c-4bb5-9798-b070b67d7998_deepseek_1781246265,5
3,1,1.3728,A,,{},2026-09-03:ASIA:8d5c8af5_8ef641a7-815c-4bb5-9798-b070b67d7998_deepseek_1781246265,5
4,1,1.92,A,,{},2026-09-03:ASIA:8d5c8af5_8ef641a7-815c-4bb5-9798-b070b67d7998_deepseek_1781246265,5
5,1,1.36,A,,{},2026-09-03:ASIA:8d5c8af5_8ef641a7-815c-4bb5-9798-b070b67d7998_deepseek_1781246265,5
6,1,1.92,A,,{},2026-09-03:ASIA:8d5c8af5_8ef641a7-815c-4bb5-9798-b070b67d7998_deepseek_1781246265,5
7,1,1.2800000000000002,A,,{},2026-09-03:ASIA:8d5c8af5_8ef641a7-815c-4bb5-9798-b070b67d7998_deepseek_1781246265,5
8,1,1.36,A,,{},2026-09-03:ASIA:8d5c8af5_8ef641a7-815c-4bb5-9798-b070b67d7998_deepseek_1781246265,5
9,1,1.36,A,,{},2026-09-03:ASIA:8d5c8af5_8ef641a7-815c-4bb5-9798-b070b67d7998_deepseek_1781246265,5
10,0,0.0,,"max_levels: 12 seated, cap 12",{},2026-09-03:ASIA:8d5c8af5_8ef641a7-815c-4bb5-9798-b070b67d7998_deepseek_1781246265,5
11,0,0.0,,"max_levels: 12 seated, cap 12",{},2026-09-03:ASIA:8d5c8af5_8ef641a7-815c-4bb5-9798-b070b67d7998_deepseek_1781246265,5
12,1,1.4400000000000002,A,,{},2026-09-03:ASIA:8d5c8af5_8ef641a7-815c-4bb5-9798-b070b67d7998_deepseek_1781246265,5
13,1,1.6800000000000002,A,,{},2026-09-03:ASIA:8d5c8af5_8ef641a7-815c-4bb5-9798-b070b67d7998_deepseek_1781246265,5
14,0,0.0,,"max_levels: 12 seated, cap 12",{},2026-09-03:ASIA:8d5c8af5_8ef641a7-815c-4bb5-9798-b070b67d7998_deepseek_1781246265,5
15,0,0.0,,"max_levels: 12 seated, cap 12",{},2026-09-03:ASIA:8d5c8af5_8ef641a7-815c-4bb5-9798-b070b67d7998_deepseek_1781246265,5
16,1,1.36,A,,{},2026-09-03:ASIA:8d5c8af5_8ef641a7-815c-4bb5-9798-b070b67d7998_deepseek_1781246265,5
17,0,0.0,,"max_levels: 12 seated, cap 12",{},2026-09-03:ASIA:8d5c8af5_8ef641a7-815c-4bb5-9798-b070b67d7998_deepseek_1781246265,5
18,0,0.0,,"max_levels: 12 seated, cap 12",{},2026-09-03:ASIA:8d5c8af5_8ef641a7-815c-4bb5-9798-b070b67d7998_deepseek_1781246265,5
19,0,0.0,,"max_levels: 12 seated, cap 12",{},2026-09-03:ASIA:8d5c8af5_8ef641a7-815c-4bb5-9798-b070b67d7998_deepseek_1781246265,5
20,0,0.0,,"max_levels: 12 seated, cap 12",{},2026-09-03:ASIA:8d5c8af5_8ef641a7-815c-4bb5-9798-b070b67d7998_deepseek_1781246265,5
21,0,0.0,,"max_levels: 12 seated, cap 12",{},2026-09-03:ASIA:8d5c8af5_8ef641a7-815c-4bb5-9798-b070b67d7998_deepseek_1781246265,5
22,0,0.0,,"max_levels: 12 seated, cap 12",{},2026-09-03:ASIA:8d5c8af5_8ef641a7-815c-4bb5-9798-b070b67d7998_deepseek_1781246265,5
23,0,0.0,,"max_levels: 12 seated, cap 12",{},2026-09-03:ASIA:8d5c8af5_8ef641a7-815c-4bb5-9798-b070b67d7998_deepseek_1781246265,5
24,0,0.0,,"max_levels: 12 seated, cap 12",{},2026-09-03:ASIA:8d5c8af5_8ef641a7-815c-4bb5-9798-b070b67d7998_deepseek_1781246265,5
25,1,1.36,A,,{},2026-09-03:ASIA:8d5c8af5_8ef641a7-815c-4bb5-9798-b070b67d7998_deepseek_1781246265,6
26,0,0.0,,"max_levels: 12 seated, cap 12",{},2026-09-03:ASIA:8d5c8af5_8ef641a7-815c-4bb5-9798-b070b67d7998_deepseek_1781246265,6
27,1,1.36,A,,{},2026-09-03:ASIA:8d5c8af5_8ef641a7-815c-4bb5-9798-b070b67d7998_deepseek_1781246265,6
28,1,1.3439999999999999,A,,{},2026-09-03:ASIA:8d5c8af5_8ef641a7-815c-4bb5-9798-b070b67d7998_deepseek_1781246265,6
29,1,0.96,B,,{},2026-09-03:ASIA:8d5c8af5_8ef641a7-815c-4bb5-9798-b070b67d7998_deepseek_1781246265,6
30,1,1.92,A,,{},2026-09-03:ASIA:8d5c8af5_8ef641a7-815c-4bb5-9798-b070b67d7998_deepseek_1781246265,6
31,1,1.36,A,,{},2026-09-03:ASIA:8d5c8af5_8ef641a7-815c-4bb5-9798-b070b67d7998_deepseek_1781246265,6
32,1,0.8,B,,{},2026-09-03:ASIA:8d5c8af5_8ef641a7-815c-4bb5-9798-b070b67d7998_deepseek_1781246265,6
33,1,1.36,A,,{},2026-09-03:ASIA:8d5c8af5_8ef641a7-815c-4bb5-9798-b070b67d7998_deepseek_1781246265,6
34,1,1.4400000000000002,A,,{},2026-09-03:ASIA:8d5c8af5_8ef641a7-815c-4bb5-9798-b070b67d7998_deepseek_1781246265,6
35,1,1.36,A,,{},2026-09-03:ASIA:8d5c8af5_8ef641a7-815c-4bb5-9798-b070b67d7998_deepseek_1781246265,6
36,0,0.0,,"max_levels: 12 seated, cap 12",{},2026-09-03:ASIA:8d5c8af5_8ef641a7-815c-4bb5-9798-b070b67d7998_deepseek_1781246265,6
37,1,1.36,A,,{},2026-09-03:ASIA:8d5c8af5_8ef641a7-815c-4bb5-9798-b070b67d7998_deepseek_1781246265,6
38,0,0.0,,"max_levels: 12 seated, cap 12",{},2026-09-03:ASIA:8d5c8af5_8ef641a7-815c-4bb5-9798-b070b67d7998_deepseek_1781246265,6
39,0,0.0,,"max_levels: 12 seated, cap 12",{},2026-09-03:ASIA:8d5c8af5_8ef641a7-815c-4bb5-9798-b070b67d7998_deepseek_1781246265,6
40,0,0.0,,"max_levels: 12 seated, cap 12",{},2026-09-03:ASIA:8d5c8af5_8ef641a7-815c-4bb5-9798-b070b67d7998_deepseek_1781246265,6
41,0,0.0,,"max_levels: 12 seated, cap 12",{},2026-09-03:ASIA:8d5c8af5_8ef641a7-815c-4bb5-9798-b070b67d7998_deepseek_1781246265,6
42,1,1.36,A,,{},2026-09-03:ASIA:8d5c8af5_8ef641a7-815c-4bb5-9798-b070b67d7998_deepseek_1781246265,6
43,0,0.0,,"max_levels: 12 seated, cap 12",{},2026-09-03:ASIA:8d5c8af5_8ef641a7-815c-4bb5-9798-b070b67d7998_deepseek_1781246265,6
44,0,0.0,,"max_levels: 12 seated, cap 12",{},2026-09-03:ASIA:8d5c8af5_8ef641a7-815c-4bb5-9798-b070b67d7998_deepseek_1781246265,6
45,0,0.0,,"max_levels: 12 seated, cap 12",{},2026-09-03:ASIA:8d5c8af5_8ef641a7-815c-4bb5-9798-b070b67d7998_deepseek_1781246265,6
46,0,0.0,,"max_levels: 12 seated, cap 12",{},2026-09-03:ASIA:8d5c8af5_8ef641a7-815c-4bb5-9798-b070b67d7998_deepseek_1781246265,6
47,0,0.0,,"max_levels: 12 seated, cap 12",{},2026-09-03:ASIA:8d5c8af5_8ef641a7-815c-4bb5-9798-b070b67d7998_deepseek_1781246265,6
48,0,0.0,,"max_levels: 12 seated, cap 12",{},2026-09-03:ASIA:8d5c8af5_8ef641a7-815c-4bb5-9798-b070b67d7998_deepseek_1781246265,6
49,1,1.3439999999999999,A,,{},2026-09-04:LONDON:8d5c8af5_8ef641a7-815c-4bb5-9798-b070b67d7998_deepseek_1781246265,0
50,0,0.0,,"max_levels: 12 seated, cap 12",{},2026-09-04:LONDON:8d5c8af5_8ef641a7-815c-4bb5-9798-b070b67d7998_deepseek_1781246265,0
51,1,1.36,A,,{},2026-09-04:LONDON:8d5c8af5_8ef641a7-815c-4bb5-9798-b070b67d7998_deepseek_1781246265,0
52,1,0.96,B,,{},2026-09-04:LONDON:8d5c8af5_8ef641a7-815c-4bb5-9798-b070b67d7998_deepseek_1781246265,0
53,1,1.92,A,,{},2026-09-04:LONDON:8d5c8af5_8ef641a7-815c-4bb5-9798-b070b67d7998_deepseek_1781246265,0
54,1,1.36,A,,{},2026-09-04:LONDON:8d5c8af5_8ef641a7-815c-4bb5-9798-b070b67d7998_deepseek_1781246265,0
55,0,0.0,,"max_levels: 12 seated, cap 12",{},2026-09-04:LONDON:8d5c8af5_8ef641a7-815c-4bb5-9798-b070b67d7998_deepseek_1781246265,0
56,1,1.36,A,,{},2026-09-04:LONDON:8d5c8af5_8ef641a7-815c-4bb5-9798-b070b67d7998_deepseek_1781246265,0
57,1,1.4400000000000002,A,,{},2026-09-04:LONDON:8d5c8af5_8ef641a7-815c-4bb5-9798-b070b67d7998_deepseek_1781246265,0
58,1,1.36,A,,{},2026-09-04:LONDON:8d5c8af5_8ef641a7-815c-4bb5-9798-b070b67d7998_deepseek_1781246265,0
59,0,0.0,,"max_levels: 12 seated, cap 12",{},2026-09-04:LONDON:8d5c8af5_8ef641a7-815c-4bb5-9798-b070b67d7998_deepseek_1781246265,0
60,1,1.36,A,,{},2026-09-04:LONDON:8d5c8af5_8ef641a7-815c-4bb5-9798-b070b67d7998_deepseek_1781246265,0
61,0,0.0,,"max_levels: 12 seated, cap 12",{},2026-09-04:LONDON:8d5c8af5_8ef641a7-815c-4bb5-9798-b070b67d7998_deepseek_1781246265,0
62,0,0.0,,"max_levels: 12 seated, cap 12",{},2026-09-04:LONDON:8d5c8af5_8ef641a7-815c-4bb5-9798-b070b67d7998_deepseek_1781246265,0
63,1,1.36,A,,{},2026-09-04:LONDON:8d5c8af5_8ef641a7-815c-4bb5-9798-b070b67d7998_deepseek_1781246265,0
64,0,0.0,,"max_levels: 12 seated, cap 12",{},2026-09-04:LONDON:8d5c8af5_8ef641a7-815c-4bb5-9798-b070b67d7998_deepseek_1781246265,0
65,1,1.36,A,,{},2026-09-04:LONDON:8d5c8af5_8ef641a7-815c-4bb5-9798-b070b67d7998_deepseek_1781246265,0
66,0,0.0,,"max_levels: 12 seated, cap 12",{},2026-09-04:LONDON:8d5c8af5_8ef641a7-815c-4bb5-9798-b070b67d7998_deepseek_1781246265,0
67,0,0.0,,"max_levels: 12 seated, cap 12",{},2026-09-04:LONDON:8d5c8af5_8ef641a7-815c-4bb5-9798-b070b67d7998_deepseek_1781246265,0
68,0,0.0,,"max_levels: 12 seated, cap 12",{},2026-09-04:LONDON:8d5c8af5_8ef641a7-815c-4bb5-9798-b070b67d7998_deepseek_1781246265,0
69,0,0.0,,"max_levels: 12 seated, cap 12",{},2026-09-04:LONDON:8d5c8af5_8ef641a7-815c-4bb5-9798-b070b67d7998_deepseek_1781246265,0
70,0,0.0,,"max_levels: 12 seated, cap 12",{},2026-09-04:LONDON:8d5c8af5_8ef641a7-815c-4bb5-9798-b070b67d7998_deepseek_1781246265,0
71,0,0.0,,"max_levels: 12 seated, cap 12",{},2026-09-04:LONDON:8d5c8af5_8ef641a7-815c-4bb5-9798-b070b67d7998_deepseek_1781246265,0
72,0,0.0,,"max_levels: 12 seated, cap 12",{},2026-09-04:LONDON:8d5c8af5_8ef641a7-815c-4bb5-9798-b070b67d7998_deepseek_1781246265,0
73,0,0.0,,"max_levels: 12 seated, cap 12",{},2026-09-04:LONDON:8d5c8af5_8ef641a7-815c-4bb5-9798-b070b67d7998_deepseek_1781246265,1
74,1,0.8,B,,{},2026-09-04:LONDON:8d5c8af5_8ef641a7-815c-4bb5-9798-b070b67d7998_deepseek_1781246265,1
75,1,1.4400000000000002,A,,{},2026-09-04:LONDON:8d5c8af5_8ef641a7-815c-4bb5-9798-b070b67d7998_deepseek_1781246265,1
76,0,0.0,,"max_levels: 12 seated, cap 12",{},2026-09-04:LONDON:8d5c8af5_8ef641a7-815c-4bb5-9798-b070b67d7998_deepseek_1781246265,1
77,1,1.36,A,,{},2026-09-04:LONDON:8d5c8af5_8ef641a7-815c-4bb5-9798-b070b67d7998_deepseek_1781246265,1
78,1,0.96,B,,{},2026-09-04:LONDON:8d5c8af5_8ef641a7-815c-4bb5-9798-b070b67d7998_deepseek_1781246265,1
79,1,0.96,B,,{},2026-09-04:LONDON:8d5c8af5_8ef641a7-815c-4bb5-9798-b070b67d7998_deepseek_1781246265,1
80,0,0.0,,"max_levels: 12 seated, cap 12",{},2026-09-04:LONDON:8d5c8af5_8ef641a7-815c-4bb5-9798-b070b67d7998_deepseek_1781246265,1
81,1,1.4400000000000002,A,,{},2026-09-04:LONDON:8d5c8af5_8ef641a7-815c-4bb5-9798-b070b67d7998_deepseek_1781246265,1
82,1,1.36,A,,{},2026-09-04:LONDON:8d5c8af5_8ef641a7-815c-4bb5-9798-b070b67d7998_deepseek_1781246265,1
83,1,1.36,A,,{},2026-09-04:LONDON:8d5c8af5_8ef641a7-815c-4bb5-9798-b070b67d7998_deepseek_1781246265,1
84,1,1.36,A,,{},2026-09-04:LONDON:8d5c8af5_8ef641a7-815c-4bb5-9798-b070b67d7998_deepseek_1781246265,1
85,1,1.4784000000000002,A,,{},2026-09-04:LONDON:8d5c8af5_8ef641a7-815c-4bb5-9798-b070b67d7998_deepseek_1781246265,1
86,1,1.36,A,,{},2026-09-04:LONDON:8d5c8af5_8ef641a7-815c-4bb5-9798-b070b67d7998_deepseek_1781246265,1
87,1,1.36,A,,{},2026-09-04:LONDON:8d5c8af5_8ef641a7-815c-4bb5-9798-b070b67d7998_deepseek_1781246265,1
88,0,0.0,,"max_levels: 12 seated, cap 12",{},2026-09-04:LONDON:8d5c8af5_8ef641a7-815c-4bb5-9798-b070b67d7998_deepseek_1781246265,1
89,0,0.0,,"max_levels: 12 seated, cap 12",{},2026-09-04:LONDON:8d5c8af5_8ef641a7-815c-4bb5-9798-b070b67d7998_deepseek_1781246265,1
90,0,0.0,,"max_levels: 12 seated, cap 12",{},2026-09-04:LONDON:8d5c8af5_8ef641a7-815c-4bb5-9798-b070b67d7998_deepseek_1781246265,1
91,0,0.0,,"max_levels: 12 seated, cap 12",{},2026-09-04:LONDON:8d5c8af5_8ef641a7-815c-4bb5-9798-b070b67d7998_deepseek_1781246265,1
92,0,0.0,,"max_levels: 12 seated, cap 12",{},2026-09-04:LONDON:8d5c8af5_8ef641a7-815c-4bb5-9798-b070b67d7998_deepseek_1781246265,1
93,0,0.0,,"max_levels: 12 seated, cap 12",{},2026-09-04:LONDON:8d5c8af5_8ef641a7-815c-4bb5-9798-b070b67d7998_deepseek_1781246265,1
94,0,0.0,,"max_levels: 12 seated, cap 12",{},2026-09-04:LONDON:8d5c8af5_8ef641a7-815c-4bb5-9798-b070b67d7998_deepseek_1781246265,1
95,0,0.0,,"max_levels: 12 seated, cap 12",{},2026-09-04:LONDON:8d5c8af5_8ef641a7-815c-4bb5-9798-b070b67d7998_deepseek_1781246265,1
96,0,0.0,,"max_levels: 12 seated, cap 12",{},2026-09-04:LONDON:8d5c8af5_8ef641a7-815c-4bb5-9798-b070b67d7998_deepseek_1781246265,1
97,0,0.0,,"max_levels: 12 seated, cap 12",{},2026-09-04:LONDON:8d5c8af5_8ef641a7-815c-4bb5-9798-b070b67d7998_deepseek_1781246265,2
98,1,1.4400000000000002,A,,{},2026-09-04:LONDON:8d5c8af5_8ef641a7-815c-4bb5-9798-b070b67d7998_deepseek_1781246265,2
99,1,0.8,B,,{},2026-09-04:LONDON:8d5c8af5_8ef641a7-815c-4bb5-9798-b070b67d7998_deepseek_1781246265,2
100,1,0.96,B,,{},2026-09-04:LONDON:8d5c8af5_8ef641a7-815c-4bb5-9798-b070b67d7998_deepseek_1781246265,2
101,1,0.96,B,,{},2026-09-04:LONDON:8d5c8af5_8ef641a7-815c-4bb5-9798-b070b67d7998_deepseek_1781246265,2
102,1,1.7160000000000002,A,,{},2026-09-04:LONDON:8d5c8af5_8ef641a7-815c-4bb5-9798-b070b67d7998_deepseek_1781246265,2
103,1,1.36,A,,{},2026-09-04:LONDON:8d5c8af5_8ef641a7-815c-4bb5-9798-b070b67d7998_deepseek_1781246265,2
104,0,0.0,,"max_levels: 12 seated, cap 12",{},2026-09-04:LONDON:8d5c8af5_8ef641a7-815c-4bb5-9798-b070b67d7998_deepseek_1781246265,2
105,0,0.0,,"max_levels: 12 seated, cap 12",{},2026-09-04:LONDON:8d5c8af5_8ef641a7-815c-4bb5-9798-b070b67d7998_deepseek_1781246265,2
106,1,1.36,A,,{},2026-09-04:LONDON:8d5c8af5_8ef641a7-815c-4bb5-9798-b070b67d7998_deepseek_1781246265,2
107,1,1.7160000000000002,A,,{},2026-09-04:LONDON:8d5c8af5_8ef641a7-815c-4bb5-9798-b070b67d7998_deepseek_1781246265,2
108,0,0.0,,"max_levels: 12 seated, cap 12",{},2026-09-04:LONDON:8d5c8af5_8ef641a7-815c-4bb5-9798-b070b67d7998_deepseek_1781246265,2
109,0,0.0,,"max_levels: 12 seated, cap 12",{},2026-09-04:LONDON:8d5c8af5_8ef641a7-815c-4bb5-9798-b070b67d7998_deepseek_1781246265,2
110,0,0.0,,"max_levels: 12 seated, cap 12",{},2026-09-04:LONDON:8d5c8af5_8ef641a7-815c-4bb5-9798-b070b67d7998_deepseek_1781246265,2
111,0,0.0,,"max_levels: 12 seated, cap 12",{},2026-09-04:LONDON:8d5c8af5_8ef641a7-815c-4bb5-9798-b070b67d7998_deepseek_1781246265,2
112,0,0.0,,"max_levels: 12 seated, cap 12",{},2026-09-04:LONDON:8d5c8af5_8ef641a7-815c-4bb5-9798-b070b67d7998_deepseek_1781246265,2
113,1,1.7160000000000002,A,,{},2026-09-04:LONDON:8d5c8af5_8ef641a7-815c-4bb5-9798-b070b67d7998_deepseek_1781246265,2
114,0,0.0,,"max_levels: 12 seated, cap 12",{},2026-09-04:LONDON:8d5c8af5_8ef641a7-815c-4bb5-9798-b070b67d7998_deepseek_1781246265,2
115,0,0.0,,"max_levels: 12 seated, cap 12",{},2026-09-04:LONDON:8d5c8af5_8ef641a7-815c-4bb5-9798-b070b67d7998_deepseek_1781246265,2
116,0,0.0,,"max_levels: 12 seated, cap 12",{},2026-09-04:LONDON:8d5c8af5_8ef641a7-815c-4bb5-9798-b070b67d7998_deepseek_1781246265,2
117,1,1.6,A,,{},2026-09-04:LONDON:8d5c8af5_8ef641a7-815c-4bb5-9798-b070b67d7998_deepseek_1781246265,2
118,0,0.0,,"max_levels: 12 seated, cap 12",{},2026-09-04:LONDON:8d5c8af5_8ef641a7-815c-4bb5-9798-b070b67d7998_deepseek_1781246265,2
119,1,1.7160000000000002,A,,{},2026-09-04:LONDON:8d5c8af5_8ef641a7-815c-4bb5-9798-b070b67d7998_deepseek_1781246265,2
120,1,1.92,A,,{},2026-09-04:LONDON:8d5c8af5_8ef641a7-815c-4bb5-9798-b070b67d7998_deepseek_1781246265,2
121,0,0.0,,"max_levels: 12 seated, cap 12",{},2026-09-04:NY:8d5c8af5_8ef641a7-815c-4bb5-9798-b070b67d7998_deepseek_1781246265,0
122,1,1.4400000000000002,A,,{},2026-09-04:NY:8d5c8af5_8ef641a7-815c-4bb5-9798-b070b67d7998_deepseek_1781246265,0
123,1,0.8,B,,{},2026-09-04:NY:8d5c8af5_8ef641a7-815c-4bb5-9798-b070b67d7998_deepseek_1781246265,0
124,1,0.96,B,,{},2026-09-04:NY:8d5c8af5_8ef641a7-815c-4bb5-9798-b070b67d7998_deepseek_1781246265,0
125,1,0.96,B,,{},2026-09-04:NY:8d5c8af5_8ef641a7-815c-4bb5-9798-b070b67d7998_deepseek_1781246265,0
126,1,1.36,A,,{},2026-09-04:NY:8d5c8af5_8ef641a7-815c-4bb5-9798-b070b67d7998_deepseek_1781246265,0
127,0,0.0,,"max_levels: 12 seated, cap 12",{},2026-09-04:NY:8d5c8af5_8ef641a7-815c-4bb5-9798-b070b67d7998_deepseek_1781246265,0
128,0,0.0,,"max_levels: 12 seated, cap 12",{},2026-09-04:NY:8d5c8af5_8ef641a7-815c-4bb5-9798-b070b67d7998_deepseek_1781246265,0
129,1,1.6800000000000002,A,,{},2026-09-04:NY:8d5c8af5_8ef641a7-815c-4bb5-9798-b070b67d7998_deepseek_1781246265,0
130,1,1.36,A,,{},2026-09-04:NY:8d5c8af5_8ef641a7-815c-4bb5-9798-b070b67d7998_deepseek_1781246265,0
131,1,1.7160000000000002,A,,{},2026-09-04:NY:8d5c8af5_8ef641a7-815c-4bb5-9798-b070b67d7998_deepseek_1781246265,0
132,0,0.0,,"max_levels: 12 seated, cap 12",{},2026-09-04:NY:8d5c8af5_8ef641a7-815c-4bb5-9798-b070b67d7998_deepseek_1781246265,0
133,0,0.0,,"max_levels: 12 seated, cap 12",{},2026-09-04:NY:8d5c8af5_8ef641a7-815c-4bb5-9798-b070b67d7998_deepseek_1781246265,0
134,0,0.0,,"max_levels: 12 seated, cap 12",{},2026-09-04:NY:8d5c8af5_8ef641a7-815c-4bb5-9798-b070b67d7998_deepseek_1781246265,0
135,0,0.0,,"max_levels: 12 seated, cap 12",{},2026-09-04:NY:8d5c8af5_8ef641a7-815c-4bb5-9798-b070b67d7998_deepseek_1781246265,0
136,0,0.0,,"max_levels: 12 seated, cap 12",{},2026-09-04:NY:8d5c8af5_8ef641a7-815c-4bb5-9798-b070b67d7998_deepseek_1781246265,0
137,1,1.7160000000000002,A,,{},2026-09-04:NY:8d5c8af5_8ef641a7-815c-4bb5-9798-b070b67d7998_deepseek_1781246265,0
138,0,0.0,,"max_levels: 12 seated, cap 12",{},2026-09-04:NY:8d5c8af5_8ef641a7-815c-4bb5-9798-b070b67d7998_deepseek_1781246265,0
139,0,0.0,,"max_levels: 12 seated, cap 12",{},2026-09-04:NY:8d5c8af5_8ef641a7-815c-4bb5-9798-b070b67d7998_deepseek_1781246265,0
140,1,1.6,A,,{},2026-09-04:NY:8d5c8af5_8ef641a7-815c-4bb5-9798-b070b67d7998_deepseek_1781246265,0
141,0,0.0,,"max_levels: 12 seated, cap 12",{},2026-09-04:NY:8d5c8af5_8ef641a7-815c-4bb5-9798-b070b67d7998_deepseek_1781246265,0
142,0,0.0,,"max_levels: 12 seated, cap 12",{},2026-09-04:NY:8d5c8af5_8ef641a7-815c-4bb5-9798-b070b67d7998_deepseek_1781246265,0
143,1,1.7160000000000002,A,,{},2026-09-04:NY:8d5c8af5_8ef641a7-815c-4bb5-9798-b070b67d7998_deepseek_1781246265,0
144,1,1.92,A,,{},2026-09-04:NY:8d5c8af5_8ef641a7-815c-4bb5-9798-b070b67d7998_deepseek_1781246265,0
145,0,0.0,,"max_levels: 12 seated, cap 12",{},2026-09-04:LONDON:8d5c8af5_8ef641a7-815c-4bb5-9798-b070b67d7998_deepseek_1781246265,3
146,1,0.8,B,,{},2026-09-04:LONDON:8d5c8af5_8ef641a7-815c-4bb5-9798-b070b67d7998_deepseek_1781246265,3
147,1,1.4400000000000002,A,,{},2026-09-04:LONDON:8d5c8af5_8ef641a7-815c-4bb5-9798-b070b67d7998_deepseek_1781246265,3
148,1,0.96,B,,{},2026-09-04:LONDON:8d5c8af5_8ef641a7-815c-4bb5-9798-b070b67d7998_deepseek_1781246265,3
149,1,0.96,B,,{},2026-09-04:LONDON:8d5c8af5_8ef641a7-815c-4bb5-9798-b070b67d7998_deepseek_1781246265,3
150,1,1.36,A,,{},2026-09-04:LONDON:8d5c8af5_8ef641a7-815c-4bb5-9798-b070b67d7998_deepseek_1781246265,3
151,0,0.0,,"max_levels: 12 seated, cap 12",{},2026-09-04:LONDON:8d5c8af5_8ef641a7-815c-4bb5-9798-b070b67d7998_deepseek_1781246265,3
152,0,0.0,,"max_levels: 12 seated, cap 12",{},2026-09-04:LONDON:8d5c8af5_8ef641a7-815c-4bb5-9798-b070b67d7998_deepseek_1781246265,3
153,0,0.0,,"max_levels: 12 seated, cap 12",{},2026-09-04:LONDON:8d5c8af5_8ef641a7-815c-4bb5-9798-b070b67d7998_deepseek_1781246265,3
154,1,1.6800000000000002,A,,{},2026-09-04:LONDON:8d5c8af5_8ef641a7-815c-4bb5-9798-b070b67d7998_deepseek_1781246265,3
155,1,1.36,A,,{},2026-09-04:LONDON:8d5c8af5_8ef641a7-815c-4bb5-9798-b070b67d7998_deepseek_1781246265,3
156,1,1.7160000000000002,A,,{},2026-09-04:LONDON:8d5c8af5_8ef641a7-815c-4bb5-9798-b070b67d7998_deepseek_1781246265,3
157,0,0.0,,"max_levels: 12 seated, cap 12",{},2026-09-04:LONDON:8d5c8af5_8ef641a7-815c-4bb5-9798-b070b67d7998_deepseek_1781246265,3
158,0,0.0,,"max_levels: 12 seated, cap 12",{},2026-09-04:LONDON:8d5c8af5_8ef641a7-815c-4bb5-9798-b070b67d7998_deepseek_1781246265,3
159,0,0.0,,"max_levels: 12 seated, cap 12",{},2026-09-04:LONDON:8d5c8af5_8ef641a7-815c-4bb5-9798-b070b67d7998_deepseek_1781246265,3
160,0,0.0,,"max_levels: 12 seated, cap 12",{},2026-09-04:LONDON:8d5c8af5_8ef641a7-815c-4bb5-9798-b070b67d7998_deepseek_1781246265,3
161,1,1.7160000000000002,A,,{},2026-09-04:LONDON:8d5c8af5_8ef641a7-815c-4bb5-9798-b070b67d7998_deepseek_1781246265,3
162,0,0.0,,"max_levels: 12 seated, cap 12",{},2026-09-04:LONDON:8d5c8af5_8ef641a7-815c-4bb5-9798-b070b67d7998_deepseek_1781246265,3
163,0,0.0,,"max_levels: 12 seated, cap 12",{},2026-09-04:LONDON:8d5c8af5_8ef641a7-815c-4bb5-9798-b070b67d7998_deepseek_1781246265,3
164,1,1.6,A,,{},2026-09-04:LONDON:8d5c8af5_8ef641a7-815c-4bb5-9798-b070b67d7998_deepseek_1781246265,3
165,0,0.0,,"max_levels: 12 seated, cap 12",{},2026-09-04:LONDON:8d5c8af5_8ef641a7-815c-4bb5-9798-b070b67d7998_deepseek_1781246265,3
166,0,0.0,,"max_levels: 12 seated, cap 12",{},2026-09-04:LONDON:8d5c8af5_8ef641a7-815c-4bb5-9798-b070b67d7998_deepseek_1781246265,3
167,1,1.7160000000000002,A,,{},2026-09-04:LONDON:8d5c8af5_8ef641a7-815c-4bb5-9798-b070b67d7998_deepseek_1781246265,3
168,1,1.92,A,,{},2026-09-04:LONDON:8d5c8af5_8ef641a7-815c-4bb5-9798-b070b67d7998_deepseek_1781246265,3
169,1,1.1199999999999999,A,,{},2026-09-04:NY:8d5c8af5_8ef641a7-815c-4bb5-9798-b070b67d7998_deepseek_1781246265,1
170,1,0.96,B,,{},2026-09-04:NY:8d5c8af5_8ef641a7-815c-4bb5-9798-b070b67d7998_deepseek_1781246265,1
171,1,0.96,B,,{},2026-09-04:NY:8d5c8af5_8ef641a7-815c-4bb5-9798-b070b67d7998_deepseek_1781246265,1
172,1,0.8,B,,{},2026-09-04:NY:8d5c8af5_8ef641a7-815c-4bb5-9798-b070b67d7998_deepseek_1781246265,1
173,0,0.0,,"max_levels: 12 seated, cap 12",{},2026-09-04:NY:8d5c8af5_8ef641a7-815c-4bb5-9798-b070b67d7998_deepseek_1781246265,1
174,1,1.1199999999999999,A,,{},2026-09-04:NY:8d5c8af5_8ef641a7-815c-4bb5-9798-b070b67d7998_deepseek_1781246265,1
175,0,0.0,,"max_levels: 12 seated, cap 12",{},2026-09-04:NY:8d5c8af5_8ef641a7-815c-4bb5-9798-b070b67d7998_deepseek_1781246265,1
176,1,1.4400000000000002,A,,{},2026-09-04:NY:8d5c8af5_8ef641a7-815c-4bb5-9798-b070b67d7998_deepseek_1781246265,1
177,0,0.0,,"max_levels: 12 seated, cap 12",{},2026-09-04:NY:8d5c8af5_8ef641a7-815c-4bb5-9798-b070b67d7998_deepseek_1781246265,1
178,0,0.0,,"max_levels: 12 seated, cap 12",{},2026-09-04:NY:8d5c8af5_8ef641a7-815c-4bb5-9798-b070b67d7998_deepseek_1781246265,1
179,1,1.36,A,,{},2026-09-04:NY:8d5c8af5_8ef641a7-815c-4bb5-9798-b070b67d7998_deepseek_1781246265,1
180,1,1.7160000000000002,A,,{},2026-09-04:NY:8d5c8af5_8ef641a7-815c-4bb5-9798-b070b67d7998_deepseek_1781246265,1
181,1,1.36,A,,{},2026-09-04:NY:8d5c8af5_8ef641a7-815c-4bb5-9798-b070b67d7998_deepseek_1781246265,1
182,0,0.0,,"max_levels: 12 seated, cap 12",{},2026-09-04:NY:8d5c8af5_8ef641a7-815c-4bb5-9798-b070b67d7998_deepseek_1781246265,1
183,0,0.0,,"max_levels: 12 seated, cap 12",{},2026-09-04:NY:8d5c8af5_8ef641a7-815c-4bb5-9798-b070b67d7998_deepseek_1781246265,1
184,0,0.0,,"max_levels: 12 seated, cap 12",{},2026-09-04:NY:8d5c8af5_8ef641a7-815c-4bb5-9798-b070b67d7998_deepseek_1781246265,1
185,0,0.0,,"max_levels: 12 seated, cap 12",{},2026-09-04:NY:8d5c8af5_8ef641a7-815c-4bb5-9798-b070b67d7998_deepseek_1781246265,1
186,0,0.0,,"max_levels: 12 seated, cap 12",{},2026-09-04:NY:8d5c8af5_8ef641a7-815c-4bb5-9798-b070b67d7998_deepseek_1781246265,1
187,0,0.0,,"max_levels: 12 seated, cap 12",{},2026-09-04:NY:8d5c8af5_8ef641a7-815c-4bb5-9798-b070b67d7998_deepseek_1781246265,1
188,0,0.0,,"max_levels: 12 seated, cap 12",{},2026-09-04:NY:8d5c8af5_8ef641a7-815c-4bb5-9798-b070b67d7998_deepseek_1781246265,1
189,1,1.7160000000000002,A,,{},2026-09-04:NY:8d5c8af5_8ef641a7-815c-4bb5-9798-b070b67d7998_deepseek_1781246265,1
190,0,0.0,,"max_levels: 12 seated, cap 12",{},2026-09-04:NY:8d5c8af5_8ef641a7-815c-4bb5-9798-b070b67d7998_deepseek_1781246265,1
191,1,1.6,A,,{},2026-09-04:NY:8d5c8af5_8ef641a7-815c-4bb5-9798-b070b67d7998_deepseek_1781246265,1
192,1,1.7160000000000002,A,,{},2026-09-04:NY:8d5c8af5_8ef641a7-815c-4bb5-9798-b070b67d7998_deepseek_1781246265,1
193,1,1.4400000000000002,A,,{},2026-09-04:NY:8d5c8af5_8ef641a7-815c-4bb5-9798-b070b67d7998_deepseek_1781246265,2
194,1,0.96,B,,{},2026-09-04:NY:8d5c8af5_8ef641a7-815c-4bb5-9798-b070b67d7998_deepseek_1781246265,2
195,0,0.0,,"max_levels: 12 seated, cap 12",{},2026-09-04:NY:8d5c8af5_8ef641a7-815c-4bb5-9798-b070b67d7998_deepseek_1781246265,2
196,1,0.96,B,,{},2026-09-04:NY:8d5c8af5_8ef641a7-815c-4bb5-9798-b070b67d7998_deepseek_1781246265,2
197,1,1.1199999999999999,A,,{},2026-09-04:NY:8d5c8af5_8ef641a7-815c-4bb5-9798-b070b67d7998_deepseek_1781246265,2
198,1,1.1199999999999999,A,,{},2026-09-04:NY:8d5c8af5_8ef641a7-815c-4bb5-9798-b070b67d7998_deepseek_1781246265,2
199,0,0.0,,"max_levels: 12 seated, cap 12",{},2026-09-04:NY:8d5c8af5_8ef641a7-815c-4bb5-9798-b070b67d7998_deepseek_1781246265,2
200,1,1.7160000000000002,A,,{},2026-09-04:NY:8d5c8af5_8ef641a7-815c-4bb5-9798-b070b67d7998_deepseek_1781246265,2
201,0,0.0,,"max_levels: 12 seated, cap 12",{},2026-09-04:NY:8d5c8af5_8ef641a7-815c-4bb5-9798-b070b67d7998_deepseek_1781246265,2
202,1,1.36,A,,{},2026-09-04:NY:8d5c8af5_8ef641a7-815c-4bb5-9798-b070b67d7998_deepseek_1781246265,2
203,0,0.0,,"max_levels: 12 seated, cap 12",{},2026-09-04:NY:8d5c8af5_8ef641a7-815c-4bb5-9798-b070b67d7998_deepseek_1781246265,2
204,1,1.36,A,,{},2026-09-04:NY:8d5c8af5_8ef641a7-815c-4bb5-9798-b070b67d7998_deepseek_1781246265,2
205,1,1.7160000000000002,A,,{},2026-09-04:NY:8d5c8af5_8ef641a7-815c-4bb5-9798-b070b67d7998_deepseek_1781246265,2
206,0,0.0,,"max_levels: 12 seated, cap 12",{},2026-09-04:NY:8d5c8af5_8ef641a7-815c-4bb5-9798-b070b67d7998_deepseek_1781246265,2
207,0,0.0,,"max_levels: 12 seated, cap 12",{},2026-09-04:NY:8d5c8af5_8ef641a7-815c-4bb5-9798-b070b67d7998_deepseek_1781246265,2
208,0,0.0,,"max_levels: 12 seated, cap 12",{},2026-09-04:NY:8d5c8af5_8ef641a7-815c-4bb5-9798-b070b67d7998_deepseek_1781246265,2
209,0,0.0,,"max_levels: 12 seated, cap 12",{},2026-09-04:NY:8d5c8af5_8ef641a7-815c-4bb5-9798-b070b67d7998_deepseek_1781246265,2
210,0,0.0,,"max_levels: 12 seated, cap 12",{},2026-09-04:NY:8d5c8af5_8ef641a7-815c-4bb5-9798-b070b67d7998_deepseek_1781246265,2
211,0,0.0,,"max_levels: 12 seated, cap 12",{},2026-09-04:NY:8d5c8af5_8ef641a7-815c-4bb5-9798-b070b67d7998_deepseek_1781246265,2
212,1,1.7160000000000002,A,,{},2026-09-04:NY:8d5c8af5_8ef641a7-815c-4bb5-9798-b070b67d7998_deepseek_1781246265,2
213,0,0.0,,"max_levels: 12 seated, cap 12",{},2026-09-04:NY:8d5c8af5_8ef641a7-815c-4bb5-9798-b070b67d7998_deepseek_1781246265,2
214,0,0.0,,"max_levels: 12 seated, cap 12",{},2026-09-04:NY:8d5c8af5_8ef641a7-815c-4bb5-9798-b070b67d7998_deepseek_1781246265,2
215,1,1.6,A,,{},2026-09-04:NY:8d5c8af5_8ef641a7-815c-4bb5-9798-b070b67d7998_deepseek_1781246265,2
216,1,1.7160000000000002,A,,{},2026-09-04:NY:8d5c8af5_8ef641a7-815c-4bb5-9798-b070b67d7998_deepseek_1781246265,2
217,1,0.8,B,,{},2026-09-04:NY:8d5c8af5_8ef641a7-815c-4bb5-9798-b070b67d7998_deepseek_1781246265,3
218,1,0.96,B,,{},2026-09-04:NY:8d5c8af5_8ef641a7-815c-4bb5-9798-b070b67d7998_deepseek_1781246265,3
219,1,0.96,B,,{},2026-09-04:NY:8d5c8af5_8ef641a7-815c-4bb5-9798-b070b67d7998_deepseek_1781246265,3
220,1,1.1199999999999999,A,,{},2026-09-04:NY:8d5c8af5_8ef641a7-815c-4bb5-9798-b070b67d7998_deepseek_1781246265,3
221,0,0.0,,"max_levels: 12 seated, cap 12",{},2026-09-04:NY:8d5c8af5_8ef641a7-815c-4bb5-9798-b070b67d7998_deepseek_1781246265,3
222,1,0.5599999999999999,C,,{},2026-09-04:NY:8d5c8af5_8ef641a7-815c-4bb5-9798-b070b67d7998_deepseek_1781246265,3
223,1,1.4400000000000002,A,,{},2026-09-04:NY:8d5c8af5_8ef641a7-815c-4bb5-9798-b070b67d7998_deepseek_1781246265,3
224,1,1.36,A,,{},2026-09-04:NY:8d5c8af5_8ef641a7-815c-4bb5-9798-b070b67d7998_deepseek_1781246265,3
225,1,1.6473600000000002,A,,{},2026-09-04:NY:8d5c8af5_8ef641a7-815c-4bb5-9798-b070b67d7998_deepseek_1781246265,3
226,1,1.36,A,,{},2026-09-04:NY:8d5c8af5_8ef641a7-815c-4bb5-9798-b070b67d7998_deepseek_1781246265,3
227,0,0.0,,"max_levels: 12 seated, cap 12",{},2026-09-04:NY:8d5c8af5_8ef641a7-815c-4bb5-9798-b070b67d7998_deepseek_1781246265,3
228,0,0.0,,"max_levels: 12 seated, cap 12",{},2026-09-04:NY:8d5c8af5_8ef641a7-815c-4bb5-9798-b070b67d7998_deepseek_1781246265,3
229,0,0.0,,"max_levels: 12 seated, cap 12",{},2026-09-04:NY:8d5c8af5_8ef641a7-815c-4bb5-9798-b070b67d7998_deepseek_1781246265,3
230,0,0.0,,"max_levels: 12 seated, cap 12",{},2026-09-04:NY:8d5c8af5_8ef641a7-815c-4bb5-9798-b070b67d7998_deepseek_1781246265,3
231,1,1.6359200000000005,A,,{},2026-09-04:NY:8d5c8af5_8ef641a7-815c-4bb5-9798-b070b67d7998_deepseek_1781246265,3
232,0,0.0,,"max_levels: 12 seated, cap 12",{},2026-09-04:NY:8d5c8af5_8ef641a7-815c-4bb5-9798-b070b67d7998_deepseek_1781246265,3
233,0,0.0,,"max_levels: 12 seated, cap 12",{},2026-09-04:NY:8d5c8af5_8ef641a7-815c-4bb5-9798-b070b67d7998_deepseek_1781246265,3
234,0,0.0,,"max_levels: 12 seated, cap 12",{},2026-09-04:NY:8d5c8af5_8ef641a7-815c-4bb5-9798-b070b67d7998_deepseek_1781246265,3
235,0,0.0,,"max_levels: 12 seated, cap 12",{},2026-09-04:NY:8d5c8af5_8ef641a7-815c-4bb5-9798-b070b67d7998_deepseek_1781246265,3
236,0,0.0,,"max_levels: 12 seated, cap 12",{},2026-09-04:NY:8d5c8af5_8ef641a7-815c-4bb5-9798-b070b67d7998_deepseek_1781246265,3
237,0,0.0,,"max_levels: 12 seated, cap 12",{},2026-09-04:NY:8d5c8af5_8ef641a7-815c-4bb5-9798-b070b67d7998_deepseek_1781246265,3
238,0,0.0,,"max_levels: 12 seated, cap 12",{},2026-09-04:NY:8d5c8af5_8ef641a7-815c-4bb5-9798-b070b67d7998_deepseek_1781246265,3
239,1,1.6,A,,{},2026-09-04:NY:8d5c8af5_8ef641a7-815c-4bb5-9798-b070b67d7998_deepseek_1781246265,3
240,1,1.7160000000000002,A,,{},2026-09-04:NY:8d5c8af5_8ef641a7-815c-4bb5-9798-b070b67d7998_deepseek_1781246265,3
241,0,0.0,,"max_levels: 12 seated, cap 12",{},2026-09-04:NY:8d5c8af5_8ef641a7-815c-4bb5-9798-b070b67d7998_deepseek_1781246265,3
242,1,1.4400000000000002,A,,{},2026-09-04:NY:8d5c8af5_8ef641a7-815c-4bb5-9798-b070b67d7998_deepseek_1781246265,3
243,1,0.5599999999999999,C,,{},2026-09-04:NY:8d5c8af5_8ef641a7-815c-4bb5-9798-b070b67d7998_deepseek_1781246265,3
244,1,1.36,A,,{},2026-09-04:NY:8d5c8af5_8ef641a7-815c-4bb5-9798-b070b67d7998_deepseek_1781246265,3
245,1,0.8,B,,{},2026-09-04:NY:8d5c8af5_8ef641a7-815c-4bb5-9798-b070b67d7998_deepseek_1781246265,3
246,1,0.96,B,,{},2026-09-04:NY:8d5c8af5_8ef641a7-815c-4bb5-9798-b070b67d7998_deepseek_1781246265,3
247,1,0.96,B,,{},2026-09-04:NY:8d5c8af5_8ef641a7-815c-4bb5-9798-b070b67d7998_deepseek_1781246265,3
248,0,0.0,,"max_levels: 12 seated, cap 12",{},2026-09-04:NY:8d5c8af5_8ef641a7-815c-4bb5-9798-b070b67d7998_deepseek_1781246265,3
249,1,0.5599999999999999,C,,{},2026-09-04:NY:8d5c8af5_8ef641a7-815c-4bb5-9798-b070b67d7998_deepseek_1781246265,3
250,0,0.0,,"max_levels: 12 seated, cap 12",{},2026-09-04:NY:8d5c8af5_8ef641a7-815c-4bb5-9798-b070b67d7998_deepseek_1781246265,3
251,1,1.36,A,,{},2026-09-04:NY:8d5c8af5_8ef641a7-815c-4bb5-9798-b070b67d7998_deepseek_1781246265,3
252,0,0.0,,"max_levels: 12 seated, cap 12",{},2026-09-04:NY:8d5c8af5_8ef641a7-815c-4bb5-9798-b070b67d7998_deepseek_1781246265,3
253,0,0.0,,"max_levels: 12 seated, cap 12",{},2026-09-04:NY:8d5c8af5_8ef641a7-815c-4bb5-9798-b070b67d7998_deepseek_1781246265,3
254,0,0.0,,"max_levels: 12 seated, cap 12",{},2026-09-04:NY:8d5c8af5_8ef641a7-815c-4bb5-9798-b070b67d7998_deepseek_1781246265,3
255,1,1.6359200000000005,A,,{},2026-09-04:NY:8d5c8af5_8ef641a7-815c-4bb5-9798-b070b67d7998_deepseek_1781246265,3
256,1,1.6,A,,{},2026-09-04:NY:8d5c8af5_8ef641a7-815c-4bb5-9798-b070b67d7998_deepseek_1781246265,3
257,0,0.0,,"max_levels: 12 seated, cap 12",{},2026-09-04:NY:8d5c8af5_8ef641a7-815c-4bb5-9798-b070b67d7998_deepseek_1781246265,3
258,0,0.0,,"max_levels: 12 seated, cap 12",{},2026-09-04:NY:8d5c8af5_8ef641a7-815c-4bb5-9798-b070b67d7998_deepseek_1781246265,3
259,0,0.0,,"max_levels: 12 seated, cap 12",{},2026-09-04:NY:8d5c8af5_8ef641a7-815c-4bb5-9798-b070b67d7998_deepseek_1781246265,3
260,0,0.0,,"max_levels: 12 seated, cap 12",{},2026-09-04:NY:8d5c8af5_8ef641a7-815c-4bb5-9798-b070b67d7998_deepseek_1781246265,3
261,1,1.7160000000000002,A,,{},2026-09-04:NY:8d5c8af5_8ef641a7-815c-4bb5-9798-b070b67d7998_deepseek_1781246265,3
262,0,0.0,,"max_levels: 12 seated, cap 12",{},2026-09-04:NY:8d5c8af5_8ef641a7-815c-4bb5-9798-b070b67d7998_deepseek_1781246265,3
263,0,0.0,,"max_levels: 12 seated, cap 12",{},2026-09-04:NY:8d5c8af5_8ef641a7-815c-4bb5-9798-b070b67d7998_deepseek_1781246265,3
264,1,1.92,A,,{},2026-09-04:NY:8d5c8af5_8ef641a7-815c-4bb5-9798-b070b67d7998_deepseek_1781246265,3
265,1,1.36,A,,{},2026-09-04:NY:8d5c8af5_8ef641a7-815c-4bb5-9798-b070b67d7998_deepseek_1781246265,3
266,1,1.4400000000000002,A,,{},2026-09-04:NY:8d5c8af5_8ef641a7-815c-4bb5-9798-b070b67d7998_deepseek_1781246265,3
267,0,0.0,,"max_levels: 12 seated, cap 12",{},2026-09-04:NY:8d5c8af5_8ef641a7-815c-4bb5-9798-b070b67d7998_deepseek_1781246265,3
268,1,0.5599999999999999,C,,{},2026-09-04:NY:8d5c8af5_8ef641a7-815c-4bb5-9798-b070b67d7998_deepseek_1781246265,3
269,0,0.0,,"max_levels: 12 seated, cap 12",{},2026-09-04:NY:8d5c8af5_8ef641a7-815c-4bb5-9798-b070b67d7998_deepseek_1781246265,3
270,1,0.8,B,,{},2026-09-04:NY:8d5c8af5_8ef641a7-815c-4bb5-9798-b070b67d7998_deepseek_1781246265,3
271,1,0.96,B,,{},2026-09-04:NY:8d5c8af5_8ef641a7-815c-4bb5-9798-b070b67d7998_deepseek_1781246265,3
272,1,0.96,B,,{},2026-09-04:NY:8d5c8af5_8ef641a7-815c-4bb5-9798-b070b67d7998_deepseek_1781246265,3
273,1,0.5599999999999999,C,,{},2026-09-04:NY:8d5c8af5_8ef641a7-815c-4bb5-9798-b070b67d7998_deepseek_1781246265,3
274,0,0.0,,"max_levels: 12 seated, cap 12",{},2026-09-04:NY:8d5c8af5_8ef641a7-815c-4bb5-9798-b070b67d7998_deepseek_1781246265,3
275,0,0.0,,"max_levels: 12 seated, cap 12",{},2026-09-04:NY:8d5c8af5_8ef641a7-815c-4bb5-9798-b070b67d7998_deepseek_1781246265,3
276,1,1.36,A,,{},2026-09-04:NY:8d5c8af5_8ef641a7-815c-4bb5-9798-b070b67d7998_deepseek_1781246265,3
277,0,0.0,,"max_levels: 12 seated, cap 12",{},2026-09-04:NY:8d5c8af5_8ef641a7-815c-4bb5-9798-b070b67d7998_deepseek_1781246265,3
278,0,0.0,,"max_levels: 12 seated, cap 12",{},2026-09-04:NY:8d5c8af5_8ef641a7-815c-4bb5-9798-b070b67d7998_deepseek_1781246265,3
279,1,1.6359200000000005,A,,{},2026-09-04:NY:8d5c8af5_8ef641a7-815c-4bb5-9798-b070b67d7998_deepseek_1781246265,3
280,1,1.6,A,,{},2026-09-04:NY:8d5c8af5_8ef641a7-815c-4bb5-9798-b070b67d7998_deepseek_1781246265,3
281,0,0.0,,"max_levels: 12 seated, cap 12",{},2026-09-04:NY:8d5c8af5_8ef641a7-815c-4bb5-9798-b070b67d7998_deepseek_1781246265,3
282,0,0.0,,"max_levels: 12 seated, cap 12",{},2026-09-04:NY:8d5c8af5_8ef641a7-815c-4bb5-9798-b070b67d7998_deepseek_1781246265,3
283,1,1.7160000000000002,A,,{},2026-09-04:NY:8d5c8af5_8ef641a7-815c-4bb5-9798-b070b67d7998_deepseek_1781246265,3
284,0,0.0,,"max_levels: 12 seated, cap 12",{},2026-09-04:NY:8d5c8af5_8ef641a7-815c-4bb5-9798-b070b67d7998_deepseek_1781246265,3
285,0,0.0,,"max_levels: 12 seated, cap 12",{},2026-09-04:NY:8d5c8af5_8ef641a7-815c-4bb5-9798-b070b67d7998_deepseek_1781246265,3
286,0,0.0,,"max_levels: 12 seated, cap 12",{},2026-09-04:NY:8d5c8af5_8ef641a7-815c-4bb5-9798-b070b67d7998_deepseek_1781246265,3
287,1,1.92,A,,{},2026-09-04:NY:8d5c8af5_8ef641a7-815c-4bb5-9798-b070b67d7998_deepseek_1781246265,3
288,0,0.0,,"max_levels: 12 seated, cap 12",{},2026-09-04:NY:8d5c8af5_8ef641a7-815c-4bb5-9798-b070b67d7998_deepseek_1781246265,3
289,1,1.4400000000000002,A,,{},2026-09-04:NY:8d5c8af5_8ef641a7-815c-4bb5-9798-b070b67d7998_deepseek_1781246265,3
290,1,0.68,C,,{},2026-09-04:NY:8d5c8af5_8ef641a7-815c-4bb5-9798-b070b67d7998_deepseek_1781246265,3
291,0,0.0,,"max_levels: 12 seated, cap 12",{},2026-09-04:NY:8d5c8af5_8ef641a7-815c-4bb5-9798-b070b67d7998_deepseek_1781246265,3
292,1,0.5599999999999999,C,,{},2026-09-04:NY:8d5c8af5_8ef641a7-815c-4bb5-9798-b070b67d7998_deepseek_1781246265,3
293,0,0.0,,"max_levels: 12 seated, cap 12",{},2026-09-04:NY:8d5c8af5_8ef641a7-815c-4bb5-9798-b070b67d7998_deepseek_1781246265,3
294,1,0.8,B,,{},2026-09-04:NY:8d5c8af5_8ef641a7-815c-4bb5-9798-b070b67d7998_deepseek_1781246265,3
295,1,0.96,B,,{},2026-09-04:NY:8d5c8af5_8ef641a7-815c-4bb5-9798-b070b67d7998_deepseek_1781246265,3
296,1,0.96,B,,{},2026-09-04:NY:8d5c8af5_8ef641a7-815c-4bb5-9798-b070b67d7998_deepseek_1781246265,3
297,1,0.5599999999999999,C,,{},2026-09-04:NY:8d5c8af5_8ef641a7-815c-4bb5-9798-b070b67d7998_deepseek_1781246265,3
298,1,1.6473600000000002,A,,{},2026-09-04:NY:8d5c8af5_8ef641a7-815c-4bb5-9798-b070b67d7998_deepseek_1781246265,3
299,0,0.0,,"max_levels: 12 seated, cap 12",{},2026-09-04:NY:8d5c8af5_8ef641a7-815c-4bb5-9798-b070b67d7998_deepseek_1781246265,3
300,1,1.36,A,,{},2026-09-04:NY:8d5c8af5_8ef641a7-815c-4bb5-9798-b070b67d7998_deepseek_1781246265,3
301,0,0.0,,"max_levels: 12 seated, cap 12",{},2026-09-04:NY:8d5c8af5_8ef641a7-815c-4bb5-9798-b070b67d7998_deepseek_1781246265,3
302,0,0.0,,"max_levels: 12 seated, cap 12",{},2026-09-04:NY:8d5c8af5_8ef641a7-815c-4bb5-9798-b070b67d7998_deepseek_1781246265,3
303,0,0.0,,"max_levels: 12 seated, cap 12",{},2026-09-04:NY:8d5c8af5_8ef641a7-815c-4bb5-9798-b070b67d7998_deepseek_1781246265,3
304,0,0.0,,"max_levels: 12 seated, cap 12",{},2026-09-04:NY:8d5c8af5_8ef641a7-815c-4bb5-9798-b070b67d7998_deepseek_1781246265,3
305,1,1.6,A,,{},2026-09-04:NY:8d5c8af5_8ef641a7-815c-4bb5-9798-b070b67d7998_deepseek_1781246265,3
306,0,0.0,,"max_levels: 12 seated, cap 12",{},2026-09-04:NY:8d5c8af5_8ef641a7-815c-4bb5-9798-b070b67d7998_deepseek_1781246265,3
307,0,0.0,,"max_levels: 12 seated, cap 12",{},2026-09-04:NY:8d5c8af5_8ef641a7-815c-4bb5-9798-b070b67d7998_deepseek_1781246265,3
308,0,0.0,,"max_levels: 12 seated, cap 12",{},2026-09-04:NY:8d5c8af5_8ef641a7-815c-4bb5-9798-b070b67d7998_deepseek_1781246265,3
309,1,1.7160000000000002,A,,{},2026-09-04:NY:8d5c8af5_8ef641a7-815c-4bb5-9798-b070b67d7998_deepseek_1781246265,3
310,0,0.0,,"max_levels: 12 seated, cap 12",{},2026-09-04:NY:8d5c8af5_8ef641a7-815c-4bb5-9798-b070b67d7998_deepseek_1781246265,3
311,1,1.92,A,,{},2026-09-04:NY:8d5c8af5_8ef641a7-815c-4bb5-9798-b070b67d7998_deepseek_1781246265,3
312,0,0.0,,"max_levels: 12 seated, cap 12",{},2026-09-04:NY:8d5c8af5_8ef641a7-815c-4bb5-9798-b070b67d7998_deepseek_1781246265,3
313,1,0.5599999999999999,C,,{},2026-09-04:NY:8d5c8af5_8ef641a7-815c-4bb5-9798-b070b67d7998_deepseek_1781246265,4
314,0,0.0,,"max_levels: 12 seated, cap 12",{},2026-09-04:NY:8d5c8af5_8ef641a7-815c-4bb5-9798-b070b67d7998_deepseek_1781246265,4
315,1,1.4400000000000002,A,,{},2026-09-04:NY:8d5c8af5_8ef641a7-815c-4bb5-9798-b070b67d7998_deepseek_1781246265,4
316,1,0.8,B,,{},2026-09-04:NY:8d5c8af5_8ef641a7-815c-4bb5-9798-b070b67d7998_deepseek_1781246265,4
317,1,0.96,B,,{},2026-09-04:NY:8d5c8af5_8ef641a7-815c-4bb5-9798-b070b67d7998_deepseek_1781246265,4
318,1,0.96,B,,{},2026-09-04:NY:8d5c8af5_8ef641a7-815c-4bb5-9798-b070b67d7998_deepseek_1781246265,4
319,1,0.68,C,,{},2026-09-04:NY:8d5c8af5_8ef641a7-815c-4bb5-9798-b070b67d7998_deepseek_1781246265,4
320,1,0.5599999999999999,C,,{},2026-09-04:NY:8d5c8af5_8ef641a7-815c-4bb5-9798-b070b67d7998_deepseek_1781246265,4
321,1,1.56,A,,{},2026-09-04:NY:8d5c8af5_8ef641a7-815c-4bb5-9798-b070b67d7998_deepseek_1781246265,4
322,1,1.36,A,,{},2026-09-04:NY:8d5c8af5_8ef641a7-815c-4bb5-9798-b070b67d7998_deepseek_1781246265,4
323,0,0.0,,"max_levels: 12 seated, cap 12",{},2026-09-04:NY:8d5c8af5_8ef641a7-815c-4bb5-9798-b070b67d7998_deepseek_1781246265,4
324,0,0.0,,"max_levels: 12 seated, cap 12",{},2026-09-04:NY:8d5c8af5_8ef641a7-815c-4bb5-9798-b070b67d7998_deepseek_1781246265,4
325,0,0.0,,"max_levels: 12 seated, cap 12",{},2026-09-04:NY:8d5c8af5_8ef641a7-815c-4bb5-9798-b070b67d7998_deepseek_1781246265,4
326,0,0.0,,"max_levels: 12 seated, cap 12",{},2026-09-04:NY:8d5c8af5_8ef641a7-815c-4bb5-9798-b070b67d7998_deepseek_1781246265,4
327,0,0.0,,"max_levels: 12 seated, cap 12",{},2026-09-04:NY:8d5c8af5_8ef641a7-815c-4bb5-9798-b070b67d7998_deepseek_1781246265,4
328,0,0.0,,"max_levels: 12 seated, cap 12",{},2026-09-04:NY:8d5c8af5_8ef641a7-815c-4bb5-9798-b070b67d7998_deepseek_1781246265,4
329,0,0.0,,"max_levels: 12 seated, cap 12",{},2026-09-04:NY:8d5c8af5_8ef641a7-815c-4bb5-9798-b070b67d7998_deepseek_1781246265,4
330,0,0.0,,"max_levels: 12 seated, cap 12",{},2026-09-04:NY:8d5c8af5_8ef641a7-815c-4bb5-9798-b070b67d7998_deepseek_1781246265,4
331,0,0.0,,"max_levels: 12 seated, cap 12",{},2026-09-04:NY:8d5c8af5_8ef641a7-815c-4bb5-9798-b070b67d7998_deepseek_1781246265,4
332,0,0.0,,"max_levels: 12 seated, cap 12",{},2026-09-04:NY:8d5c8af5_8ef641a7-815c-4bb5-9798-b070b67d7998_deepseek_1781246265,4
333,1,0.8,B,,{},2026-09-04:NY:8d5c8af5_8ef641a7-815c-4bb5-9798-b070b67d7998_deepseek_1781246265,4
334,0,0.0,,"max_levels: 12 seated, cap 12",{},2026-09-04:NY:8d5c8af5_8ef641a7-815c-4bb5-9798-b070b67d7998_deepseek_1781246265,4
335,1,1.7160000000000002,A,,{},2026-09-04:NY:8d5c8af5_8ef641a7-815c-4bb5-9798-b070b67d7998_deepseek_1781246265,4
336,1,1.92,A,,{},2026-09-04:NY:8d5c8af5_8ef641a7-815c-4bb5-9798-b070b67d7998_deepseek_1781246265,4
337,1,1.4400000000000002,A,,{},2026-09-04:NY:8d5c8af5_8ef641a7-815c-4bb5-9798-b070b67d7998_deepseek_1781246265,5
338,1,0.8,B,,{},2026-09-04:NY:8d5c8af5_8ef641a7-815c-4bb5-9798-b070b67d7998_deepseek_1781246265,5
339,1,0.5599999999999999,C,,{},2026-09-04:NY:8d5c8af5_8ef641a7-815c-4bb5-9798-b070b67d7998_deepseek_1781246265,5
340,0,0.0,,"max_levels: 12 seated, cap 12",{},2026-09-04:NY:8d5c8af5_8ef641a7-815c-4bb5-9798-b070b67d7998_deepseek_1781246265,5
341,1,0.96,B,,{},2026-09-04:NY:8d5c8af5_8ef641a7-815c-4bb5-9798-b070b67d7998_deepseek_1781246265,5
342,1,0.96,B,,{},2026-09-04:NY:8d5c8af5_8ef641a7-815c-4bb5-9798-b070b67d7998_deepseek_1781246265,5
343,1,0.5599999999999999,C,,{},2026-09-04:NY:8d5c8af5_8ef641a7-815c-4bb5-9798-b070b67d7998_deepseek_1781246265,5
344,1,0.68,C,,{},2026-09-04:NY:8d5c8af5_8ef641a7-815c-4bb5-9798-b070b67d7998_deepseek_1781246265,5
345,1,1.56,A,,{},2026-09-04:NY:8d5c8af5_8ef641a7-815c-4bb5-9798-b070b67d7998_deepseek_1781246265,5
346,1,1.36,A,,{},2026-09-04:NY:8d5c8af5_8ef641a7-815c-4bb5-9798-b070b67d7998_deepseek_1781246265,5
347,0,0.0,,"max_levels: 12 seated, cap 12",{},2026-09-04:NY:8d5c8af5_8ef641a7-815c-4bb5-9798-b070b67d7998_deepseek_1781246265,5
348,0,0.0,,"max_levels: 12 seated, cap 12",{},2026-09-04:NY:8d5c8af5_8ef641a7-815c-4bb5-9798-b070b67d7998_deepseek_1781246265,5
349,0,0.0,,"max_levels: 12 seated, cap 12",{},2026-09-04:NY:8d5c8af5_8ef641a7-815c-4bb5-9798-b070b67d7998_deepseek_1781246265,5
350,0,0.0,,"max_levels: 12 seated, cap 12",{},2026-09-04:NY:8d5c8af5_8ef641a7-815c-4bb5-9798-b070b67d7998_deepseek_1781246265,5
351,0,0.0,,"max_levels: 12 seated, cap 12",{},2026-09-04:NY:8d5c8af5_8ef641a7-815c-4bb5-9798-b070b67d7998_deepseek_1781246265,5
352,0,0.0,,"max_levels: 12 seated, cap 12",{},2026-09-04:NY:8d5c8af5_8ef641a7-815c-4bb5-9798-b070b67d7998_deepseek_1781246265,5
353,0,0.0,,"max_levels: 12 seated, cap 12",{},2026-09-04:NY:8d5c8af5_8ef641a7-815c-4bb5-9798-b070b67d7998_deepseek_1781246265,5
354,0,0.0,,"max_levels: 12 seated, cap 12",{},2026-09-04:NY:8d5c8af5_8ef641a7-815c-4bb5-9798-b070b67d7998_deepseek_1781246265,5
355,0,0.0,,"max_levels: 12 seated, cap 12",{},2026-09-04:NY:8d5c8af5_8ef641a7-815c-4bb5-9798-b070b67d7998_deepseek_1781246265,5
356,0,0.0,,"max_levels: 12 seated, cap 12",{},2026-09-04:NY:8d5c8af5_8ef641a7-815c-4bb5-9798-b070b67d7998_deepseek_1781246265,5
357,0,0.0,,"max_levels: 12 seated, cap 12",{},2026-09-04:NY:8d5c8af5_8ef641a7-815c-4bb5-9798-b070b67d7998_deepseek_1781246265,5
358,1,0.8,B,,{},2026-09-04:NY:8d5c8af5_8ef641a7-815c-4bb5-9798-b070b67d7998_deepseek_1781246265,5
359,1,1.7160000000000002,A,,{},2026-09-04:NY:8d5c8af5_8ef641a7-815c-4bb5-9798-b070b67d7998_deepseek_1781246265,5
360,1,1.92,A,,{},2026-09-04:NY:8d5c8af5_8ef641a7-815c-4bb5-9798-b070b67d7998_deepseek_1781246265,5
