kind,price,opened_at_ms,ids,outcomes
VWAP±2σ,29622.17165419221,1788498840000,1,break
OB,29633.25,1788499080000,2,hold
PDH,29601.0,1788496440000,3,hold
PDH,29601.0,1788498240000,4,break
ONH,29643.5,1788499200000,5,hold
PDC,29597.25,1788496260000,6,ambiguous_horizon
PDC,29597.25,1788497880000,7,break
RTH-H,29585.0,1788459300000,8,hold
RTH-H,29585.0,1788496020000,9,break
RTH-H,29585.0,1788497220000,10,ambiguous_horizon
SWG-H,29579.5,1788459300000,11,hold
SWG-H,29579.5,1788459960000,12,hold
SWG-H,29579.5,1788460500000,13,hold
SWG-H,29579.5,1788461400000,14,hold
SWG-H,29579.5,1788493140000,15,hold
SWG-H,29579.5,1788495840000,16,break
SWG-H,29568.5,1788458460000,17,ambiguous_horizon
SWG-H,29568.5,1788459540000,18,ambiguous_horizon
SWG-H,29568.5,1788460800000,19,ambiguous_horizon
SWG-H,29568.5,1788461940000,20,hold
SWG-H,29568.5,1788490440000,21,ambiguous_horizon
SWG-H,29568.5,1788491760000,22,ambiguous_horizon
SWG-H,29568.5,1788493440000,23,ambiguous_horizon
SWG-H,29568.5,1788494400000,24,ambiguous_horizon
SWG-H,29568.5,1788495420000,25,hold
VWAP,29509.089576892293,1788449160000,26,break
VWAP,29509.089576892293,1788450000000,27,hold
VWAP,29509.089576892293,1788450240000,28,hold
VWAP,29509.089576892293,1788451560000,29,ambiguous_horizon
VWAP,29509.089576892293,1788452520000,30,break
VWAP,29509.089576892293,1788453480000,31,break
VWAP,29509.089576892293,1788454980000,32,break
VWAP,29509.089576892293,1788456600000,33,break
VWAP,29509.089576892293,1788465300000,34,hold
VWAP,29509.089576892293,1788465600000,35,ambiguous_horizon
VWAP,29509.089576892293,1788466860000,36,ambiguous_horizon
VWAP,29509.089576892293,1788468360000,37,ambiguous_horizon
VWAP,29509.089576892293,1788472800000,38,hold
VWAP,29509.089576892293,1788476340000,39,ambiguous_horizon
VWAP,29509.089576892293,1788478020000,40,ambiguous_horizon
VWAP,29509.089576892293,1788478920000,41,ambiguous_horizon
VWAP,29509.089576892293,1788480060000,42,ambiguous_horizon
OB,29490.875,1788448980000,43,break
OB,29490.875,1788452760000,44,hold
OB,29490.875,1788455400000,45,ambiguous_horizon
OB,29490.875,1788456300000,46,break
OB,29490.875,1788472860000,47,ambiguous_horizon
OB,29490.875,1788473700000,48,ambiguous_horizon
OB,29490.875,1788474540000,49,ambiguous_horizon
ONL,29481.5,1788448920000,50,break
ONL,29481.5,1788456000000,51,hold
ONL,29481.5,1788473460000,52,hold
VWAP±2σ,29637.522083992048,1788499080000,53,hold
PDH,29601.0,1788500940000,54,hold
PDC,29597.25,1788501000000,55,hold
SWG-L,29591.5,1788496020000,56,ambiguous_horizon
SWG-L,29591.5,1788497700000,57,break
SWG-L,29591.5,1788501000000,58,hold
VWAP,29554.195227116023,1788458400000,59,break
VWAP,29554.195227116023,1788462000000,60,ambiguous_horizon
VWAP,29554.195227116023,1788488580000,61,ambiguous_horizon
VWAP,29554.195227116023,1788489660000,62,ambiguous_horizon
eVWAP,29549.24923737589,1788457920000,63,break
eVWAP,29549.24923737589,1788462480000,64,break
eVWAP,29549.24923737589,1788485820000,65,hold
eVWAP,29549.24923737589,1788487860000,66,ambiguous_horizon
eVWAP,29549.24923737589,1788489240000,67,ambiguous_horizon
SWG-H,29513.0,1788449160000,68,break
SWG-H,29513.0,1788449880000,69,ambiguous_horizon
SWG-H,29513.0,1788451440000,70,ambiguous_horizon
SWG-H,29513.0,1788452520000,71,break
SWG-H,29513.0,1788453480000,72,break
SWG-H,29513.0,1788454920000,73,break
SWG-H,29513.0,1788456660000,74,break
SWG-H,29513.0,1788465060000,75,hold
SWG-H,29513.0,1788465480000,76,hold
SWG-H,29513.0,1788466740000,77,ambiguous_horizon
SWG-H,29513.0,1788467700000,78,ambiguous_horizon
SWG-H,29513.0,1788476340000,79,ambiguous_horizon
SWG-H,29513.0,1788479100000,80,ambiguous_horizon
SWG-H,29513.0,1788480300000,81,ambiguous_horizon
EQL,29639.5,1788499140000,82,hold
EQL,29639.5,1788502260000,83,hold
ONH,29644.25,1788502320000,84,hold
VWAP,29558.335161129893,1788458400000,85,break
VWAP,29558.335161129893,1788462000000,86,break
VWAP,29558.335161129893,1788489000000,87,ambiguous_horizon
VWAP,29558.335161129893,1788490080000,88,ambiguous_horizon
VWAP,29558.335161129893,1788491460000,89,hold
VWAP,29558.335161129893,1788494580000,90,hold
eVWAP,29553.131223672517,1788458400000,91,break
eVWAP,29553.131223672517,1788462060000,92,break
eVWAP,29553.131223672517,1788487920000,93,ambiguous_horizon
eVWAP,29553.131223672517,1788488880000,94,ambiguous_horizon
eVWAP,29553.131223672517,1788489960000,95,ambiguous_horizon
SWG-L,29491.0,1788448980000,96,break
SWG-L,29491.0,1788452760000,97,hold
SWG-L,29491.0,1788455400000,98,ambiguous_horizon
SWG-L,29491.0,1788456300000,99,break
SWG-L,29491.0,1788472860000,100,ambiguous_horizon
SWG-L,29491.0,1788473700000,101,ambiguous_horizon
SWG-L,29491.0,1788474540000,102,ambiguous_horizon
SWG-L,29491.0,1788480000000,103,hold
VWAP,29561.434206358408,1788458400000,104,break
VWAP,29561.434206358408,1788460980000,105,hold
VWAP,29561.434206358408,1788461700000,106,ambiguous_horizon
VWAP,29561.434206358408,1788489000000,107,ambiguous_horizon
VWAP,29561.434206358408,1788490200000,108,ambiguous_horizon
VWAP,29561.434206358408,1788491220000,109,hold
VWAP,29561.434206358408,1788494520000,110,hold
SWG-L,29556.25,1788458400000,111,break
SWG-L,29556.25,1788462000000,112,ambiguous_horizon
SWG-L,29556.25,1788488640000,113,ambiguous_horizon
SWG-L,29556.25,1788490080000,114,ambiguous_horizon
SWG-L,29556.25,1788494580000,115,hold
PDC,29597.25,1788504000000,116,hold
PDC,29597.25,1788504360000,117,break
PDH,29601.0,1788503700000,118,ambiguous_horizon
VWAP,29517.354840748478,1788449220000,119,break
VWAP,29517.354840748478,1788449820000,120,ambiguous_horizon
VWAP,29517.354840748478,1788450840000,121,hold
VWAP,29517.354840748478,1788451440000,122,ambiguous_horizon
VWAP,29517.354840748478,1788453540000,123,break
VWAP,29517.354840748478,1788454380000,124,hold
VWAP,29517.354840748478,1788454920000,125,break
VWAP,29517.354840748478,1788456840000,126,break
VWAP,29517.354840748478,1788464880000,127,hold
VWAP,29517.354840748478,1788465720000,128,ambiguous_horizon
VWAP,29517.354840748478,1788466560000,129,ambiguous_horizon
VWAP,29517.354840748478,1788467820000,130,ambiguous_horizon
VWAP,29517.354840748478,1788480420000,131,ambiguous_horizon
VWAP,29517.354840748478,1788481560000,132,ambiguous_horizon
VWAP,29517.354840748478,1788484560000,133,hold
VWAP±2σ,29473.27547513855,1788448500000,134,hold
VWAP±2σ,29473.27547513855,1788448920000,135,break
VWAP,29538.839091719696,1788449340000,136,hold
VWAP,29538.839091719696,1788451140000,137,hold
VWAP,29538.839091719696,1788454620000,138,hold
VWAP,29538.839091719696,1788457860000,139,break
VWAP,29538.839091719696,1788462780000,140,ambiguous_horizon
VWAP,29538.839091719696,1788463800000,141,ambiguous_horizon
VWAP,29538.839091719696,1788482940000,142,ambiguous_horizon
VWAP,29538.839091719696,1788484860000,143,ambiguous_horizon
VWAP,29538.839091719696,1788485880000,144,ambiguous_horizon
VWAP,29538.839091719696,1788486780000,145,ambiguous_horizon
VWAP,29538.839091719696,1788525120000,146,hold
RTH-H,29585.0,1788504660000,147,ambiguous_horizon
RTH-H,29585.0,1788525000000,148,break
RTH-H,29585.0,1788525720000,149,hold
PDC,29597.25,1788505440000,150,break
PDC,29597.25,1788525000000,151,break
PDH,29601.0,1788505680000,152,break
PDH,29601.0,1788525000000,153,break
SUPPLY,29496.25,1788449160000,154,break
SUPPLY,29496.25,1788452700000,155,ambiguous_horizon
SUPPLY,29496.25,1788455280000,156,break
SUPPLY,29496.25,1788456360000,157,break
SUPPLY,29496.25,1788472800000,158,ambiguous_horizon
SUPPLY,29496.25,1788474840000,159,ambiguous_horizon
SUPPLY,29496.25,1788476760000,160,hold
SUPPLY,29496.25,1788480000000,161,hold
ONH,29720.0,1788525000000,162,hold
DEMAND,29278.0,1788422640000,163 212 261 329 394,hold
DEMAND,29278.0,1788442200000,164 213 262 330 395,hold
DEMAND,29278.0,1788442440000,165 214 263 331 396,hold
DEMAND,29278.0,1788442680000,166 215 264 332 397,break
DEMAND,29278.0,1788444000000,167 216 265 333 398,break hold
DEMAND,29278.0,1788444660000,168 217 266 334 399,break
DEMAND,29278.0,1788446400000,169 218 267 335 400,hold
DEMAND,29278.0,1788446700000,170 219 268 336 401,hold
DEMAND,29278.0,1788447360000,171 220 269 337 402,hold
RTH-L,29199.25,1788405000000,172 221 270,break
RTH-L,29199.25,1788411660000,173 222 271 338 403 451 493,break
RTH-L,29199.25,1788415560000,174 223 272 339 404 452 494 535 580,hold
RTH-L,29199.25,1788418980000,175 224 273 340 405 453 495 536 581 622 659,break
RTH-L,29199.25,1788419220000,176 225 274 341 406 454 496 537 582 623 660,ambiguous_horizon
RTH-L,29199.25,1788420300000,177 226 275 342 407 455 497 538 583 624 661,break
RTH-L,29199.25,1788420420000,178 227 276 343 408 456 498 539 584 625 662,break
RTH-L,29199.25,1788421680000,179 228 277 344 409 457 499 540 585 626 663,hold
RTH-L,29199.25,1788427260000,180 229 278 345 410 458 500 541 586 627 664,ambiguous_horizon break
RTH-L,29199.25,1788438600000,181 230 279 346 411 459 501 542 587 628 665,break
RTH-L,29199.25,1788438900000,182 231 280 347 412 460 502 543 588 629 666,break
RTH-L,29199.25,1788439680000,183 232 281 348 413 461 503 544 589 630 667,break
RTH-L,29199.25,1788440820000,184 233 282 349 414 462 504 545 590 631 668,hold
RTH-L,29199.25,1788442560000,185 234 283 350 415 463 505 546 591 632 669,hold
DEMAND,29144.5,1788412440000,186 235 284 351 416 464 506 547,break
DEMAND,29144.5,1788413940000,187 236 285 352 417 465 507 548 592,break
DEMAND,29144.5,1788429300000,188 237 286 353 418 466 508 549 593 633 670,ambiguous_horizon
DEMAND,29144.5,1788430140000,189 238 287 354 419 467 509 550 594 634 671,break
DEMAND,29144.5,1788433500000,190 239 288 355 420 468 510 551 595 635 672,break
DEMAND,29144.5,1788435060000,191 240 289 356 421 469 511 552 596 636 673,hold
DEMAND,29144.5,1788435540000,192 241 290 357 422 470 512 553 597 637 674,break
DEMAND,29144.5,1788437400000,193 242 291 358 423 471 513 554 598 638 675,hold
DEMAND,29144.5,1788438360000,194 243 292 359 424 472 514 555 599 639 676,break
PDL,29075.0,1788412980000,195 244 293 515 556,hold
VWAP,29533.039603789588,1788449340000,196,hold
VWAP,29533.039603789588,1788451020000,197,hold
VWAP,29533.039603789588,1788453660000,198,hold
VWAP,29533.039603789588,1788454620000,199,hold
VWAP,29533.039603789588,1788457500000,200,break
VWAP,29533.039603789588,1788462840000,201,ambiguous_horizon
VWAP,29533.039603789588,1788463740000,202,ambiguous_horizon
VWAP,29533.039603789588,1788464700000,203,hold
VWAP,29533.039603789588,1788465540000,204,hold
VWAP,29533.039603789588,1788482580000,205,ambiguous_horizon
VWAP,29533.039603789588,1788484800000,206,ambiguous_horizon
VWAP,29533.039603789588,1788486540000,207,hold
VWAP,29533.039603789588,1788525180000,208,hold
VWAP,29533.039603789588,1788525960000,209,break
VWAP,29533.039603789588,1788526200000,210,break
OB,29715.75,1788525000000,211,hold
VWAP,29530.92821534979,1788449340000,245,hold
VWAP,29530.92821534979,1788450720000,246,hold
VWAP,29530.92821534979,1788453660000,247,ambiguous_horizon
VWAP,29530.92821534979,1788454620000,248,hold
VWAP,29530.92821534979,1788457320000,249,break
VWAP,29530.92821534979,1788463020000,250,ambiguous_horizon
VWAP,29530.92821534979,1788463980000,251,ambiguous_horizon
VWAP,29530.92821534979,1788465540000,252,hold
VWAP,29530.92821534979,1788481800000,253,ambiguous_horizon
VWAP,29530.92821534979,1788483360000,254,ambiguous_horizon
VWAP,29530.92821534979,1788484800000,255,ambiguous_horizon
VWAP,29530.92821534979,1788486600000,256,hold
VWAP,29530.92821534979,1788525960000,257,break
VWAP,29530.92821534979,1788526200000,258,break
VWAP,29530.92821534979,1788526800000,259,hold
VWAP,29530.92821534979,1788527400000,260,hold
OR-H,29611.25,1788498480000,294,break
OR-H,29611.25,1788500520000,295,break
OR-H,29611.25,1788501360000,296,break
OR-H,29611.25,1788503640000,297,break
OR-H,29611.25,1788505860000,298,ambiguous_horizon
OR-H,29611.25,1788506760000,299,hold
OR-H,29611.25,1788525000000,300,break
RTH-H,29585.0,1788528240000,301,hold
OR-L,29553.75,1788458400000,302,break
OR-L,29553.75,1788462000000,303,ambiguous_horizon
OR-L,29553.75,1788488580000,304,ambiguous_horizon
OR-L,29553.75,1788489600000,305,ambiguous_horizon
OR-L,29553.75,1788525000000,306,hold
OR-L,29553.75,1788525420000,307,hold
OR-L,29553.75,1788525780000,308,break
OR-L,29553.75,1788527100000,309,hold
OR-L,29553.75,1788527700000,310,break
OR-L,29553.75,1788528660000,311,hold
VWAP,29532.639729487182,1788449340000,312,hold
VWAP,29532.639729487182,1788451020000,313,hold
VWAP,29532.639729487182,1788453660000,314,hold
VWAP,29532.639729487182,1788454620000,315,hold
VWAP,29532.639729487182,1788457500000,316,break
VWAP,29532.639729487182,1788462840000,317,ambiguous_horizon
VWAP,29532.639729487182,1788463740000,318,ambiguous_horizon
VWAP,29532.639729487182,1788464700000,319,hold
VWAP,29532.639729487182,1788465540000,320,hold
VWAP,29532.639729487182,1788482580000,321,ambiguous_horizon
VWAP,29532.639729487182,1788484800000,322,ambiguous_horizon
VWAP,29532.639729487182,1788486540000,323,hold
VWAP,29532.639729487182,1788525180000,324,hold
VWAP,29532.639729487182,1788525960000,325,break
VWAP,29532.639729487182,1788526200000,326,break
VWAP,29532.639729487182,1788526800000,327,hold
VWAP,29532.639729487182,1788527160000,328,hold
VWAP,29591.017743594588,1788496020000,360,ambiguous_horizon
VWAP,29591.017743594588,1788497700000,361,break
VWAP,29591.017743594588,1788504540000,362,break
VWAP,29591.017743594588,1788505440000,363,break
VWAP,29591.017743594588,1788525000000,364,break
VWAP,29591.017743594588,1788528540000,365,hold
PDC,29597.25,1788528660000,366,break
PDH,29601.0,1788528660000,367,break
OR-H,29635.0,1788499080000,368,hold
OR-H,29635.0,1788501720000,369,ambiguous_horizon
OR-H,29635.0,1788502800000,370,hold
OR-H,29635.0,1788506940000,371,ambiguous_horizon
OR-H,29635.0,1788508920000,372,hold
OR-H,29635.0,1788513120000,373,break
OR-H,29635.0,1788514380000,374,ambiguous_horizon
OR-H,29635.0,1788523560000,375,hold
OR-H,29635.0,1788524220000,376,hold
OR-H,29635.0,1788524940000,377,break
OR-H,29635.0,1788528840000,378,hold
OR-H,29635.0,1788529380000,379,hold
SUPPLY,29657.375,1788508020000,380,ambiguous_horizon
SUPPLY,29657.375,1788508920000,381,hold
SUPPLY,29657.375,1788509100000,382,ambiguous_horizon
SUPPLY,29657.375,1788510000000,383,break
SUPPLY,29657.375,1788510840000,384,ambiguous_horizon
SUPPLY,29657.375,1788512040000,385,hold
SUPPLY,29657.375,1788515580000,386,ambiguous_horizon
SUPPLY,29657.375,1788516780000,387,hold
SUPPLY,29657.375,1788519780000,388,ambiguous_horizon
SUPPLY,29657.375,1788520740000,389,hold
SUPPLY,29657.375,1788523320000,390,break
SUPPLY,29657.375,1788523680000,391,hold
SUPPLY,29657.375,1788524340000,392,break
SUPPLY,29657.375,1788524940000,393,break
RTH-H,29585.0,1788529500000,425,hold
RTH-H,29585.0,1788531600000,426,hold
PDC,29597.25,1788529440000,427,hold
PDC,29597.25,1788531120000,428,hold
PDH,29601.0,1788529440000,429,hold
PDH,29601.0,1788531120000,430,hold
PDH,29601.0,1788531540000,431,break
OR-H,29635.0,1788529680000,432,break
OR-H,29635.0,1788531000000,433,break
OR-H,29635.0,1788531240000,434,hold
VWAP,29652.46183948487,1788507960000,435,ambiguous_horizon
VWAP,29652.46183948487,1788509100000,436,break
VWAP,29652.46183948487,1788509520000,437,ambiguous_horizon
VWAP,29652.46183948487,1788510900000,438,ambiguous_horizon
VWAP,29652.46183948487,1788512400000,439,break
VWAP,29652.46183948487,1788515340000,440,ambiguous_horizon
VWAP,29652.46183948487,1788519840000,441,ambiguous_horizon
VWAP,29652.46183948487,1788523500000,442,break
VWAP,29652.46183948487,1788523680000,443,hold
VWAP,29652.46183948487,1788524340000,444,break
VWAP,29652.46183948487,1788524940000,445,break
VWAP,29652.46183948487,1788529980000,446,break
VWAP,29652.46183948487,1788530820000,447,break
VWAP,29652.46183948487,1788531240000,448,hold
OB,29697.75,1788518820000,449,hold
OB,29697.75,1788524940000,450,hold
VWAP,29545.106465692643,1788454680000,473,hold
VWAP,29545.106465692643,1788457860000,474,break
VWAP,29545.106465692643,1788462660000,475,ambiguous_horizon
VWAP,29545.106465692643,1788485460000,476,ambiguous_horizon
VWAP,29545.106465692643,1788487020000,477,ambiguous_horizon
VWAP,29545.106465692643,1788487980000,478,ambiguous_horizon
VWAP,29545.106465692643,1788489300000,479,ambiguous_horizon
VWAP,29545.106465692643,1788525120000,480,hold
VWAP,29545.106465692643,1788525420000,481,hold
VWAP,29545.106465692643,1788525780000,482,break
VWAP,29545.106465692643,1788526380000,483,hold
VWAP,29545.106465692643,1788526680000,484,hold
VWAP,29545.106465692643,1788526980000,485,hold
VWAP,29545.106465692643,1788527580000,486,break
VWAP,29545.106465692643,1788532920000,487,break
OR-L,29553.75,1788532920000,488,break
RTH-H,29585.0,1788531900000,489,break
RTH-H,29585.0,1788532560000,490,hold
PDC,29597.25,1788531600000,491,break
PDC,29597.25,1788532140000,492,hold
VWAP,29533.938865054857,1788449340000,516,hold
VWAP,29533.938865054857,1788451020000,517,hold
VWAP,29533.938865054857,1788453660000,518,hold
VWAP,29533.938865054857,1788454620000,519,hold
VWAP,29533.938865054857,1788457560000,520,break
VWAP,29533.938865054857,1788462840000,521,ambiguous_horizon
VWAP,29533.938865054857,1788463740000,522,ambiguous_horizon
VWAP,29533.938865054857,1788464700000,523,hold
VWAP,29533.938865054857,1788465540000,524,hold
VWAP,29533.938865054857,1788482580000,525,ambiguous_horizon
VWAP,29533.938865054857,1788484800000,526,ambiguous_horizon
VWAP,29533.938865054857,1788486480000,527,ambiguous_horizon
VWAP,29533.938865054857,1788525180000,528,hold
VWAP,29533.938865054857,1788525960000,529,break
VWAP,29533.938865054857,1788526200000,530,ambiguous_horizon
VWAP,29533.938865054857,1788527160000,531,hold
VWAP,29533.938865054857,1788532980000,532,break
VWAP,29533.938865054857,1788533460000,533,hold
VWAP,29533.938865054857,1788534720000,534,hold
VWAP,29526.38352939287,1788449340000,557,hold
VWAP,29526.38352939287,1788450720000,558,ambiguous_horizon
VWAP,29526.38352939287,1788452340000,559,hold
VWAP,29526.38352939287,1788453660000,560,ambiguous_horizon
VWAP,29526.38352939287,1788454500000,561,hold
VWAP,29526.38352939287,1788456960000,562,ambiguous_horizon
VWAP,29526.38352939287,1788463680000,563,ambiguous_horizon
VWAP,29526.38352939287,1788465000000,564,hold
VWAP,29526.38352939287,1788465240000,565,hold
VWAP,29526.38352939287,1788481320000,566,ambiguous_horizon
VWAP,29526.38352939287,1788482280000,567,ambiguous_horizon
VWAP,29526.38352939287,1788483660000,568,ambiguous_horizon
VWAP,29526.38352939287,1788484620000,569,break
VWAP,29526.38352939287,1788486600000,570,hold
VWAP,29526.38352939287,1788525960000,571,break
VWAP,29526.38352939287,1788526200000,572,break
VWAP,29526.38352939287,1788526560000,573,hold
VWAP,29526.38352939287,1788526800000,574,hold
VWAP,29526.38352939287,1788533220000,575,break
VWAP,29526.38352939287,1788533700000,576,hold
VWAP,29526.38352939287,1788533880000,577,hold
VWAP,29526.38352939287,1788534480000,578,hold
ONL,29481.5,1788535800000,579,hold
PDL,29101.75,1788436740000,600 640 677,hold
POC,29530.634375,1788449340000,601,hold
POC,29530.634375,1788450720000,602,hold
POC,29530.634375,1788453660000,603,ambiguous_horizon
POC,29530.634375,1788454620000,604,hold
POC,29530.634375,1788457320000,605,break
POC,29530.634375,1788463020000,606,ambiguous_horizon
POC,29530.634375,1788463980000,607,ambiguous_horizon
POC,29530.634375,1788465540000,608,hold
POC,29530.634375,1788481800000,609,ambiguous_horizon
POC,29530.634375,1788483360000,610,ambiguous_horizon
POC,29530.634375,1788484800000,611,ambiguous_horizon
POC,29530.634375,1788486600000,612,hold
POC,29530.634375,1788525960000,613,break
POC,29530.634375,1788526200000,614,break
POC,29530.634375,1788526800000,615,hold
POC,29530.634375,1788527400000,616,hold
POC,29530.634375,1788533040000,617,break
POC,29530.634375,1788533460000,618,hold
POC,29530.634375,1788534480000,619,hold
POC,29530.634375,1788538080000,620,break
FVG,29425.125,1788447840000,621 658,break
VWAP,29579.561688096717,1788459300000,641,hold
VWAP,29579.561688096717,1788460500000,642,hold
VWAP,29579.561688096717,1788461400000,643,hold
VWAP,29579.561688096717,1788495840000,644,break
VWAP,29579.561688096717,1788504780000,645,hold
VWAP,29579.561688096717,1788525000000,646,break
VWAP,29579.561688096717,1788525600000,647,hold
VWAP,29579.561688096717,1788528180000,648,break
VWAP,29579.561688096717,1788529500000,649,hold
VWAP,29579.561688096717,1788531600000,650,hold
VWAP,29579.561688096717,1788531960000,651,hold
VWAP,29579.561688096717,1788532200000,652,break
VWAP,29579.561688096717,1788532380000,653,hold
VWAP,29579.561688096717,1788532560000,654,hold
VWAP,29579.561688096717,1788540420000,655,break
RTH-H,29585.0,1788540540000,656,hold
OR-L,29553.75,1788538800000,657,ambiguous_horizon
